id,source
ljcr-ds-10005-2624-688-10005,ljcr-difference-sets
ljcr-ds-10011-3081-948-10011,ljcr-difference-sets
ljcr-ds-10021-3841-1472-10021,ljcr-difference-sets
ljcr-ds-10043-5021-2510-10043,ljcr-difference-sets
ljcr-ds-10075-1242-153-10075,ljcr-difference-sets
ljcr-ds-1008-266-70-12-84,ljcr-difference-sets
ljcr-ds-1008-266-70-2-2-2-126,ljcr-difference-sets
ljcr-ds-1008-266-70-2-2-252,ljcr-difference-sets
ljcr-ds-1008-266-70-2-2-6-42,ljcr-difference-sets
ljcr-ds-1008-266-70-2-504,ljcr-difference-sets
ljcr-ds-1008-266-70-2-6-84,ljcr-difference-sets
ljcr-ds-1008-266-70-4-252,ljcr-difference-sets
ljcr-ds-1008-266-70-6-168,ljcr-difference-sets
ljcr-ds-10089-2328-537-10089,ljcr-difference-sets
ljcr-ds-10107-5053-2526-10107,ljcr-difference-sets
ljcr-ds-1012-337-112-1012,ljcr-difference-sets
ljcr-ds-10143-462-21-21-483,ljcr-difference-sets
ljcr-ds-10143-462-21-3-3381,ljcr-difference-sets
ljcr-ds-10143-462-21-7-1449,ljcr-difference-sets
ljcr-ds-10171-2035-407-10171,ljcr-difference-sets
ljcr-ds-10179-728-52-10179,ljcr-difference-sets
ljcr-ds-10179-728-52-3-3-1131,ljcr-difference-sets
ljcr-ds-10179-728-52-3-3393,ljcr-difference-sets
ljcr-ds-1021-340-113-1021,ljcr-difference-sets
ljcr-ds-10225-4545-2020-10225,ljcr-difference-sets
ljcr-ds-10255-5127-2563-10255,ljcr-difference-sets
ljcr-ds-10261-1216-144-10261,ljcr-difference-sets
ljcr-ds-10263-2199-471-10263,ljcr-difference-sets
ljcr-ds-1029-257-64-7-147,ljcr-difference-sets
ljcr-ds-1029-257-64-7-7-21,ljcr-difference-sets
ljcr-ds-10296-1421-196-10296,ljcr-difference-sets
ljcr-ds-10297-936-85-10297,ljcr-difference-sets
ljcr-ds-10305-4417-1893-10305,ljcr-difference-sets
ljcr-ds-10339-1723-287-10339,ljcr-difference-sets
ljcr-ds-10351-5175-2587-10351,ljcr-difference-sets
ljcr-ds-10366-3456-1152-10366,ljcr-difference-sets
ljcr-ds-10385-4544-1988-10385,ljcr-difference-sets
ljcr-ds-10431-2086-417-10431,ljcr-difference-sets
ljcr-ds-10439-4913-2312-10439,ljcr-difference-sets
ljcr-ds-10447-5223-2611-10447,ljcr-difference-sets
ljcr-ds-10465-2944-828-10465,ljcr-difference-sets
ljcr-ds-10497-1025-100-10497,ljcr-difference-sets
ljcr-ds-10499-4525-1950-10499,ljcr-difference-sets
ljcr-ds-10507-3400-1100-10507,ljcr-difference-sets
ljcr-ds-10533-2633-658-10533,ljcr-difference-sets
ljcr-ds-10539-958-87-10539,ljcr-difference-sets
ljcr-ds-10539-958-87-3-3513,ljcr-difference-sets
ljcr-ds-10543-5271-2635-10543,ljcr-difference-sets
ljcr-ds-10550-1233-144-10550,ljcr-difference-sets
ljcr-ds-10579-5289-2644-10579,ljcr-difference-sets
ljcr-ds-10587-5293-2646-10587,ljcr-difference-sets
ljcr-ds-10609-273-7-103-103,ljcr-difference-sets
ljcr-ds-10620-4551-1950-10620,ljcr-difference-sets
ljcr-ds-10711-3060-874-10711,ljcr-difference-sets
ljcr-ds-10719-3496-1140-10719,ljcr-difference-sets
ljcr-ds-10725-2681-670-10725,ljcr-difference-sets
ljcr-ds-10764-1833-312-10764,ljcr-difference-sets
ljcr-ds-10769-673-42-10769,ljcr-difference-sets
ljcr-ds-10769-673-42-11-979,ljcr-difference-sets
ljcr-ds-10791-1080-108-10791,ljcr-difference-sets
ljcr-ds-10795-4369-1768-10795,ljcr-difference-sets
ljcr-ds-10815-5407-2703-10815,ljcr-difference-sets
ljcr-ds-10821-2165-433-10821,ljcr-difference-sets
ljcr-ds-1083-541-270-19-57,ljcr-difference-sets
ljcr-ds-10837-1548-221-10837,ljcr-difference-sets
ljcr-ds-10880-4301-1700-10880,ljcr-difference-sets
ljcr-ds-10880-990-90-2-5440,ljcr-difference-sets
ljcr-ds-10880-990-90-4-2720,ljcr-difference-sets
ljcr-ds-10880-990-90-8-1360,ljcr-difference-sets
ljcr-ds-10899-5449-2724-10899,ljcr-difference-sets
ljcr-ds-10901-3925-1413-10901,ljcr-difference-sets
ljcr-ds-10923-5461-2730-10923,ljcr-difference-sets
ljcr-ds-1093-169-26-1093,ljcr-difference-sets
ljcr-ds-10989-2748-687-10989,ljcr-difference-sets
ljcr-ds-1100-315-90-10-110,ljcr-difference-sets
ljcr-ds-1100-315-90-1100,ljcr-difference-sets
ljcr-ds-1100-315-90-5-220,ljcr-difference-sets
ljcr-ds-11005-525-25-11005,ljcr-difference-sets
ljcr-ds-11011-3670-1223-11011,ljcr-difference-sets
ljcr-ds-11023-3675-1225-11023,ljcr-difference-sets
ljcr-ds-11045-4016-1460-11045,ljcr-difference-sets
ljcr-ds-11055-5527-2763-11055,ljcr-difference-sets
ljcr-ds-11081-2216-443-11081,ljcr-difference-sets
ljcr-ds-1111-111-11-1111,ljcr-difference-sets
ljcr-ds-1111-186-31-1111,ljcr-difference-sets
ljcr-ds-11141-2785-696-11141,ljcr-difference-sets
ljcr-ds-11175-1813-294-11175,ljcr-difference-sets
ljcr-ds-11181-5161-2382-11181,ljcr-difference-sets
ljcr-ds-11195-5597-2798-11195,ljcr-difference-sets
ljcr-ds-11235-5617-2808-11235,ljcr-difference-sets
ljcr-ds-1125-281-70-15-75,ljcr-difference-sets
ljcr-ds-1125-281-70-5-15-15,ljcr-difference-sets
ljcr-ds-1125-281-70-5-5-45,ljcr-difference-sets
ljcr-ds-112575-1463-19-112575,ljcr-difference-sets
ljcr-ds-11263-5631-2815-11263,ljcr-difference-sets
ljcr-ds-11286-1221-132-11286,ljcr-difference-sets
ljcr-ds-11325-3725-1225-11325,ljcr-difference-sets
ljcr-ds-11340-783-54-18-630,ljcr-difference-sets
ljcr-ds-11340-783-54-3-3-1260,ljcr-difference-sets
ljcr-ds-11340-783-54-3-6-630,ljcr-difference-sets
ljcr-ds-11340-783-54-9-1260,ljcr-difference-sets
ljcr-ds-11377-4977-2177-11377,ljcr-difference-sets
ljcr-ds-11439-1806-285-11439,ljcr-difference-sets
ljcr-ds-11440-1395-170-11440,ljcr-difference-sets
ljcr-ds-11461-3820-1273-11461,ljcr-difference-sets
ljcr-ds-11479-3826-1275-11479,ljcr-difference-sets
ljcr-ds-11525-2881-720-11525,ljcr-difference-sets
ljcr-ds-11534-608-32-11534,ljcr-difference-sets
ljcr-ds-11543-1393-168-11543,ljcr-difference-sets
ljcr-ds-1156-561-272-17-68,ljcr-difference-sets
ljcr-ds-1156-561-272-34-34,ljcr-difference-sets
ljcr-ds-11571-1691-247-11571,ljcr-difference-sets
ljcr-ds-1161-465-186-3-3-129,ljcr-difference-sets
ljcr-ds-1161-465-186-3-387,ljcr-difference-sets
ljcr-ds-11628-3927-1326-11628,ljcr-difference-sets
ljcr-ds-11704-3901-1300-11704,ljcr-difference-sets
ljcr-ds-11749-1068-97-11749,ljcr-difference-sets
ljcr-ds-11753-2600-575-11753,ljcr-difference-sets
ljcr-ds-11811-1181-118-11811,ljcr-difference-sets
ljcr-ds-11811-5905-2952-11811,ljcr-difference-sets
ljcr-ds-1183-394-131-13-91,ljcr-difference-sets
ljcr-ds-11831-2366-473-11831,ljcr-difference-sets
ljcr-ds-1189-297-74-1189,ljcr-difference-sets
ljcr-ds-1191-511-219-1191,ljcr-difference-sets
ljcr-ds-11911-1191-119-11911,ljcr-difference-sets
ljcr-ds-11915-5957-2978-11915,ljcr-difference-sets
ljcr-ds-11921-2385-477-11921,ljcr-difference-sets
ljcr-ds-11935-2431-495-11935,ljcr-difference-sets
ljcr-ds-11951-2151-387-11951,ljcr-difference-sets
ljcr-ds-11951-3825-1224-11951,ljcr-difference-sets
ljcr-ds-1197-208-36-1197,ljcr-difference-sets
ljcr-ds-1197-208-36-3-399,ljcr-difference-sets
ljcr-ds-1197-300-75-3-399,ljcr-difference-sets
ljcr-ds-1200-110-10-10-120,ljcr-difference-sets
ljcr-ds-1200-110-10-2-10-60,ljcr-difference-sets
ljcr-ds-1200-110-10-2-2-300,ljcr-difference-sets
ljcr-ds-1200-110-10-20-60,ljcr-difference-sets
ljcr-ds-1200-110-10-4-300,ljcr-difference-sets
ljcr-ds-12009-1976-325-12009,ljcr-difference-sets
ljcr-ds-12052-2575-550-12052,ljcr-difference-sets
ljcr-ds-12059-6029-3014-12059,ljcr-difference-sets
ljcr-ds-12061-4356-1573-12061,ljcr-difference-sets
ljcr-ds-12099-1841-280-12099,ljcr-difference-sets
ljcr-ds-12099-6049-3024-12099,ljcr-difference-sets
ljcr-ds-12104-5929-2904-12104,ljcr-difference-sets
ljcr-ds-12122-5797-2772-12122,ljcr-difference-sets
ljcr-ds-12127-2538-531-12127,ljcr-difference-sets
ljcr-ds-12131-6065-3032-12131,ljcr-difference-sets
ljcr-ds-12141-1821-273-12141,ljcr-difference-sets
ljcr-ds-12147-6073-3036-12147,ljcr-difference-sets
ljcr-ds-12151-4375-1575-12151,ljcr-difference-sets
ljcr-ds-12155-5665-2640-12155,ljcr-difference-sets
ljcr-ds-12167-869-62-23-23-23,ljcr-difference-sets
ljcr-ds-12181-4060-1353-12181,ljcr-difference-sets
ljcr-ds-12208-3757-1156-12208,ljcr-difference-sets
ljcr-ds-1221-245-49-1221,ljcr-difference-sets
ljcr-ds-1221-305-76-1221,ljcr-difference-sets
ljcr-ds-1222-297-72-1222,ljcr-difference-sets
ljcr-ds-12221-5265-2268-12221,ljcr-difference-sets
ljcr-ds-1225-136-15-35-35,ljcr-difference-sets
ljcr-ds-1225-136-15-5-245,ljcr-difference-sets
ljcr-ds-1225-136-15-7-175,ljcr-difference-sets
ljcr-ds-12265-5257-2253-12265,ljcr-difference-sets
ljcr-ds-12275-6137-3068-12275,ljcr-difference-sets
ljcr-ds-12285-3072-768-12285,ljcr-difference-sets
ljcr-ds-12285-333-9-12285,ljcr-difference-sets
ljcr-ds-12285-333-9-3-3-1365,ljcr-difference-sets
ljcr-ds-12285-333-9-3-4095,ljcr-difference-sets
ljcr-ds-12403-4824-1876-12403,ljcr-difference-sets
ljcr-ds-12429-3108-777-12429,ljcr-difference-sets
ljcr-ds-12445-5185-2160-12445,ljcr-difference-sets
ljcr-ds-12465-2337-438-12465,ljcr-difference-sets
ljcr-ds-12481-2496-499-12481,ljcr-difference-sets
ljcr-ds-12481-4096-1344-12481,ljcr-difference-sets
ljcr-ds-12483-6241-3120-12483,ljcr-difference-sets
ljcr-ds-1251-625-312-3-417,ljcr-difference-sets
ljcr-ds-12529-5104-2079-12529,ljcr-difference-sets
ljcr-ds-12537-1568-196-12537,ljcr-difference-sets
ljcr-ds-12541-1881-282-12541,ljcr-difference-sets
ljcr-ds-12559-4186-1395-12559,ljcr-difference-sets
ljcr-ds-12595-4198-1399-12595,ljcr-difference-sets
ljcr-ds-12607-6303-3151-12607,ljcr-difference-sets
ljcr-ds-12649-2449-474-12649,ljcr-difference-sets
ljcr-ds-12651-6325-3162-12651,ljcr-difference-sets
ljcr-ds-12656-2531-506-12656,ljcr-difference-sets
ljcr-ds-12711-2666-559-12711,ljcr-difference-sets
ljcr-ds-12741-3185-796-12741,ljcr-difference-sets
ljcr-ds-12781-2556-511-12781,ljcr-difference-sets
ljcr-ds-12805-4753-1764-12805,ljcr-difference-sets
ljcr-ds-12851-1800-252-12851,ljcr-difference-sets
ljcr-ds-1288-352-96-1288,ljcr-difference-sets
ljcr-ds-1288-352-96-2-2-322,ljcr-difference-sets
ljcr-ds-1288-352-96-2-644,ljcr-difference-sets
ljcr-ds-12881-2576-515-12881,ljcr-difference-sets
ljcr-ds-12883-4408-1508-12883,ljcr-difference-sets
ljcr-ds-1289-553-237-1289,ljcr-difference-sets
ljcr-ds-12901-5376-2240-12901,ljcr-difference-sets
ljcr-ds-12905-4840-1815-12905,ljcr-difference-sets
ljcr-ds-12915-1761-240-12915,ljcr-difference-sets
ljcr-ds-1293-324-81-1293,ljcr-difference-sets
ljcr-ds-12959-6138-2907-12959,ljcr-difference-sets
ljcr-ds-1296-630-306-18-72,ljcr-difference-sets
ljcr-ds-1296-630-306-2-18-36,ljcr-difference-sets
ljcr-ds-1296-630-306-2-2-18-18,ljcr-difference-sets
ljcr-ds-1296-630-306-2-6-6-18,ljcr-difference-sets
ljcr-ds-1296-630-306-3-12-36,ljcr-difference-sets
ljcr-ds-1296-630-306-3-3-12-12,ljcr-difference-sets
ljcr-ds-1296-630-306-3-3-6-24,ljcr-difference-sets
ljcr-ds-1296-630-306-3-6-6-12,ljcr-difference-sets
ljcr-ds-1296-630-306-3-6-72,ljcr-difference-sets
ljcr-ds-1296-630-306-36-36,ljcr-difference-sets
ljcr-ds-1296-630-306-6-216,ljcr-difference-sets
ljcr-ds-1296-630-306-6-6-36,ljcr-difference-sets
ljcr-ds-1296-630-306-6-6-6-6,ljcr-difference-sets
ljcr-ds-12989-4012-1239-12989,ljcr-difference-sets
ljcr-ds-12995-6497-3248-12995,ljcr-difference-sets
ljcr-ds-12997-3249-812-12997,ljcr-difference-sets
ljcr-ds-13039-5248-2112-13039,ljcr-difference-sets
ljcr-ds-13071-6535-3267-13071,ljcr-difference-sets
ljcr-ds-13077-1401-150-13077,ljcr-difference-sets
ljcr-ds-13091-715-39-13091,ljcr-difference-sets
ljcr-ds-1313-288-63-1313,ljcr-difference-sets
ljcr-ds-13131-6565-3282-13131,ljcr-difference-sets
ljcr-ds-13156-1755-234-13156,ljcr-difference-sets
ljcr-ds-13167-6583-3291-13167,ljcr-difference-sets
ljcr-ds-13171-4390-1463-13171,ljcr-difference-sets
ljcr-ds-13175-4705-1680-13175,ljcr-difference-sets
ljcr-ds-13189-4396-1465-13189,ljcr-difference-sets
ljcr-ds-13201-4225-1352-13201,ljcr-difference-sets
ljcr-ds-13203-6601-3300-13203,ljcr-difference-sets
ljcr-ds-13211-6605-3302-13211,ljcr-difference-sets
ljcr-ds-13221-2645-529-13221,ljcr-difference-sets
ljcr-ds-13227-6613-3306-13227,ljcr-difference-sets
ljcr-ds-1323-661-330-21-63,ljcr-difference-sets
ljcr-ds-1323-661-330-3-21-21,ljcr-difference-sets
ljcr-ds-1323-661-330-3-3-147,ljcr-difference-sets
ljcr-ds-1323-661-330-7-189,ljcr-difference-sets
ljcr-ds-13244-4675-1650-13244,ljcr-difference-sets
ljcr-ds-13251-6625-3312-13251,ljcr-difference-sets
ljcr-ds-13263-6631-3315-13263,ljcr-difference-sets
ljcr-ds-13266-5685-2436-13266,ljcr-difference-sets
ljcr-ds-13300-1365-140-13300,ljcr-difference-sets
ljcr-ds-1331-190-27-11-121,ljcr-difference-sets
ljcr-ds-1331-210-33-11-121,ljcr-difference-sets
ljcr-ds-1331-266-53-11-121,ljcr-difference-sets
ljcr-ds-1331-665-332-11-121,ljcr-difference-sets
ljcr-ds-13333-3333-833-13333,ljcr-difference-sets
ljcr-ds-13371-6685-3342-13371,ljcr-difference-sets
ljcr-ds-13420-2485-460-13420,ljcr-difference-sets
ljcr-ds-13427-6713-3356-13427,ljcr-difference-sets
ljcr-ds-13433-4600-1575-13433,ljcr-difference-sets
ljcr-ds-1344-238-42-2-2-336,ljcr-difference-sets
ljcr-ds-1344-238-42-2-672,ljcr-difference-sets
ljcr-ds-1344-238-42-4-336,ljcr-difference-sets
ljcr-ds-13455-6727-3363-13455,ljcr-difference-sets
ljcr-ds-13471-6286-2933-13471,ljcr-difference-sets
ljcr-ds-13490-5453-2204-13490,ljcr-difference-sets
ljcr-ds-1350-285-60-3-15-30,ljcr-difference-sets
ljcr-ds-13503-6751-3375-13503,ljcr-difference-sets
ljcr-ds-1353-169-21-1353,ljcr-difference-sets
ljcr-ds-13530-4565-1540-13530,ljcr-difference-sets
ljcr-ds-135387-974-7-135387,ljcr-difference-sets
ljcr-ds-135387-974-7-21-6447,ljcr-difference-sets
ljcr-ds-135387-974-7-3-45129,ljcr-difference-sets
ljcr-ds-135387-974-7-7-19341,ljcr-difference-sets
ljcr-ds-13587-6793-3396-13587,ljcr-difference-sets
ljcr-ds-13612-4537-1512-13612,ljcr-difference-sets
ljcr-ds-13637-3409-852-13637,ljcr-difference-sets
ljcr-ds-13640-5337-2088-13640,ljcr-difference-sets
ljcr-ds-13643-6821-3410-13643,ljcr-difference-sets
ljcr-ds-13647-6823-3411-13647,ljcr-difference-sets
ljcr-ds-13663-5589-2286-13663,ljcr-difference-sets
ljcr-ds-13695-4510-1485-13695,ljcr-difference-sets
ljcr-ds-13699-6849-3424-13699,ljcr-difference-sets
ljcr-ds-13717-5589-2277-13717,ljcr-difference-sets
ljcr-ds-13735-5887-2523-13735,ljcr-difference-sets
ljcr-ds-1375-229-38-5-275,ljcr-difference-sets
ljcr-ds-1375-229-38-5-5-55,ljcr-difference-sets
ljcr-ds-13805-2465-440-13805,ljcr-difference-sets
ljcr-ds-13823-6911-3455-13823,ljcr-difference-sets
ljcr-ds-13869-3468-867-13869,ljcr-difference-sets
ljcr-ds-1387-154-17-1387,ljcr-difference-sets
ljcr-ds-13887-6943-3471-13887,ljcr-difference-sets
ljcr-ds-13893-2416-420-13893,ljcr-difference-sets
ljcr-ds-13923-6961-3480-13923,ljcr-difference-sets
ljcr-ds-13993-3817-1041-13993,ljcr-difference-sets
ljcr-ds-14003-7001-3500-14003,ljcr-difference-sets
ljcr-ds-14008-3451-850-14008,ljcr-difference-sets
ljcr-ds-14043-7021-3510-14043,ljcr-difference-sets
ljcr-ds-1408-336-80-2-2-2-2-2-44,ljcr-difference-sets
ljcr-ds-1408-336-80-2-2-2-2-88,ljcr-difference-sets
ljcr-ds-1408-336-80-2-2-2-4-44,ljcr-difference-sets
ljcr-ds-1408-336-80-2-2-4-88,ljcr-difference-sets
ljcr-ds-1408-336-80-2-4-4-44,ljcr-difference-sets
ljcr-ds-1408-336-80-2-8-88,ljcr-difference-sets
ljcr-ds-1408-336-80-4-4-88,ljcr-difference-sets
ljcr-ds-14163-7081-3540-14163,ljcr-difference-sets
ljcr-ds-14181-2836-567-14181,ljcr-difference-sets
ljcr-ds-14191-7095-3547-14191,ljcr-difference-sets
ljcr-ds-14193-6209-2716-14193,ljcr-difference-sets
ljcr-ds-14231-2846-569-14231,ljcr-difference-sets
ljcr-ds-14245-1188-99-14245,ljcr-difference-sets
ljcr-ds-14291-7145-3572-14291,ljcr-difference-sets
ljcr-ds-14309-3577-894-14309,ljcr-difference-sets
ljcr-ds-1431-495-171-3-3-159,ljcr-difference-sets
ljcr-ds-14329-1792-224-14329,ljcr-difference-sets
ljcr-ds-14341-4780-1593-14341,ljcr-difference-sets
ljcr-ds-14371-2395-399-14371,ljcr-difference-sets
ljcr-ds-14399-7199-3599-14399,ljcr-difference-sets
ljcr-ds-14421-2576-460-14421,ljcr-difference-sets
ljcr-ds-14421-3605-901-14421,ljcr-difference-sets
ljcr-ds-14421-6181-2649-14421,ljcr-difference-sets
ljcr-ds-1444-703-342-19-76,ljcr-difference-sets
ljcr-ds-1444-703-342-38-38,ljcr-difference-sets
ljcr-ds-14469-3617-904-14469,ljcr-difference-sets
ljcr-ds-14476-1351-126-14476,ljcr-difference-sets
ljcr-ds-14491-7245-3622-14491,ljcr-difference-sets
ljcr-ds-14511-7255-3627-14511,ljcr-difference-sets
ljcr-ds-14527-7263-3631-14527,ljcr-difference-sets
ljcr-ds-14535-4902-1653-14535,ljcr-difference-sets
ljcr-ds-14555-2299-363-14555,ljcr-difference-sets
ljcr-ds-14559-6526-2925-14559,ljcr-difference-sets
ljcr-ds-1456-486-162-2-2-2-182,ljcr-difference-sets
ljcr-ds-1456-486-162-2-2-364,ljcr-difference-sets
ljcr-ds-1456-486-162-2-728,ljcr-difference-sets
ljcr-ds-1456-486-162-4-364,ljcr-difference-sets
ljcr-ds-14565-3641-910-14565,ljcr-difference-sets
ljcr-ds-14575-7287-3643-14575,ljcr-difference-sets
ljcr-ds-14589-6252-2679-14589,ljcr-difference-sets
ljcr-ds-14607-6432-2832-14607,ljcr-difference-sets
ljcr-ds-14623-7311-3655-14623,ljcr-difference-sets
ljcr-ds-14641-976-65-121-121,ljcr-difference-sets
ljcr-ds-14643-7321-3660-14643,ljcr-difference-sets
ljcr-ds-1467-733-366-3-489,ljcr-difference-sets
ljcr-ds-14691-1470-147-14691,ljcr-difference-sets
ljcr-ds-14725-6544-2908-14725,ljcr-difference-sets
ljcr-ds-1473-576-225-1473,ljcr-difference-sets
ljcr-ds-1475-737-368-5-295,ljcr-difference-sets
ljcr-ds-14807-3366-765-14807,ljcr-difference-sets
ljcr-ds-14820-4235-1210-14820,ljcr-difference-sets
ljcr-ds-1485-372-93-3-3-165,ljcr-difference-sets
ljcr-ds-1485-372-93-3-495,ljcr-difference-sets
ljcr-ds-1485-477-153-3-3-165,ljcr-difference-sets
ljcr-ds-1485-477-153-3-495,ljcr-difference-sets
ljcr-ds-14885-3721-930-14885,ljcr-difference-sets
ljcr-ds-14912-962-62-2-7456,ljcr-difference-sets
ljcr-ds-14912-962-62-4-3728,ljcr-difference-sets
ljcr-ds-14912-962-62-8-1864,ljcr-difference-sets
ljcr-ds-14917-4521-1370-14917,ljcr-difference-sets
ljcr-ds-14925-820-45-14925,ljcr-difference-sets
ljcr-ds-14925-820-45-5-2985,ljcr-difference-sets
ljcr-ds-14941-7056-3332-14941,ljcr-difference-sets
ljcr-ds-14949-3737-934-14949,ljcr-difference-sets
ljcr-ds-14976-600-24-12-1248,ljcr-difference-sets
ljcr-ds-14976-600-24-2-12-624,ljcr-difference-sets
ljcr-ds-14976-600-24-2-2-12-312,ljcr-difference-sets
ljcr-ds-14976-600-24-2-2-2-12-156,ljcr-difference-sets
ljcr-ds-14976-600-24-2-2-2-1872,ljcr-difference-sets
ljcr-ds-14976-600-24-2-2-2-2-6-156,ljcr-difference-sets
ljcr-ds-14976-600-24-2-2-2-2-936,ljcr-difference-sets
ljcr-ds-14976-600-24-2-2-2-6-312,ljcr-difference-sets
ljcr-ds-14976-600-24-2-2-3744,ljcr-difference-sets
ljcr-ds-14976-600-24-2-2-4-936,ljcr-difference-sets
ljcr-ds-14976-600-24-2-2-6-624,ljcr-difference-sets
ljcr-ds-14976-600-24-2-24-312,ljcr-difference-sets
ljcr-ds-14976-600-24-2-4-12-156,ljcr-difference-sets
ljcr-ds-14976-600-24-2-4-1872,ljcr-difference-sets
ljcr-ds-14976-600-24-2-6-1248,ljcr-difference-sets
ljcr-ds-14976-600-24-2-8-936,ljcr-difference-sets
ljcr-ds-14976-600-24-24-624,ljcr-difference-sets
ljcr-ds-14976-600-24-4-12-312,ljcr-difference-sets
ljcr-ds-14976-600-24-4-3744,ljcr-difference-sets
ljcr-ds-14976-600-24-4-4-936,ljcr-difference-sets
ljcr-ds-14976-600-24-6-2496,ljcr-difference-sets
ljcr-ds-14976-600-24-8-1872,ljcr-difference-sets
ljcr-ds-14981-3745-936-14981,ljcr-difference-sets
ljcr-ds-14997-3749-937-14997,ljcr-difference-sets
ljcr-ds-15001-5001-1667-15001,ljcr-difference-sets
ljcr-ds-15007-7381-3630-15007,ljcr-difference-sets
ljcr-ds-15021-3756-939-15021,ljcr-difference-sets
ljcr-ds-15023-7511-3755-15023,ljcr-difference-sets
ljcr-ds-15043-5451-1975-15043,ljcr-difference-sets
ljcr-ds-15051-5075-1711-15051,ljcr-difference-sets
ljcr-ds-15065-1345-120-15065,ljcr-difference-sets
ljcr-ds-15093-1716-195-15093,ljcr-difference-sets
ljcr-ds-15109-3777-944-15109,ljcr-difference-sets
ljcr-ds-15159-5512-2004-15159,ljcr-difference-sets
ljcr-ds-15169-6400-2700-15169,ljcr-difference-sets
ljcr-ds-1519-231-35-7-217,ljcr-difference-sets
ljcr-ds-1519-253-42-7-217,ljcr-difference-sets
ljcr-ds-1521-305-61-13-117,ljcr-difference-sets
ljcr-ds-1521-305-61-3-507,ljcr-difference-sets
ljcr-ds-1521-305-61-39-39,ljcr-difference-sets
ljcr-ds-15237-3809-952-15237,ljcr-difference-sets
ljcr-ds-15241-1905-238-15241,ljcr-difference-sets
ljcr-ds-15253-3937-1016-15253,ljcr-difference-sets
ljcr-ds-15337-568-21-15337,ljcr-difference-sets
ljcr-ds-15337-568-21-7-2191,ljcr-difference-sets
ljcr-ds-15345-960-60-15345,ljcr-difference-sets
ljcr-ds-15345-960-60-3-5115,ljcr-difference-sets
ljcr-ds-15397-3849-962-15397,ljcr-difference-sets
ljcr-ds-15407-7703-3851-15407,ljcr-difference-sets
ljcr-ds-15409-4816-1505-15409,ljcr-difference-sets
ljcr-ds-15409-6849-3044-15409,ljcr-difference-sets
ljcr-ds-15466-4125-1100-15466,ljcr-difference-sets
ljcr-ds-15487-2581-430-15487,ljcr-difference-sets
ljcr-ds-15515-7757-3878-15515,ljcr-difference-sets
ljcr-ds-15539-4114-1089-15539,ljcr-difference-sets
ljcr-ds-15573-4352-1216-15573,ljcr-difference-sets
ljcr-ds-15600-4105-1080-15600,ljcr-difference-sets
ljcr-ds-1561-105-7-1561,ljcr-difference-sets
ljcr-ds-15625-280-5-125-125,ljcr-difference-sets
ljcr-ds-15625-280-5-25-25-25,ljcr-difference-sets
ljcr-ds-15625-280-5-25-625,ljcr-difference-sets
ljcr-ds-15625-280-5-5-25-125,ljcr-difference-sets
ljcr-ds-15625-280-5-5-5-25-25,ljcr-difference-sets
ljcr-ds-15625-280-5-5-5-5-125,ljcr-difference-sets
ljcr-ds-15625-280-5-5-5-5-5-25,ljcr-difference-sets
ljcr-ds-15625-280-5-5-5-5-5-5-5,ljcr-difference-sets
ljcr-ds-15625-280-5-5-5-625,ljcr-difference-sets
ljcr-ds-15627-7813-3906-15627,ljcr-difference-sets
ljcr-ds-15631-7815-3907-15631,ljcr-difference-sets
ljcr-ds-15655-5218-1739-15655,ljcr-difference-sets
ljcr-ds-15664-5221-1740-15664,ljcr-difference-sets
ljcr-ds-15693-3924-981-15693,ljcr-difference-sets
ljcr-ds-15709-3213-657-15709,ljcr-difference-sets
ljcr-ds-15771-3155-631-15771,ljcr-difference-sets
ljcr-ds-15799-5266-1755-15799,ljcr-difference-sets
ljcr-ds-15808-958-58-2-7904,ljcr-difference-sets
ljcr-ds-15808-958-58-4-3952,ljcr-difference-sets
ljcr-ds-15808-958-58-8-1976,ljcr-difference-sets
ljcr-ds-15811-2635-439-15811,ljcr-difference-sets
ljcr-ds-15851-7925-3962-15851,ljcr-difference-sets
ljcr-ds-15855-7927-3963-15855,ljcr-difference-sets
ljcr-ds-15885-1805-205-15885,ljcr-difference-sets
ljcr-ds-15939-4291-1155-15939,ljcr-difference-sets
ljcr-ds-15951-7975-3987-15951,ljcr-difference-sets
ljcr-ds-15981-3196-639-15981,ljcr-difference-sets
ljcr-ds-1600-780-380-2-10-80,ljcr-difference-sets
ljcr-ds-1600-780-380-2-20-40,ljcr-difference-sets
ljcr-ds-1600-780-380-2-4-200,ljcr-difference-sets
ljcr-ds-1600-780-380-20-80,ljcr-difference-sets
ljcr-ds-1600-780-380-4-20-20,ljcr-difference-sets
ljcr-ds-1600-780-380-4-4-100,ljcr-difference-sets
ljcr-ds-1600-780-380-40-40,ljcr-difference-sets
ljcr-ds-1600-780-380-8-200,ljcr-difference-sets
ljcr-ds-16009-2553-407-16009,ljcr-difference-sets
ljcr-ds-1611-805-402-3-537,ljcr-difference-sets
ljcr-ds-16133-4033-1008-16133,ljcr-difference-sets
ljcr-ds-16143-8071-4035-16143,ljcr-difference-sets
ljcr-ds-1615-270-45-1615,ljcr-difference-sets
ljcr-ds-16163-8081-4040-16163,ljcr-difference-sets
ljcr-ds-16201-2025-253-16201,ljcr-difference-sets
ljcr-ds-16207-8103-4051-16207,ljcr-difference-sets
ljcr-ds-16231-4870-1461-16231,ljcr-difference-sets
ljcr-ds-16259-4434-1209-16259,ljcr-difference-sets
ljcr-ds-1629-297-54-3-543,ljcr-difference-sets
ljcr-ds-1629-704-304-1629,ljcr-difference-sets
ljcr-ds-1629-704-304-3-543,ljcr-difference-sets
ljcr-ds-16291-8145-4072-16291,ljcr-difference-sets
ljcr-ds-16297-6888-2911-16297,ljcr-difference-sets
ljcr-ds-16299-8149-4074-16299,ljcr-difference-sets
ljcr-ds-1632-700-300-2-2-2-204,ljcr-difference-sets
ljcr-ds-1632-700-300-2-2-408,ljcr-difference-sets
ljcr-ds-1632-700-300-2-4-204,ljcr-difference-sets
ljcr-ds-1632-700-300-2-816,ljcr-difference-sets
ljcr-ds-1632-700-300-4-408,ljcr-difference-sets
ljcr-ds-16331-2485-378-16331,ljcr-difference-sets
ljcr-ds-163603-1342-11-163603,ljcr-difference-sets
ljcr-ds-16380-4467-1218-16380,ljcr-difference-sets
ljcr-ds-16381-7281-3236-16381,ljcr-difference-sets
ljcr-ds-16387-2731-455-16387,ljcr-difference-sets
ljcr-ds-16457-2057-257-16457,ljcr-difference-sets
ljcr-ds-16461-4116-1029-16461,ljcr-difference-sets
ljcr-ds-16461-6585-2634-16461,ljcr-difference-sets
ljcr-ds-1647-823-411-3-3-183,ljcr-difference-sets
ljcr-ds-1647-823-411-3-549,ljcr-difference-sets
ljcr-ds-16479-7063-3027-16479,ljcr-difference-sets
ljcr-ds-16511-4446-1197-16511,ljcr-difference-sets
ljcr-ds-16531-7221-3154-16531,ljcr-difference-sets
ljcr-ds-16592-706-30-2-2-2-2074,ljcr-difference-sets
ljcr-ds-16592-706-30-2-2-4148,ljcr-difference-sets
ljcr-ds-16592-706-30-2-8296,ljcr-difference-sets
ljcr-ds-16592-706-30-4-4148,ljcr-difference-sets
ljcr-ds-16639-5782-2009-16639,ljcr-difference-sets
ljcr-ds-16663-5554-1851-16663,ljcr-difference-sets
ljcr-ds-16667-8333-4166-16667,ljcr-difference-sets
ljcr-ds-16681-5560-1853-16681,ljcr-difference-sets
ljcr-ds-16721-2641-417-16721,ljcr-difference-sets
ljcr-ds-16721-3136-588-16721,ljcr-difference-sets
ljcr-ds-16725-4181-1045-16725,ljcr-difference-sets
ljcr-ds-16771-3225-620-16771,ljcr-difference-sets
ljcr-ds-16777-1864-207-16777,ljcr-difference-sets
ljcr-ds-16874-3949-924-16874,ljcr-difference-sets
ljcr-ds-16875-650-25-15-15-75,ljcr-difference-sets
ljcr-ds-16875-650-25-25-675,ljcr-difference-sets
ljcr-ds-16875-650-25-3-75-75,ljcr-difference-sets
ljcr-ds-16875-650-25-5-15-225,ljcr-difference-sets
ljcr-ds-16875-650-25-5-5-675,ljcr-difference-sets
ljcr-ds-16875-650-25-75-225,ljcr-difference-sets
ljcr-ds-16899-6461-2470-16899,ljcr-difference-sets
ljcr-ds-16911-8455-4227-16911,ljcr-difference-sets
ljcr-ds-16965-4241-1060-16965,ljcr-difference-sets
ljcr-ds-17007-8503-4251-17007,ljcr-difference-sets
ljcr-ds-17017-7800-3575-17017,ljcr-difference-sets
ljcr-ds-17040-7745-3520-17040,ljcr-difference-sets
ljcr-ds-1705-640-240-1705,ljcr-difference-sets
ljcr-ds-17071-3415-683-17071,ljcr-difference-sets
ljcr-ds-17071-8535-4267-17071,ljcr-difference-sets
ljcr-ds-17083-8541-4270-17083,ljcr-difference-sets
ljcr-ds-17095-3367-663-17095,ljcr-difference-sets
ljcr-ds-17143-8571-4285-17143,ljcr-difference-sets
ljcr-ds-17157-4289-1072-17157,ljcr-difference-sets
ljcr-ds-17161-936-51-131-131,ljcr-difference-sets
ljcr-ds-17163-8581-4290-17163,ljcr-difference-sets
ljcr-ds-17173-2916-495-17173,ljcr-difference-sets
ljcr-ds-17211-8605-4302-17211,ljcr-difference-sets
ljcr-ds-1728-628-228-12-144,ljcr-difference-sets
ljcr-ds-1728-628-228-2-12-72,ljcr-difference-sets
ljcr-ds-1728-628-228-2-2-2-216,ljcr-difference-sets
ljcr-ds-1728-628-228-2-2-6-72,ljcr-difference-sets
ljcr-ds-1728-628-228-2-4-216,ljcr-difference-sets
ljcr-ds-1728-628-228-2-6-144,ljcr-difference-sets
ljcr-ds-1728-628-228-2-6-6-24,ljcr-difference-sets
ljcr-ds-1728-628-228-24-72,ljcr-difference-sets
ljcr-ds-1728-628-228-3-12-48,ljcr-difference-sets
ljcr-ds-1728-628-228-3-24-24,ljcr-difference-sets
ljcr-ds-1728-628-228-6-12-24,ljcr-difference-sets
ljcr-ds-1728-628-228-6-6-48,ljcr-difference-sets
ljcr-ds-1728-628-228-8-216,ljcr-difference-sets
ljcr-ds-17301-4325-1081-17301,ljcr-difference-sets
ljcr-ds-17319-3711-795-17319,ljcr-difference-sets
ljcr-ds-17329-5776-1925-17329,ljcr-difference-sets
ljcr-ds-17347-3186-585-17347,ljcr-difference-sets
ljcr-ds-17391-5735-1891-17391,ljcr-difference-sets
ljcr-ds-17395-2899-483-17395,ljcr-difference-sets
ljcr-ds-17423-8711-4355-17423,ljcr-difference-sets
ljcr-ds-17425-1089-68-17425,ljcr-difference-sets
ljcr-ds-17445-4361-1090-17445,ljcr-difference-sets
ljcr-ds-17451-8376-4020-17451,ljcr-difference-sets
ljcr-ds-17459-5075-1475-17459,ljcr-difference-sets
ljcr-ds-17461-2620-393-17461,ljcr-difference-sets
ljcr-ds-17461-8245-3893-17461,ljcr-difference-sets
ljcr-ds-17480-3179-578-17480,ljcr-difference-sets
ljcr-ds-17487-8743-4371-17487,ljcr-difference-sets
ljcr-ds-17497-6561-2460-17497,ljcr-difference-sets
ljcr-ds-1750-265-40-5-5-70,ljcr-difference-sets
ljcr-ds-17601-3201-582-17601,ljcr-difference-sets
ljcr-ds-17613-1037-61-17613,ljcr-difference-sets
ljcr-ds-17613-1037-61-3-5871,ljcr-difference-sets
ljcr-ds-1764-861-420-21-84,ljcr-difference-sets
ljcr-ds-1764-861-420-3-588,ljcr-difference-sets
ljcr-ds-1764-861-420-42-42,ljcr-difference-sets
ljcr-ds-1764-861-420-6-294,ljcr-difference-sets
ljcr-ds-17647-8823-4411-17647,ljcr-difference-sets
ljcr-ds-17671-4960-1392-17671,ljcr-difference-sets
ljcr-ds-17675-8837-4418-17675,ljcr-difference-sets
ljcr-ds-1768-837-396-1768,ljcr-difference-sets
ljcr-ds-1768-837-396-2-884,ljcr-difference-sets
ljcr-ds-1773-444-111-3-591,ljcr-difference-sets
ljcr-ds-17743-8871-4435-17743,ljcr-difference-sets
ljcr-ds-17761-5920-1973-17761,ljcr-difference-sets
ljcr-ds-17763-4067-931-17763,ljcr-difference-sets
ljcr-ds-17803-8901-4450-17803,ljcr-difference-sets
ljcr-ds-17811-8905-4452-17811,ljcr-difference-sets
ljcr-ds-17829-4457-1114-17829,ljcr-difference-sets
ljcr-ds-17831-3566-713-17831,ljcr-difference-sets
ljcr-ds-1785-224-28-1785,ljcr-difference-sets
ljcr-ds-17860-5953-1984-17860,ljcr-difference-sets
ljcr-ds-17871-8935-4467-17871,ljcr-difference-sets
ljcr-ds-1791-895-447-3-597,ljcr-difference-sets
ljcr-ds-17955-8977-4488-17955,ljcr-difference-sets
ljcr-ds-17967-8983-4491-17967,ljcr-difference-sets
ljcr-ds-1800-771-330-15-120,ljcr-difference-sets
ljcr-ds-1800-771-330-1800,ljcr-difference-sets
ljcr-ds-1800-771-330-2-30-30,ljcr-difference-sets
ljcr-ds-1800-771-330-2-6-150,ljcr-difference-sets
ljcr-ds-1800-771-330-3-600,ljcr-difference-sets
ljcr-ds-1800-771-330-30-60,ljcr-difference-sets
ljcr-ds-1800-771-330-5-360,ljcr-difference-sets
ljcr-ds-1800-771-330-6-300,ljcr-difference-sets
ljcr-ds-1801-225-28-1801,ljcr-difference-sets
ljcr-ds-18063-2464-336-18063,ljcr-difference-sets
ljcr-ds-18095-7304-2948-18095,ljcr-difference-sets
ljcr-ds-18096-6721-2496-18096,ljcr-difference-sets
ljcr-ds-18099-9049-4524-18099,ljcr-difference-sets
ljcr-ds-18121-2265-283-18121,ljcr-difference-sets
ljcr-ds-18151-9075-4537-18151,ljcr-difference-sets
ljcr-ds-18163-1009-56-18163,ljcr-difference-sets
ljcr-ds-18187-6496-2320-18187,ljcr-difference-sets
ljcr-ds-18189-4548-1137-18189,ljcr-difference-sets
ljcr-ds-18237-3008-496-18237,ljcr-difference-sets
ljcr-ds-18261-7305-2922-18261,ljcr-difference-sets
ljcr-ds-18267-9133-4566-18267,ljcr-difference-sets
ljcr-ds-18321-3665-733-18321,ljcr-difference-sets
ljcr-ds-18331-6345-2196-18331,ljcr-difference-sets
ljcr-ds-18351-9175-4587-18351,ljcr-difference-sets
ljcr-ds-1836-735-294-3-3-204,ljcr-difference-sets
ljcr-ds-1836-735-294-3-6-102,ljcr-difference-sets
ljcr-ds-1836-735-294-3-612,ljcr-difference-sets
ljcr-ds-1836-735-294-6-306,ljcr-difference-sets
ljcr-ds-18363-9181-4590-18363,ljcr-difference-sets
ljcr-ds-18403-3067-511-18403,ljcr-difference-sets
ljcr-ds-18415-9207-4603-18415,ljcr-difference-sets
ljcr-ds-18441-2305-288-18441,ljcr-difference-sets
ljcr-ds-18447-9223-4611-18447,ljcr-difference-sets
ljcr-ds-1849-561-170-43-43,ljcr-difference-sets
ljcr-ds-18501-4625-1156-18501,ljcr-difference-sets
ljcr-ds-18507-3896-820-18507,ljcr-difference-sets
ljcr-ds-18507-9253-4626-18507,ljcr-difference-sets
ljcr-ds-18538-6513-2288-18538,ljcr-difference-sets
ljcr-ds-18571-9285-4642-18571,ljcr-difference-sets
ljcr-ds-18585-6969-2613-18585,ljcr-difference-sets
ljcr-ds-18681-1401-105-18681,ljcr-difference-sets
ljcr-ds-18723-9361-4680-18723,ljcr-difference-sets
ljcr-ds-18733-1561-130-18733,ljcr-difference-sets
ljcr-ds-18735-9367-4683-18735,ljcr-difference-sets
ljcr-ds-18747-9373-4686-18747,ljcr-difference-sets
ljcr-ds-18755-9377-4688-18755,ljcr-difference-sets
ljcr-ds-18762-6425-2200-18762,ljcr-difference-sets
ljcr-ds-1881-705-264-1881,ljcr-difference-sets
ljcr-ds-1881-705-264-3-627,ljcr-difference-sets
ljcr-ds-1886-261-36-1886,ljcr-difference-sets
ljcr-ds-1887-575-175-1887,ljcr-difference-sets
ljcr-ds-18877-5929-1862-18877,ljcr-difference-sets
ljcr-ds-18915-6370-2145-18915,ljcr-difference-sets
ljcr-ds-18928-702-26-2-2-4732,ljcr-difference-sets
ljcr-ds-18928-702-26-2-26-364,ljcr-difference-sets
ljcr-ds-18928-702-26-26-728,ljcr-difference-sets
ljcr-ds-18928-702-26-4-4732,ljcr-difference-sets
ljcr-ds-18928-702-26-52-364,ljcr-difference-sets
ljcr-ds-18931-9465-4732-18931,ljcr-difference-sets
ljcr-ds-1897-633-211-1897,ljcr-difference-sets
ljcr-ds-18981-4745-1186-18981,ljcr-difference-sets
ljcr-ds-1899-949-474-3-633,ljcr-difference-sets
ljcr-ds-18991-9495-4747-18991,ljcr-difference-sets
ljcr-ds-19003-6334-2111-19003,ljcr-difference-sets
ljcr-ds-19033-4576-1100-19033,ljcr-difference-sets
ljcr-ds-1904-693-252-1904,ljcr-difference-sets
ljcr-ds-1904-693-252-2-952,ljcr-difference-sets
ljcr-ds-19045-4761-1190-19045,ljcr-difference-sets
ljcr-ds-19093-6364-2121-19093,ljcr-difference-sets
ljcr-ds-19117-5428-1541-19117,ljcr-difference-sets
ljcr-ds-19131-9565-4782-19131,ljcr-difference-sets
ljcr-ds-19177-6393-2131-19177,ljcr-difference-sets
ljcr-ds-19177-8977-4202-19177,ljcr-difference-sets
ljcr-ds-1920-304-48-2-2-2-2-120,ljcr-difference-sets
ljcr-ds-1920-304-48-2-2-2-2-2-2-30,ljcr-difference-sets
ljcr-ds-1920-304-48-2-2-2-2-2-60,ljcr-difference-sets
ljcr-ds-1920-304-48-2-2-2-240,ljcr-difference-sets
ljcr-ds-1920-304-48-2-2-2-4-60,ljcr-difference-sets
ljcr-ds-1920-304-48-2-2-4-120,ljcr-difference-sets
ljcr-ds-1920-304-48-2-4-240,ljcr-difference-sets
ljcr-ds-1920-304-48-2-4-4-60,ljcr-difference-sets
ljcr-ds-1920-304-48-2-8-120,ljcr-difference-sets
ljcr-ds-1920-304-48-4-4-120,ljcr-difference-sets
ljcr-ds-1920-304-48-8-240,ljcr-difference-sets
ljcr-ds-19200-1315-90-19200,ljcr-difference-sets
ljcr-ds-19201-5376-1505-19201,ljcr-difference-sets
ljcr-ds-19215-9607-4803-19215,ljcr-difference-sets
ljcr-ds-19228-8671-3910-19228,ljcr-difference-sets
ljcr-ds-19241-7696-3078-19241,ljcr-difference-sets
ljcr-ds-1925-260-35-1925,ljcr-difference-sets
ljcr-ds-1925-260-35-5-385,ljcr-difference-sets
ljcr-ds-19273-6424-2141-19273,ljcr-difference-sets
ljcr-ds-19293-8268-3543-19293,ljcr-difference-sets
ljcr-ds-1935-967-483-3-645,ljcr-difference-sets
ljcr-ds-1936-946-462-22-88,ljcr-difference-sets
ljcr-ds-1936-946-462-44-44,ljcr-difference-sets
ljcr-ds-19399-4453-1022-19399,ljcr-difference-sets
ljcr-ds-19407-9703-4851-19407,ljcr-difference-sets
ljcr-ds-19429-4857-1214-19429,ljcr-difference-sets
ljcr-ds-19443-9721-4860-19443,ljcr-difference-sets
ljcr-ds-19449-1496-115-19449,ljcr-difference-sets
ljcr-ds-19475-3745-720-19475,ljcr-difference-sets
ljcr-ds-19475-5993-1844-19475,ljcr-difference-sets
ljcr-ds-19481-8280-3519-19481,ljcr-difference-sets
ljcr-ds-1953-672-231-3-651,ljcr-difference-sets
ljcr-ds-19531-7750-3075-19531,ljcr-difference-sets
ljcr-ds-19550-5537-1568-19550,ljcr-difference-sets
ljcr-ds-19552-6175-1950-19552,ljcr-difference-sets
ljcr-ds-1957-816-340-1957,ljcr-difference-sets
ljcr-ds-19599-9799-4899-19599,ljcr-difference-sets
ljcr-ds-19611-9805-4902-19611,ljcr-difference-sets
ljcr-ds-19647-5358-1461-19647,ljcr-difference-sets
ljcr-ds-19647-7239-2667-19647,ljcr-difference-sets
ljcr-ds-19665-6145-1920-19665,ljcr-difference-sets
ljcr-ds-19685-4921-1230-19685,ljcr-difference-sets
ljcr-ds-19695-9847-4923-19695,ljcr-difference-sets
ljcr-ds-19717-4929-1232-19717,ljcr-difference-sets
ljcr-ds-1975-330-55-5-395,ljcr-difference-sets
ljcr-ds-19780-7981-3220-19780,ljcr-difference-sets
ljcr-ds-19781-4945-1236-19781,ljcr-difference-sets
ljcr-ds-19783-9891-4945-19783,ljcr-difference-sets
ljcr-ds-19811-8491-3639-19811,ljcr-difference-sets
ljcr-ds-19833-3552-636-19833,ljcr-difference-sets
ljcr-ds-19836-7935-3174-19836,ljcr-difference-sets
ljcr-ds-1984-661-220-2-2-496,ljcr-difference-sets
ljcr-ds-1984-661-220-2-992,ljcr-difference-sets
ljcr-ds-1984-661-220-4-496,ljcr-difference-sets
ljcr-ds-19881-1065-57-141-141,ljcr-difference-sets
ljcr-ds-19881-1065-57-47-423,ljcr-difference-sets
ljcr-ds-19895-7889-3128-19895,ljcr-difference-sets
ljcr-ds-19899-9949-4974-19899,ljcr-difference-sets
ljcr-ds-19903-6634-2211-19903,ljcr-difference-sets
ljcr-ds-1991-200-20-1991,ljcr-difference-sets
ljcr-ds-19921-7056-2499-19921,ljcr-difference-sets
ljcr-ds-19933-7249-2636-19933,ljcr-difference-sets
ljcr-ds-19983-9991-4995-19983,ljcr-difference-sets
ljcr-ds-19985-1249-78-19985,ljcr-difference-sets
ljcr-ds-19988-7821-3060-19988,ljcr-difference-sets
ljcr-ds-20007-1429-102-20007,ljcr-difference-sets
ljcr-ds-20031-10015-5007-20031,ljcr-difference-sets
ljcr-ds-20033-2817-396-20033,ljcr-difference-sets
ljcr-ds-20037-5009-1252-20037,ljcr-difference-sets
ljcr-ds-20083-10041-5020-20083,ljcr-difference-sets
ljcr-ds-20083-6694-2231-20083,ljcr-difference-sets
ljcr-ds-20101-5025-1256-20101,ljcr-difference-sets
ljcr-ds-2016-156-12-12-168,ljcr-difference-sets
ljcr-ds-2016-156-12-2-6-168,ljcr-difference-sets
ljcr-ds-2016-156-12-6-336,ljcr-difference-sets
ljcr-ds-2016-651-210-12-168,ljcr-difference-sets
ljcr-ds-2016-651-210-2-1008,ljcr-difference-sets
ljcr-ds-2016-651-210-2-12-84,ljcr-difference-sets
ljcr-ds-2016-651-210-2-2-2-6-42,ljcr-difference-sets
ljcr-ds-2016-651-210-2-2-504,ljcr-difference-sets
ljcr-ds-2016-651-210-2-2-6-84,ljcr-difference-sets
ljcr-ds-2016-651-210-2-6-168,ljcr-difference-sets
ljcr-ds-2016-651-210-3-672,ljcr-difference-sets
ljcr-ds-2016-651-210-4-504,ljcr-difference-sets
ljcr-ds-2016-651-210-6-336,ljcr-difference-sets
ljcr-ds-2016-806-322-12-168,ljcr-difference-sets
ljcr-ds-2016-806-322-2-1008,ljcr-difference-sets
ljcr-ds-2016-806-322-2-2-504,ljcr-difference-sets
ljcr-ds-2016-806-322-2-6-168,ljcr-difference-sets
ljcr-ds-2016-806-322-4-504,ljcr-difference-sets
ljcr-ds-2016-806-322-6-336,ljcr-difference-sets
ljcr-ds-20163-10081-5040-20163,ljcr-difference-sets
ljcr-ds-20167-3361-560-20167,ljcr-difference-sets
ljcr-ds-20173-6724-2241-20173,ljcr-difference-sets
ljcr-ds-20196-1155-66-20196,ljcr-difference-sets
ljcr-ds-20197-5049-1262-20197,ljcr-difference-sets
ljcr-ds-20197-5644-1577-20197,ljcr-difference-sets
ljcr-ds-20207-10103-5051-20207,ljcr-difference-sets
ljcr-ds-20229-5057-1264-20229,ljcr-difference-sets
ljcr-ds-20240-7659-2898-20240,ljcr-difference-sets
ljcr-ds-20241-7360-2676-20241,ljcr-difference-sets
ljcr-ds-20257-6753-2251-20257,ljcr-difference-sets
ljcr-ds-20273-6336-1980-20273,ljcr-difference-sets
ljcr-ds-2029-508-127-2029,ljcr-difference-sets
ljcr-ds-20306-4061-812-20306,ljcr-difference-sets
ljcr-ds-20383-3871-735-20383,ljcr-difference-sets
ljcr-ds-20384-1309-84-20384,ljcr-difference-sets
ljcr-ds-20389-5097-1274-20389,ljcr-difference-sets
ljcr-ds-20419-3403-567-20419,ljcr-difference-sets
ljcr-ds-20421-5105-1276-20421,ljcr-difference-sets
ljcr-ds-2043-1021-510-3-681,ljcr-difference-sets
ljcr-ds-20437-3537-612-20437,ljcr-difference-sets
ljcr-ds-20447-10223-5111-20447,ljcr-difference-sets
ljcr-ds-20461-6820-2273-20461,ljcr-difference-sets
ljcr-ds-20475-2118-219-20475,ljcr-difference-sets
ljcr-ds-20520-4047-798-20520,ljcr-difference-sets
ljcr-ds-20527-10263-5131-20527,ljcr-difference-sets
ljcr-ds-20549-5137-1284-20549,ljcr-difference-sets
ljcr-ds-20555-10277-5138-20555,ljcr-difference-sets
ljcr-ds-20581-4116-823-20581,ljcr-difference-sets
ljcr-ds-20599-3433-572-20599,ljcr-difference-sets
ljcr-ds-2061-516-129-3-687,ljcr-difference-sets
ljcr-ds-20671-8905-3836-20671,ljcr-difference-sets
ljcr-ds-2068-637-196-2068,ljcr-difference-sets
ljcr-ds-20680-3051-450-20680,ljcr-difference-sets
ljcr-ds-20735-7406-2645-20735,ljcr-difference-sets
ljcr-ds-20749-5188-1297-20749,ljcr-difference-sets
ljcr-ds-20751-10375-5187-20751,ljcr-difference-sets
ljcr-ds-20791-9856-4672-20791,ljcr-difference-sets
ljcr-ds-20799-10399-5199-20799,ljcr-difference-sets
ljcr-ds-2080-540-140-2-2-2-260,ljcr-difference-sets
ljcr-ds-2080-540-140-2-2-520,ljcr-difference-sets
ljcr-ds-2080-540-140-2-4-260,ljcr-difference-sets
ljcr-ds-2080-540-140-4-520,ljcr-difference-sets
ljcr-ds-20809-2313-257-20809,ljcr-difference-sets
ljcr-ds-20809-2601-325-20809,ljcr-difference-sets
ljcr-ds-20815-10407-5203-20815,ljcr-difference-sets
ljcr-ds-20819-7435-2655-20819,ljcr-difference-sets
ljcr-ds-20823-2872-396-20823,ljcr-difference-sets
ljcr-ds-20847-10423-5211-20847,ljcr-difference-sets
ljcr-ds-2091-760-276-2091,ljcr-difference-sets
ljcr-ds-20911-10455-5227-20911,ljcr-difference-sets
ljcr-ds-20945-6545-2045-20945,ljcr-difference-sets
ljcr-ds-20945-8449-3408-20945,ljcr-difference-sets
ljcr-ds-20955-10477-5238-20955,ljcr-difference-sets
ljcr-ds-20995-3499-583-20995,ljcr-difference-sets
ljcr-ds-21029-3004-429-21029,ljcr-difference-sets
ljcr-ds-21043-10521-5260-21043,ljcr-difference-sets
ljcr-ds-21051-10525-5262-21051,ljcr-difference-sets
ljcr-ds-21055-9802-4563-21055,ljcr-difference-sets
ljcr-ds-21065-2633-329-21065,ljcr-difference-sets
ljcr-ds-21069-5268-1317-21069,ljcr-difference-sets
ljcr-ds-21091-2110-211-21091,ljcr-difference-sets
ljcr-ds-21113-4264-861-21113,ljcr-difference-sets
ljcr-ds-21113-5656-1515-21113,ljcr-difference-sets
ljcr-ds-21137-9248-4046-21137,ljcr-difference-sets
ljcr-ds-21141-756-27-27-783,ljcr-difference-sets
ljcr-ds-21141-756-27-3-3-3-783,ljcr-difference-sets
ljcr-ds-21141-756-27-3-3-9-261,ljcr-difference-sets
ljcr-ds-21141-756-27-3-9-783,ljcr-difference-sets
ljcr-ds-21141-756-27-9-9-261,ljcr-difference-sets
ljcr-ds-21151-7426-2607-21151,ljcr-difference-sets
ljcr-ds-21157-5289-1322-21157,ljcr-difference-sets
ljcr-ds-2116-1035-506-23-92,ljcr-difference-sets
ljcr-ds-2116-1035-506-46-46,ljcr-difference-sets
ljcr-ds-2117-529-132-2117,ljcr-difference-sets
ljcr-ds-21183-10591-5295-21183,ljcr-difference-sets
ljcr-ds-21231-10615-5307-21231,ljcr-difference-sets
ljcr-ds-21291-10645-5322-21291,ljcr-difference-sets
ljcr-ds-21315-10657-5328-21315,ljcr-difference-sets
ljcr-ds-21321-4265-853-21321,ljcr-difference-sets
ljcr-ds-21327-10663-5331-21327,ljcr-difference-sets
ljcr-ds-2133-533-133-3-3-237,ljcr-difference-sets
ljcr-ds-2133-533-133-3-711,ljcr-difference-sets
ljcr-ds-21373-3289-506-21373,ljcr-difference-sets
ljcr-ds-21387-10693-5346-21387,ljcr-difference-sets
ljcr-ds-21403-1189-66-21403,ljcr-difference-sets
ljcr-ds-21421-4285-857-21421,ljcr-difference-sets
ljcr-ds-21421-6580-2021-21421,ljcr-difference-sets
ljcr-ds-21421-7021-2301-21421,ljcr-difference-sets
ljcr-ds-21424-7141-2380-21424,ljcr-difference-sets
ljcr-ds-2145-737-253-2145,ljcr-difference-sets
ljcr-ds-21450-5785-1560-21450,ljcr-difference-sets
ljcr-ds-21523-7174-2391-21523,ljcr-difference-sets
ljcr-ds-21541-7180-2393-21541,ljcr-difference-sets
ljcr-ds-21553-6736-2105-21553,ljcr-difference-sets
ljcr-ds-21571-4315-863-21571,ljcr-difference-sets
ljcr-ds-2160-255-30-12-180,ljcr-difference-sets
ljcr-ds-2160-255-30-2-1080,ljcr-difference-sets
ljcr-ds-2160-255-30-2-6-180,ljcr-difference-sets
ljcr-ds-2160-255-30-2160,ljcr-difference-sets
ljcr-ds-2160-255-30-3-12-60,ljcr-difference-sets
ljcr-ds-2160-255-30-3-3-240,ljcr-difference-sets
ljcr-ds-2160-255-30-3-6-120,ljcr-difference-sets
ljcr-ds-2160-255-30-3-720,ljcr-difference-sets
ljcr-ds-2160-255-30-6-360,ljcr-difference-sets
ljcr-ds-2160-255-30-6-6-60,ljcr-difference-sets
ljcr-ds-21605-5401-1350-21605,ljcr-difference-sets
ljcr-ds-21637-5409-1352-21637,ljcr-difference-sets
ljcr-ds-21659-10829-5414-21659,ljcr-difference-sets
ljcr-ds-21661-8665-3466-21661,ljcr-difference-sets
ljcr-ds-21673-4816-1070-21673,ljcr-difference-sets
ljcr-ds-21679-3613-602-21679,ljcr-difference-sets
ljcr-ds-21681-4065-762-21681,ljcr-difference-sets
ljcr-ds-21701-5425-1356-21701,ljcr-difference-sets
ljcr-ds-21707-10853-5426-21707,ljcr-difference-sets
ljcr-ds-21721-3801-665-21721,ljcr-difference-sets
ljcr-ds-21731-6520-1956-21731,ljcr-difference-sets
ljcr-ds-2176-726-242-2-1088,ljcr-difference-sets
ljcr-ds-2176-726-242-2-2-2-272,ljcr-difference-sets
ljcr-ds-2176-726-242-2-2-4-136,ljcr-difference-sets
ljcr-ds-2176-726-242-2-2-544,ljcr-difference-sets
ljcr-ds-2176-726-242-2-4-272,ljcr-difference-sets
ljcr-ds-2176-726-242-2-8-136,ljcr-difference-sets
ljcr-ds-2176-726-242-4-4-136,ljcr-difference-sets
ljcr-ds-2176-726-242-4-544,ljcr-difference-sets
ljcr-ds-2176-726-242-8-272,ljcr-difference-sets
ljcr-ds-2177-256-30-2177,ljcr-difference-sets
ljcr-ds-21793-4768-1043-21793,ljcr-difference-sets
ljcr-ds-21825-1024-48-15-1455,ljcr-difference-sets
ljcr-ds-21825-1024-48-21825,ljcr-difference-sets
ljcr-ds-21825-1024-48-3-7275,ljcr-difference-sets
ljcr-ds-21825-1024-48-5-4365,ljcr-difference-sets
ljcr-ds-2185-105-5-2185,ljcr-difference-sets
ljcr-ds-21868-7881-2840-21868,ljcr-difference-sets
ljcr-ds-21896-3625-600-21896,ljcr-difference-sets
ljcr-ds-21897-7889-2842-21897,ljcr-difference-sets
ljcr-ds-21901-876-35-11-1991,ljcr-difference-sets
ljcr-ds-21945-7385-2485-21945,ljcr-difference-sets
ljcr-ds-21951-10975-5487-21951,ljcr-difference-sets
ljcr-ds-21967-10983-5491-21967,ljcr-difference-sets
ljcr-ds-2197-793-286-13-169,ljcr-difference-sets
ljcr-ds-21979-5698-1477-21979,ljcr-difference-sets
ljcr-ds-22041-4960-1116-22041,ljcr-difference-sets
ljcr-ds-2205-609-168-21-105,ljcr-difference-sets
ljcr-ds-2205-609-168-3-735,ljcr-difference-sets
ljcr-ds-2205-609-168-7-315,ljcr-difference-sets
ljcr-ds-22063-7354-2451-22063,ljcr-difference-sets
ljcr-ds-2209-576-150-2209,ljcr-difference-sets
ljcr-ds-22093-5524-1381-22093,ljcr-difference-sets
ljcr-ds-22100-2255-230-22100,ljcr-difference-sets
ljcr-ds-22141-10045-4557-22141,ljcr-difference-sets
ljcr-ds-22155-7315-2415-22155,ljcr-difference-sets
ljcr-ds-22181-5545-1386-22181,ljcr-difference-sets
ljcr-ds-22189-5548-1387-22189,ljcr-difference-sets
ljcr-ds-22203-11101-5550-22203,ljcr-difference-sets
ljcr-ds-22223-11111-5555-22223,ljcr-difference-sets
ljcr-ds-2223-606-165-2223,ljcr-difference-sets
ljcr-ds-2223-606-165-3-741,ljcr-difference-sets
ljcr-ds-22231-495-11-22231,ljcr-difference-sets
ljcr-ds-22244-6903-2142-22244,ljcr-difference-sets
ljcr-ds-22277-5569-1392-22277,ljcr-difference-sets
ljcr-ds-2233-217-21-2233,ljcr-difference-sets
ljcr-ds-22351-3576-572-22351,ljcr-difference-sets
ljcr-ds-22359-9583-4107-22359,ljcr-difference-sets
ljcr-ds-22360-5655-1430-22360,ljcr-difference-sets
ljcr-ds-22363-11181-5590-22363,ljcr-difference-sets
ljcr-ds-22381-5596-1399-22381,ljcr-difference-sets
ljcr-ds-22383-11191-5595-22383,ljcr-difference-sets
ljcr-ds-22387-6643-1971-22387,ljcr-difference-sets
ljcr-ds-2241-960-411-3-747,ljcr-difference-sets
ljcr-ds-22431-6730-2019-22431,ljcr-difference-sets
ljcr-ds-22441-7480-2493-22441,ljcr-difference-sets
ljcr-ds-22461-5616-1404-22461,ljcr-difference-sets
ljcr-ds-22485-6644-1963-22485,ljcr-difference-sets
ljcr-ds-22495-3750-625-22495,ljcr-difference-sets
ljcr-ds-22537-7200-2300-22537,ljcr-difference-sets
ljcr-ds-22565-5641-1410-22565,ljcr-difference-sets
ljcr-ds-22579-3763-627-22579,ljcr-difference-sets
ljcr-ds-22587-11293-5646-22587,ljcr-difference-sets
ljcr-ds-22603-7534-2511-22603,ljcr-difference-sets
ljcr-ds-22607-11303-5651-22607,ljcr-difference-sets
ljcr-ds-22629-5657-1414-22629,ljcr-difference-sets
ljcr-ds-22633-8856-3465-22633,ljcr-difference-sets
ljcr-ds-22671-6801-2040-22671,ljcr-difference-sets
ljcr-ds-22687-11343-5671-22687,ljcr-difference-sets
ljcr-ds-22715-11357-5678-22715,ljcr-difference-sets
ljcr-ds-22731-11365-5682-22731,ljcr-difference-sets
ljcr-ds-22767-11383-5691-22767,ljcr-difference-sets
ljcr-ds-22771-4555-911-22771,ljcr-difference-sets
ljcr-ds-22777-7593-2531-22777,ljcr-difference-sets
ljcr-ds-22781-4556-911-22781,ljcr-difference-sets
ljcr-ds-22789-5697-1424-22789,ljcr-difference-sets
ljcr-ds-22791-2280-228-22791,ljcr-difference-sets
ljcr-ds-22793-2849-356-22793,ljcr-difference-sets
ljcr-ds-22793-9472-3936-22793,ljcr-difference-sets
ljcr-ds-22803-11401-5700-22803,ljcr-difference-sets
ljcr-ds-22857-2857-357-22857,ljcr-difference-sets
ljcr-ds-22863-11431-5715-22863,ljcr-difference-sets
ljcr-ds-22911-3161-436-22911,ljcr-difference-sets
ljcr-ds-22919-1638-117-22919,ljcr-difference-sets
ljcr-ds-22925-9900-4275-22925,ljcr-difference-sets
ljcr-ds-22940-3277-468-22940,ljcr-difference-sets
ljcr-ds-22945-3585-560-22945,ljcr-difference-sets
ljcr-ds-22951-6426-1799-22951,ljcr-difference-sets
ljcr-ds-22960-5103-1134-22960,ljcr-difference-sets
ljcr-ds-22971-4595-919-22971,ljcr-difference-sets
ljcr-ds-22991-11495-5747-22991,ljcr-difference-sets
ljcr-ds-22991-7866-2691-22991,ljcr-difference-sets
ljcr-ds-23002-5577-1352-23002,ljcr-difference-sets
ljcr-ds-2301-276-33-2301,ljcr-difference-sets
ljcr-ds-2301-576-144-2301,ljcr-difference-sets
ljcr-ds-23023-11511-5755-23023,ljcr-difference-sets
ljcr-ds-23071-3846-641-23071,ljcr-difference-sets
ljcr-ds-23103-11551-5775-23103,ljcr-difference-sets
ljcr-ds-23115-7112-2188-23115,ljcr-difference-sets
ljcr-ds-23121-8960-3472-23121,ljcr-difference-sets
ljcr-ds-23129-8968-3477-23129,ljcr-difference-sets
ljcr-ds-23141-5785-1446-23141,ljcr-difference-sets
ljcr-ds-23151-11575-5787-23151,ljcr-difference-sets
ljcr-ds-23155-10897-5128-23155,ljcr-difference-sets
ljcr-ds-23161-11001-5225-23161,ljcr-difference-sets
ljcr-ds-23163-11581-5790-23163,ljcr-difference-sets
ljcr-ds-23211-11605-5802-23211,ljcr-difference-sets
ljcr-ds-23215-11607-5803-23215,ljcr-difference-sets
ljcr-ds-23221-6021-1561-23221,ljcr-difference-sets
ljcr-ds-23241-9961-4269-23241,ljcr-difference-sets
ljcr-ds-23257-2584-287-23257,ljcr-difference-sets
ljcr-ds-23269-5817-1454-23269,ljcr-difference-sets
ljcr-ds-23281-4560-893-23281,ljcr-difference-sets
ljcr-ds-23290-5545-1320-23290,ljcr-difference-sets
ljcr-ds-23317-5829-1457-23317,ljcr-difference-sets
ljcr-ds-23323-3381-490-23323,ljcr-difference-sets
ljcr-ds-23323-8281-2940-23323,ljcr-difference-sets
ljcr-ds-23331-4666-933-23331,ljcr-difference-sets
ljcr-ds-23331-7000-2100-23331,ljcr-difference-sets
ljcr-ds-23343-11671-5835-23343,ljcr-difference-sets
ljcr-ds-2337-512-112-2337,ljcr-difference-sets
ljcr-ds-23401-6201-1643-23401,ljcr-difference-sets
ljcr-ds-23401-8425-3033-23401,ljcr-difference-sets
ljcr-ds-23421-4685-937-23421,ljcr-difference-sets
ljcr-ds-23453-7216-2220-23453,ljcr-difference-sets
ljcr-ds-23485-1236-65-23485,ljcr-difference-sets
ljcr-ds-2349-588-147-3-3-261,ljcr-difference-sets
ljcr-ds-2349-588-147-3-3-3-87,ljcr-difference-sets
ljcr-ds-2349-588-147-9-261,ljcr-difference-sets
ljcr-ds-2351-376-60-2351,ljcr-difference-sets
ljcr-ds-23511-2351-235-23511,ljcr-difference-sets
ljcr-ds-23520-812-28-14-1680,ljcr-difference-sets
ljcr-ds-23520-812-28-2-11760,ljcr-difference-sets
ljcr-ds-23520-812-28-2-14-840,ljcr-difference-sets
ljcr-ds-23520-812-28-2-28-420,ljcr-difference-sets
ljcr-ds-23520-812-28-28-840,ljcr-difference-sets
ljcr-ds-23521-7840-2613-23521,ljcr-difference-sets
ljcr-ds-23533-10176-4400-23533,ljcr-difference-sets
ljcr-ds-23541-10165-4389-23541,ljcr-difference-sets
ljcr-ds-23551-3925-654-23551,ljcr-difference-sets
ljcr-ds-23557-5889-1472-23557,ljcr-difference-sets
ljcr-ds-23607-9658-3951-23607,ljcr-difference-sets
ljcr-ds-23685-5921-1480-23685,ljcr-difference-sets
ljcr-ds-23695-11847-5923-23695,ljcr-difference-sets
ljcr-ds-23715-11857-5928-23715,ljcr-difference-sets
ljcr-ds-23723-11861-5930-23723,ljcr-difference-sets
ljcr-ds-23737-2968-371-23737,ljcr-difference-sets
ljcr-ds-23737-7912-2637-23737,ljcr-difference-sets
ljcr-ds-23767-3961-660-23767,ljcr-difference-sets
ljcr-ds-23791-10920-5012-23791,ljcr-difference-sets
ljcr-ds-23791-11895-5947-23791,ljcr-difference-sets
ljcr-ds-23791-7320-2252-23791,ljcr-difference-sets
ljcr-ds-2380-793-264-2-1190,ljcr-difference-sets
ljcr-ds-2380-793-264-2380,ljcr-difference-sets
ljcr-ds-23821-11116-5187-23821,ljcr-difference-sets
ljcr-ds-23823-11911-5955-23823,ljcr-difference-sets
ljcr-ds-23851-11025-5096-23851,ljcr-difference-sets
ljcr-ds-23871-8030-2701-23871,ljcr-difference-sets
ljcr-ds-23877-4700-925-23877,ljcr-difference-sets
ljcr-ds-23881-10945-5016-23881,ljcr-difference-sets
ljcr-ds-23883-11941-5970-23883,ljcr-difference-sets
ljcr-ds-23895-2757-318-23895,ljcr-difference-sets
ljcr-ds-23899-7966-2655-23899,ljcr-difference-sets
ljcr-ds-23909-5977-1494-23909,ljcr-difference-sets
ljcr-ds-23931-11965-5982-23931,ljcr-difference-sets
ljcr-ds-23940-1295-70-23940,ljcr-difference-sets
ljcr-ds-23941-5985-1496-23941,ljcr-difference-sets
ljcr-ds-23971-7990-2663-23971,ljcr-difference-sets
ljcr-ds-23980-7993-2664-23980,ljcr-difference-sets
ljcr-ds-24101-6025-1506-24101,ljcr-difference-sets
ljcr-ds-24111-9645-3858-24111,ljcr-difference-sets
ljcr-ds-2413-1072-476-2413,ljcr-difference-sets
ljcr-ds-24147-12073-6036-24147,ljcr-difference-sets
ljcr-ds-24155-12077-6038-24155,ljcr-difference-sets
ljcr-ds-24171-4835-967-24171,ljcr-difference-sets
ljcr-ds-24197-6049-1512-24197,ljcr-difference-sets
ljcr-ds-24227-12113-6056-24227,ljcr-difference-sets
ljcr-ds-24241-9696-3878-24241,ljcr-difference-sets
ljcr-ds-2425-505-105-5-485,ljcr-difference-sets
ljcr-ds-24273-9472-3696-24273,ljcr-difference-sets
ljcr-ds-24289-11616-5555-24289,ljcr-difference-sets
ljcr-ds-243-121-60-3-9-9,ljcr-difference-sets
ljcr-ds-24303-12151-6075-24303,ljcr-difference-sets
ljcr-ds-24311-9945-4068-24311,ljcr-difference-sets
ljcr-ds-2432-936-360-8-304,ljcr-difference-sets
ljcr-ds-24363-12181-6090-24363,ljcr-difference-sets
ljcr-ds-24397-8988-3311-24397,ljcr-difference-sets
ljcr-ds-24421-8140-2713-24421,ljcr-difference-sets
ljcr-ds-24431-12215-6107-24431,ljcr-difference-sets
ljcr-ds-24431-4886-977-24431,ljcr-difference-sets
ljcr-ds-24435-3858-609-24435,ljcr-difference-sets
ljcr-ds-24439-8146-2715-24439,ljcr-difference-sets
ljcr-ds-24467-7528-2316-24467,ljcr-difference-sets
ljcr-ds-24493-2041-170-24493,ljcr-difference-sets
ljcr-ds-24493-8164-2721-24493,ljcr-difference-sets
ljcr-ds-24517-6129-1532-24517,ljcr-difference-sets
ljcr-ds-24521-4905-981-24521,ljcr-difference-sets
ljcr-ds-24559-4093-682-24559,ljcr-difference-sets
ljcr-ds-24568-1293-68-24568,ljcr-difference-sets
ljcr-ds-2457-921-345-3-819,ljcr-difference-sets
ljcr-ds-24570-4977-1008-24570,ljcr-difference-sets
ljcr-ds-24577-8193-2731-24577,ljcr-difference-sets
ljcr-ds-24583-8194-2731-24583,ljcr-difference-sets
ljcr-ds-24585-10976-4900-24585,ljcr-difference-sets
ljcr-ds-24611-2461-246-24611,ljcr-difference-sets
ljcr-ds-24619-8206-2735-24619,ljcr-difference-sets
ljcr-ds-24637-8212-2737-24637,ljcr-difference-sets
ljcr-ds-24640-9933-4004-24640,ljcr-difference-sets
ljcr-ds-24641-385-6-24641,ljcr-difference-sets
ljcr-ds-24645-6161-1540-24645,ljcr-difference-sets
ljcr-ds-24661-6165-1541-24661,ljcr-difference-sets
ljcr-ds-24704-3529-504-24704,ljcr-difference-sets
ljcr-ds-24727-2536-260-24727,ljcr-difference-sets
ljcr-ds-24753-8177-2701-24753,ljcr-difference-sets
ljcr-ds-24781-6196-1549-24781,ljcr-difference-sets
ljcr-ds-24831-1911-147-24831,ljcr-difference-sets
ljcr-ds-2484-573-132-2-1242,ljcr-difference-sets
ljcr-ds-2484-573-132-3-3-276,ljcr-difference-sets
ljcr-ds-2484-573-132-3-6-138,ljcr-difference-sets
ljcr-ds-2484-573-132-3-828,ljcr-difference-sets
ljcr-ds-2484-573-132-6-414,ljcr-difference-sets
ljcr-ds-24869-6217-1554-24869,ljcr-difference-sets
ljcr-ds-24919-4153-692-24919,ljcr-difference-sets
ljcr-ds-24931-11080-4924-24931,ljcr-difference-sets
ljcr-ds-24957-1836-135-24957,ljcr-difference-sets
ljcr-ds-2496-500-100-2-1248,ljcr-difference-sets
ljcr-ds-2496-500-100-2-2-2-2-156,ljcr-difference-sets
ljcr-ds-2496-500-100-2-2-2-312,ljcr-difference-sets
ljcr-ds-2496-500-100-2-2-4-156,ljcr-difference-sets
ljcr-ds-2496-500-100-2-2-624,ljcr-difference-sets
ljcr-ds-2496-500-100-2-4-312,ljcr-difference-sets
ljcr-ds-2496-500-100-4-4-156,ljcr-difference-sets
ljcr-ds-2496-500-100-4-624,ljcr-difference-sets
ljcr-ds-2496-500-100-8-312,ljcr-difference-sets
ljcr-ds-24961-9985-3994-24961,ljcr-difference-sets
ljcr-ds-24997-6249-1562-24997,ljcr-difference-sets
ljcr-ds-25011-12505-6252-25011,ljcr-difference-sets
ljcr-ds-25011-2501-250-25011,ljcr-difference-sets
ljcr-ds-25020-9653-3724-25020,ljcr-difference-sets
ljcr-ds-2507-896-320-2507,ljcr-difference-sets
ljcr-ds-25071-12535-6267-25071,ljcr-difference-sets
ljcr-ds-25081-11001-4825-25081,ljcr-difference-sets
ljcr-ds-25081-3136-392-25081,ljcr-difference-sets
ljcr-ds-25093-7668-2343-25093,ljcr-difference-sets
ljcr-ds-25099-12549-6274-25099,ljcr-difference-sets
ljcr-ds-2511-1005-402-3-837,ljcr-difference-sets
ljcr-ds-2511-1005-402-9-279,ljcr-difference-sets
ljcr-ds-25135-12567-6283-25135,ljcr-difference-sets
ljcr-ds-25135-4189-698-25135,ljcr-difference-sets
ljcr-ds-25141-420-7-25141,ljcr-difference-sets
ljcr-ds-25159-8386-2795-25159,ljcr-difference-sets
ljcr-ds-25189-6297-1574-25189,ljcr-difference-sets
ljcr-ds-25194-5369-1144-25194,ljcr-difference-sets
ljcr-ds-25221-6305-1576-25221,ljcr-difference-sets
ljcr-ds-25311-10125-4050-25311,ljcr-difference-sets
ljcr-ds-25312-8437-2812-25312,ljcr-difference-sets
ljcr-ds-25323-12661-6330-25323,ljcr-difference-sets
ljcr-ds-25327-12663-6331-25327,ljcr-difference-sets
ljcr-ds-25351-12000-5680-25351,ljcr-difference-sets
ljcr-ds-25376-1625-104-25376,ljcr-difference-sets
ljcr-ds-25415-10088-4004-25415,ljcr-difference-sets
ljcr-ds-25441-6625-1725-25441,ljcr-difference-sets
ljcr-ds-25453-6364-1591-25453,ljcr-difference-sets
ljcr-ds-2548-567-126-14-182,ljcr-difference-sets
ljcr-ds-2548-567-126-7-364,ljcr-difference-sets
ljcr-ds-25509-6377-1594-25509,ljcr-difference-sets
ljcr-ds-2551-1225-588-2551,ljcr-difference-sets
ljcr-ds-25521-4785-897-25521,ljcr-difference-sets
ljcr-ds-25541-6385-1596-25541,ljcr-difference-sets
ljcr-ds-25555-8518-2839-25555,ljcr-difference-sets
ljcr-ds-25575-4712-868-25575,ljcr-difference-sets
ljcr-ds-25591-8530-2843-25591,ljcr-difference-sets
ljcr-ds-25599-12799-6399-25599,ljcr-difference-sets
ljcr-ds-25609-3201-400-25609,ljcr-difference-sets
ljcr-ds-25615-12807-6403-25615,ljcr-difference-sets
ljcr-ds-25671-5135-1027-25671,ljcr-difference-sets
ljcr-ds-25675-12837-6418-25675,ljcr-difference-sets
ljcr-ds-25711-12855-6427-25711,ljcr-difference-sets
ljcr-ds-25729-1408-77-25729,ljcr-difference-sets
ljcr-ds-25741-6436-1609-25741,ljcr-difference-sets
ljcr-ds-25743-12871-6435-25743,ljcr-difference-sets
ljcr-ds-2575-495-95-5-515,ljcr-difference-sets
ljcr-ds-2575-793-244-5-515,ljcr-difference-sets
ljcr-ds-25807-12903-6451-25807,ljcr-difference-sets
ljcr-ds-25807-6325-1550-25807,ljcr-difference-sets
ljcr-ds-25807-9384-3412-25807,ljcr-difference-sets
ljcr-ds-25821-5165-1033-25821,ljcr-difference-sets
ljcr-ds-25843-8614-2871-25843,ljcr-difference-sets
ljcr-ds-25879-8626-2875-25879,ljcr-difference-sets
ljcr-ds-2591-666-171-2591,ljcr-difference-sets
ljcr-ds-25915-4320-720-25915,ljcr-difference-sets
ljcr-ds-25935-12967-6483-25935,ljcr-difference-sets
ljcr-ds-2597-649-162-7-371,ljcr-difference-sets
ljcr-ds-25981-5196-1039-25981,ljcr-difference-sets
ljcr-ds-25991-10396-4158-25991,ljcr-difference-sets
ljcr-ds-25991-12995-6497-25991,ljcr-difference-sets
ljcr-ds-26031-13015-6507-26031,ljcr-difference-sets
ljcr-ds-26059-2323-207-26059,ljcr-difference-sets
ljcr-ds-26061-9121-3192-26061,ljcr-difference-sets
ljcr-ds-26101-4176-668-26101,ljcr-difference-sets
ljcr-ds-26131-8710-2903-26131,ljcr-difference-sets
ljcr-ds-26133-6533-1633-26133,ljcr-difference-sets
ljcr-ds-26145-9633-3549-26145,ljcr-difference-sets
ljcr-ds-26191-13095-6547-26191,ljcr-difference-sets
ljcr-ds-26197-6549-1637-26197,ljcr-difference-sets
ljcr-ds-26239-8746-2915-26239,ljcr-difference-sets
ljcr-ds-26265-8576-2800-26265,ljcr-difference-sets
ljcr-ds-26283-13141-6570-26283,ljcr-difference-sets
ljcr-ds-26287-8425-2700-26287,ljcr-difference-sets
ljcr-ds-26291-9560-3476-26291,ljcr-difference-sets
ljcr-ds-26309-6577-1644-26309,ljcr-difference-sets
ljcr-ds-26312-3487-462-26312,ljcr-difference-sets
ljcr-ds-26323-13161-6580-26323,ljcr-difference-sets
ljcr-ds-26335-2926-325-26335,ljcr-difference-sets
ljcr-ds-26367-13183-6591-26367,ljcr-difference-sets
ljcr-ds-2640-638-154-2-1320,ljcr-difference-sets
ljcr-ds-26404-8125-2500-26404,ljcr-difference-sets
ljcr-ds-2641-1200-545-2641,ljcr-difference-sets
ljcr-ds-26431-5286-1057-26431,ljcr-difference-sets
ljcr-ds-26437-6609-1652-26437,ljcr-difference-sets
ljcr-ds-26445-1804-123-26445,ljcr-difference-sets
ljcr-ds-2645-661-165-23-115,ljcr-difference-sets
ljcr-ds-26467-4411-735-26467,ljcr-difference-sets
ljcr-ds-26501-6625-1656-26501,ljcr-difference-sets
ljcr-ds-26511-13255-6627-26511,ljcr-difference-sets
ljcr-ds-26565-8932-3003-26565,ljcr-difference-sets
ljcr-ds-26575-13287-6643-26575,ljcr-difference-sets
ljcr-ds-26597-6649-1662-26597,ljcr-difference-sets
ljcr-ds-26623-13311-6655-26623,ljcr-difference-sets
ljcr-ds-26629-7609-2174-26629,ljcr-difference-sets
ljcr-ds-26676-4851-882-26676,ljcr-difference-sets
ljcr-ds-26689-8896-2965-26689,ljcr-difference-sets
ljcr-ds-26701-6676-1669-26701,ljcr-difference-sets
ljcr-ds-26709-6677-1669-26709,ljcr-difference-sets
ljcr-ds-26741-9360-3276-26741,ljcr-difference-sets
ljcr-ds-26747-13373-6686-26747,ljcr-difference-sets
ljcr-ds-26761-12265-5621-26761,ljcr-difference-sets
ljcr-ds-26761-7360-2024-26761,ljcr-difference-sets
ljcr-ds-26763-13381-6690-26763,ljcr-difference-sets
ljcr-ds-26789-6697-1674-26789,ljcr-difference-sets
ljcr-ds-26791-4465-744-26791,ljcr-difference-sets
ljcr-ds-26796-8855-2926-26796,ljcr-difference-sets
ljcr-ds-26797-1596-95-26797,ljcr-difference-sets
ljcr-ds-26797-8701-2825-26797,ljcr-difference-sets
ljcr-ds-26803-13401-6700-26803,ljcr-difference-sets
ljcr-ds-26811-2681-268-26811,ljcr-difference-sets
ljcr-ds-26866-3781-532-26866,ljcr-difference-sets
ljcr-ds-26885-6721-1680-26885,ljcr-difference-sets
ljcr-ds-26895-13447-6723-26895,ljcr-difference-sets
ljcr-ds-26909-2884-309-26909,ljcr-difference-sets
ljcr-ds-26909-3844-549-26909,ljcr-difference-sets
ljcr-ds-2691-270-27-3-897,ljcr-difference-sets
ljcr-ds-26929-8416-2630-26929,ljcr-difference-sets
ljcr-ds-26981-6745-1686-26981,ljcr-difference-sets
ljcr-ds-2699-1065-420-2699,ljcr-difference-sets
ljcr-ds-27003-13501-6750-27003,ljcr-difference-sets
ljcr-ds-27007-3858-551-27007,ljcr-difference-sets
ljcr-ds-27031-4506-751-27031,ljcr-difference-sets
ljcr-ds-27031-9010-3003-27031,ljcr-difference-sets
ljcr-ds-27037-12016-5340-27037,ljcr-difference-sets
ljcr-ds-27064-5239-1014-27064,ljcr-difference-sets
ljcr-ds-27071-13535-6767-27071,ljcr-difference-sets
ljcr-ds-27077-6769-1692-27077,ljcr-difference-sets
ljcr-ds-27087-13543-6771-27087,ljcr-difference-sets
ljcr-ds-2709-677-169-2709,ljcr-difference-sets
ljcr-ds-2709-677-169-3-903,ljcr-difference-sets
ljcr-ds-27099-13549-6774-27099,ljcr-difference-sets
ljcr-ds-27133-2737-276-27133,ljcr-difference-sets
ljcr-ds-271467-1379-7-271467,ljcr-difference-sets
ljcr-ds-27151-13575-6787-27151,ljcr-difference-sets
ljcr-ds-27171-13585-6792-27171,ljcr-difference-sets
ljcr-ds-27211-9070-3023-27211,ljcr-difference-sets
ljcr-ds-27235-8722-2793-27235,ljcr-difference-sets
ljcr-ds-27253-6057-1346-27253,ljcr-difference-sets
ljcr-ds-27269-6817-1704-27269,ljcr-difference-sets
ljcr-ds-27280-3465-440-27280,ljcr-difference-sets
ljcr-ds-2733-684-171-2733,ljcr-difference-sets
ljcr-ds-27343-13671-6835-27343,ljcr-difference-sets
ljcr-ds-27357-11725-5025-27357,ljcr-difference-sets
ljcr-ds-2737-1216-540-2737,ljcr-difference-sets
ljcr-ds-27391-13695-6847-27391,ljcr-difference-sets
ljcr-ds-27391-2905-308-27391,ljcr-difference-sets
ljcr-ds-27395-13697-6848-27395,ljcr-difference-sets
ljcr-ds-27405-6852-1713-27405,ljcr-difference-sets
ljcr-ds-27495-9087-3003-27495,ljcr-difference-sets
ljcr-ds-27511-8646-2717-27511,ljcr-difference-sets
ljcr-ds-2759-1183-507-2759,ljcr-difference-sets
ljcr-ds-27601-11776-5024-27601,ljcr-difference-sets
ljcr-ds-27601-2001-145-27601,ljcr-difference-sets
ljcr-ds-27601-9201-3067-27601,ljcr-difference-sets
ljcr-ds-27603-13801-6900-27603,ljcr-difference-sets
ljcr-ds-27608-2907-306-27608,ljcr-difference-sets
ljcr-ds-27627-13813-6906-27627,ljcr-difference-sets
ljcr-ds-27657-3457-432-27657,ljcr-difference-sets
ljcr-ds-27711-13855-6927-27711,ljcr-difference-sets
ljcr-ds-27721-12321-5476-27721,ljcr-difference-sets
ljcr-ds-27721-3025-330-27721,ljcr-difference-sets
ljcr-ds-27747-13873-6936-27747,ljcr-difference-sets
ljcr-ds-27779-646-15-27779,ljcr-difference-sets
ljcr-ds-27781-6945-1736-27781,ljcr-difference-sets
ljcr-ds-27799-9267-3089-27799,ljcr-difference-sets
ljcr-ds-27867-13933-6966-27867,ljcr-difference-sets
ljcr-ds-27877-6969-1742-27877,ljcr-difference-sets
ljcr-ds-27891-13945-6972-27891,ljcr-difference-sets
ljcr-ds-27899-13949-6974-27899,ljcr-difference-sets
ljcr-ds-27913-9304-3101-27913,ljcr-difference-sets
ljcr-ds-27931-931-31-27931,ljcr-difference-sets
ljcr-ds-27949-9316-3105-27949,ljcr-difference-sets
ljcr-ds-27949-9453-3197-27949,ljcr-difference-sets
ljcr-ds-2795-1144-468-2795,ljcr-difference-sets
ljcr-ds-27966-9401-3160-27966,ljcr-difference-sets
ljcr-ds-2800-622-138-10-280,ljcr-difference-sets
ljcr-ds-2800-622-138-2-10-140,ljcr-difference-sets
ljcr-ds-2800-622-138-2-1400,ljcr-difference-sets
ljcr-ds-2800-622-138-2-2-10-70,ljcr-difference-sets
ljcr-ds-2800-622-138-2-2-2-350,ljcr-difference-sets
ljcr-ds-2800-622-138-2-2-700,ljcr-difference-sets
ljcr-ds-2800-622-138-20-140,ljcr-difference-sets
ljcr-ds-2800-622-138-4-700,ljcr-difference-sets
ljcr-ds-28047-14023-7011-28047,ljcr-difference-sets
ljcr-ds-28069-7017-1754-28069,ljcr-difference-sets
ljcr-ds-28079-12928-5952-28079,ljcr-difference-sets
ljcr-ds-28115-14057-7028-28115,ljcr-difference-sets
ljcr-ds-28127-3773-506-28127,ljcr-difference-sets
ljcr-ds-2821-565-113-2821,ljcr-difference-sets
ljcr-ds-28211-2821-282-28211,ljcr-difference-sets
ljcr-ds-28217-3528-441-28217,ljcr-difference-sets
ljcr-ds-28231-8470-2541-28231,ljcr-difference-sets
ljcr-ds-28241-11296-4518-28241,ljcr-difference-sets
ljcr-ds-28245-7061-1765-28245,ljcr-difference-sets
ljcr-ds-28263-8697-2676-28263,ljcr-difference-sets
ljcr-ds-28321-10561-3938-28321,ljcr-difference-sets
ljcr-ds-28337-3312-387-28337,ljcr-difference-sets
ljcr-ds-2835-546-105-3-3-3-105,ljcr-difference-sets
ljcr-ds-2835-546-105-3-3-315,ljcr-difference-sets
ljcr-ds-2835-546-105-3-945,ljcr-difference-sets
ljcr-ds-2835-546-105-9-315,ljcr-difference-sets
ljcr-ds-2835-872-268-3-3-315,ljcr-difference-sets
ljcr-ds-2835-872-268-3-945,ljcr-difference-sets
ljcr-ds-2835-872-268-9-315,ljcr-difference-sets
ljcr-ds-28399-9466-3155-28399,ljcr-difference-sets
ljcr-ds-28405-6049-1288-28405,ljcr-difference-sets
ljcr-ds-28413-7104-1776-28413,ljcr-difference-sets
ljcr-ds-28421-7105-1776-28421,ljcr-difference-sets
ljcr-ds-28427-11651-4775-28427,ljcr-difference-sets
ljcr-ds-2849-801-225-2849,ljcr-difference-sets
ljcr-ds-2850-925-300-5-570,ljcr-difference-sets
ljcr-ds-28517-7129-1782-28517,ljcr-difference-sets
ljcr-ds-28533-12229-5241-28533,ljcr-difference-sets
ljcr-ds-28539-1502-79-28539,ljcr-difference-sets
ljcr-ds-28543-1207-51-28543,ljcr-difference-sets
ljcr-ds-28651-9550-3183-28651,ljcr-difference-sets
ljcr-ds-28653-7164-1791-28653,ljcr-difference-sets
ljcr-ds-28673-4096-585-28673,ljcr-difference-sets
ljcr-ds-2869-240-20-2869,ljcr-difference-sets
ljcr-ds-2871-616-132-3-957,ljcr-difference-sets
ljcr-ds-2875-480-80-5-5-115,ljcr-difference-sets
ljcr-ds-2875-480-80-5-575,ljcr-difference-sets
ljcr-ds-28768-6021-1260-28768,ljcr-difference-sets
ljcr-ds-28777-11881-4905-28777,ljcr-difference-sets
ljcr-ds-28800-930-30-10-2880,ljcr-difference-sets
ljcr-ds-28800-930-30-12-2400,ljcr-difference-sets
ljcr-ds-28800-930-30-120-240,ljcr-difference-sets
ljcr-ds-28800-930-30-2-14400,ljcr-difference-sets
ljcr-ds-28800-930-30-20-1440,ljcr-difference-sets
ljcr-ds-28800-930-30-24-1200,ljcr-difference-sets
ljcr-ds-28800-930-30-30-960,ljcr-difference-sets
ljcr-ds-28800-930-30-4-7200,ljcr-difference-sets
ljcr-ds-28800-930-30-40-720,ljcr-difference-sets
ljcr-ds-28800-930-30-6-4800,ljcr-difference-sets
ljcr-ds-28800-930-30-60-480,ljcr-difference-sets
ljcr-ds-28800-930-30-8-3600,ljcr-difference-sets
ljcr-ds-28807-4801-800-28807,ljcr-difference-sets
ljcr-ds-28813-7204-1801-28813,ljcr-difference-sets
ljcr-ds-28821-5765-1153-28821,ljcr-difference-sets
ljcr-ds-28837-7209-1802-28837,ljcr-difference-sets
ljcr-ds-28841-10816-4056-28841,ljcr-difference-sets
ljcr-ds-28911-14455-7227-28911,ljcr-difference-sets
ljcr-ds-28923-14461-7230-28923,ljcr-difference-sets
ljcr-ds-28947-14473-7236-28947,ljcr-difference-sets
ljcr-ds-28971-8691-2607-28971,ljcr-difference-sets
ljcr-ds-28975-14487-7243-28975,ljcr-difference-sets
ljcr-ds-28992-13675-6450-28992,ljcr-difference-sets
ljcr-ds-29023-4837-806-29023,ljcr-difference-sets
ljcr-ds-29029-12096-5040-29029,ljcr-difference-sets
ljcr-ds-29029-7257-1814-29029,ljcr-difference-sets
ljcr-ds-29043-1118-43-29043,ljcr-difference-sets
ljcr-ds-29047-14523-7261-29047,ljcr-difference-sets
ljcr-ds-29069-12169-5094-29069,ljcr-difference-sets
ljcr-ds-2912-1066-390-2-1456,ljcr-difference-sets
ljcr-ds-2912-1066-390-4-728,ljcr-difference-sets
ljcr-ds-29140-13245-6020-29140,ljcr-difference-sets
ljcr-ds-29179-1621-90-29179,ljcr-difference-sets
ljcr-ds-29205-7301-1825-29205,ljcr-difference-sets
ljcr-ds-29221-7305-1826-29221,ljcr-difference-sets
ljcr-ds-29223-13073-5848-29223,ljcr-difference-sets
ljcr-ds-29227-14613-7306-29227,ljcr-difference-sets
ljcr-ds-29231-8770-2631-29231,ljcr-difference-sets
ljcr-ds-2925-732-183-15-195,ljcr-difference-sets
ljcr-ds-2925-732-183-3-975,ljcr-difference-sets
ljcr-ds-2925-732-183-5-585,ljcr-difference-sets
ljcr-ds-29260-13005-5780-29260,ljcr-difference-sets
ljcr-ds-29275-2296-180-29275,ljcr-difference-sets
ljcr-ds-29293-7324-1831-29293,ljcr-difference-sets
ljcr-ds-29311-7816-2084-29311,ljcr-difference-sets
ljcr-ds-29319-3425-400-29319,ljcr-difference-sets
ljcr-ds-29331-14665-7332-29331,ljcr-difference-sets
ljcr-ds-29331-5866-1173-29331,ljcr-difference-sets
ljcr-ds-29355-7904-2128-29355,ljcr-difference-sets
ljcr-ds-29381-8476-2445-29381,ljcr-difference-sets
ljcr-ds-29389-2449-204-29389,ljcr-difference-sets
ljcr-ds-29407-14703-7351-29407,ljcr-difference-sets
ljcr-ds-29411-2941-294-29411,ljcr-difference-sets
ljcr-ds-29431-5886-1177-29431,ljcr-difference-sets
ljcr-ds-29445-7361-1840-29445,ljcr-difference-sets
ljcr-ds-29445-8228-2299-29445,ljcr-difference-sets
ljcr-ds-29487-14743-7371-29487,ljcr-difference-sets
ljcr-ds-29503-1639-91-29503,ljcr-difference-sets
ljcr-ds-29523-4582-711-29523,ljcr-difference-sets
ljcr-ds-29546-3421-396-29546,ljcr-difference-sets
ljcr-ds-29581-7396-1849-29581,ljcr-difference-sets
ljcr-ds-29583-14791-7395-29583,ljcr-difference-sets
ljcr-ds-29591-12375-5175-29591,ljcr-difference-sets
ljcr-ds-29599-4933-822-29599,ljcr-difference-sets
ljcr-ds-2960-539-98-2-1480,ljcr-difference-sets
ljcr-ds-2960-539-98-2-2-2-370,ljcr-difference-sets
ljcr-ds-2960-539-98-2-2-740,ljcr-difference-sets
ljcr-ds-2960-539-98-2960,ljcr-difference-sets
ljcr-ds-2960-539-98-4-740,ljcr-difference-sets
ljcr-ds-29637-7409-1852-29637,ljcr-difference-sets
ljcr-ds-29669-7417-1854-29669,ljcr-difference-sets
ljcr-ds-29731-9910-3303-29731,ljcr-difference-sets
ljcr-ds-29737-14337-6912-29737,ljcr-difference-sets
ljcr-ds-29755-2755-255-29755,ljcr-difference-sets
ljcr-ds-29756-5951-1190-29756,ljcr-difference-sets
ljcr-ds-2976-476-76-2-1488,ljcr-difference-sets
ljcr-ds-2976-476-76-2-2-2-2-186,ljcr-difference-sets
ljcr-ds-2976-476-76-2-2-2-372,ljcr-difference-sets
ljcr-ds-2976-476-76-2-2-744,ljcr-difference-sets
ljcr-ds-2976-476-76-2-4-372,ljcr-difference-sets
ljcr-ds-2976-476-76-4-744,ljcr-difference-sets
ljcr-ds-29763-14881-7440-29763,ljcr-difference-sets
ljcr-ds-29767-12342-5117-29767,ljcr-difference-sets
ljcr-ds-29771-14885-7442-29771,ljcr-difference-sets
ljcr-ds-29785-11680-4580-29785,ljcr-difference-sets
ljcr-ds-29843-14921-7460-29843,ljcr-difference-sets
ljcr-ds-29871-14935-7467-29871,ljcr-difference-sets
ljcr-ds-2990-245-20-2990,ljcr-difference-sets
ljcr-ds-29951-14975-7487-29951,ljcr-difference-sets
ljcr-ds-2997-428-61-2997,ljcr-difference-sets
ljcr-ds-2997-428-61-3-3-3-111,ljcr-difference-sets
ljcr-ds-2997-428-61-3-3-333,ljcr-difference-sets
ljcr-ds-2997-428-61-3-999,ljcr-difference-sets
ljcr-ds-2997-428-61-9-333,ljcr-difference-sets
ljcr-ds-29989-7497-1874-29989,ljcr-difference-sets
ljcr-ds-30015-5934-1173-30015,ljcr-difference-sets
ljcr-ds-3003-475-75-3003,ljcr-difference-sets
ljcr-ds-30041-6760-1521-30041,ljcr-difference-sets
ljcr-ds-30063-15031-7515-30063,ljcr-difference-sets
ljcr-ds-3008-776-200-2-1504,ljcr-difference-sets
ljcr-ds-3008-776-200-2-2-752,ljcr-difference-sets
ljcr-ds-3008-776-200-2-4-376,ljcr-difference-sets
ljcr-ds-3008-776-200-4-4-188,ljcr-difference-sets
ljcr-ds-3008-776-200-4-752,ljcr-difference-sets
ljcr-ds-3008-776-200-8-376,ljcr-difference-sets
ljcr-ds-30096-3705-456-30096,ljcr-difference-sets
ljcr-ds-30109-13897-6414-30109,ljcr-difference-sets
ljcr-ds-30143-10766-3845-30143,ljcr-difference-sets
ljcr-ds-30175-11985-4760-30175,ljcr-difference-sets
ljcr-ds-30181-7545-1886-30181,ljcr-difference-sets
ljcr-ds-30195-3410-385-30195,ljcr-difference-sets
ljcr-ds-30200-7475-1850-30200,ljcr-difference-sets
ljcr-ds-30253-2521-210-30253,ljcr-difference-sets
ljcr-ds-30291-15145-7572-30291,ljcr-difference-sets
ljcr-ds-30319-5053-842-30319,ljcr-difference-sets
ljcr-ds-30321-7201-1710-30321,ljcr-difference-sets
ljcr-ds-30341-7585-1896-30341,ljcr-difference-sets
ljcr-ds-30371-15185-7592-30371,ljcr-difference-sets
ljcr-ds-30381-1520-76-30381,ljcr-difference-sets
ljcr-ds-30383-15191-7595-30383,ljcr-difference-sets
ljcr-ds-30383-2762-251-30383,ljcr-difference-sets
ljcr-ds-3040-1014-338-2-1520,ljcr-difference-sets
ljcr-ds-3040-1014-338-4-760,ljcr-difference-sets
ljcr-ds-30411-12165-4866-30411,ljcr-difference-sets
ljcr-ds-30415-5070-845-30415,ljcr-difference-sets
ljcr-ds-30433-10144-3381-30433,ljcr-difference-sets
ljcr-ds-3045-761-190-3045,ljcr-difference-sets
ljcr-ds-30501-7625-1906-30501,ljcr-difference-sets
ljcr-ds-30511-15255-7627-30511,ljcr-difference-sets
ljcr-ds-30535-5089-848-30535,ljcr-difference-sets
ljcr-ds-30541-10180-3393-30541,ljcr-difference-sets
ljcr-ds-30559-10186-3395-30559,ljcr-difference-sets
ljcr-ds-30571-15285-7642-30571,ljcr-difference-sets
ljcr-ds-30571-6115-1223-30571,ljcr-difference-sets
ljcr-ds-30591-13111-5619-30591,ljcr-difference-sets
ljcr-ds-30591-4256-592-30591,ljcr-difference-sets
ljcr-ds-30601-13600-6044-30601,ljcr-difference-sets
ljcr-ds-30613-10204-3401-30613,ljcr-difference-sets
ljcr-ds-30621-6125-1225-30621,ljcr-difference-sets
ljcr-ds-30628-3403-378-30628,ljcr-difference-sets
ljcr-ds-30629-7657-1914-30629,ljcr-difference-sets
ljcr-ds-30661-7665-1916-30661,ljcr-difference-sets
ljcr-ds-30669-14433-6792-30669,ljcr-difference-sets
ljcr-ds-30681-6136-1227-30681,ljcr-difference-sets
ljcr-ds-30681-8320-2256-30681,ljcr-difference-sets
ljcr-ds-3069-768-192-3-1023,ljcr-difference-sets
ljcr-ds-30699-15349-7674-30699,ljcr-difference-sets
ljcr-ds-30721-4096-546-30721,ljcr-difference-sets
ljcr-ds-30721-6145-1229-30721,ljcr-difference-sets
ljcr-ds-30731-10976-3920-30731,ljcr-difference-sets
ljcr-ds-30740-3127-318-30740,ljcr-difference-sets
ljcr-ds-30757-7689-1922-30757,ljcr-difference-sets
ljcr-ds-30767-15383-7691-30767,ljcr-difference-sets
ljcr-ds-30784-993-32-4-7696,ljcr-difference-sets
ljcr-ds-30784-993-32-8-3848,ljcr-difference-sets
ljcr-ds-30799-15399-7699-30799,ljcr-difference-sets
ljcr-ds-3081-1001-325-3081,ljcr-difference-sets
ljcr-ds-30821-805-21-30821,ljcr-difference-sets
ljcr-ds-30821-805-21-7-4403,ljcr-difference-sets
ljcr-ds-30857-3249-342-30857,ljcr-difference-sets
ljcr-ds-30891-15445-7722-30891,ljcr-difference-sets
ljcr-ds-30895-15447-7723-30895,ljcr-difference-sets
ljcr-ds-30907-5050-825-30907,ljcr-difference-sets
ljcr-ds-30913-14721-7010-30913,ljcr-difference-sets
ljcr-ds-30933-4884-771-30933,ljcr-difference-sets
ljcr-ds-30961-15265-7526-30961,ljcr-difference-sets
ljcr-ds-30997-12096-4720-30997,ljcr-difference-sets
ljcr-ds-30997-7749-1937-30997,ljcr-difference-sets
ljcr-ds-31003-15501-7750-31003,ljcr-difference-sets
ljcr-ds-31021-6205-1241-31021,ljcr-difference-sets
ljcr-ds-31031-4495-651-31031,ljcr-difference-sets
ljcr-ds-31031-4815-747-31031,ljcr-difference-sets
ljcr-ds-31039-10347-3449-31039,ljcr-difference-sets
ljcr-ds-31081-10360-3453-31081,ljcr-difference-sets
ljcr-ds-31141-7785-1946-31141,ljcr-difference-sets
ljcr-ds-31167-15583-7791-31167,ljcr-difference-sets
ljcr-ds-31175-10791-3735-31175,ljcr-difference-sets
ljcr-ds-31231-6940-1542-31231,ljcr-difference-sets
ljcr-ds-31237-7809-1952-31237,ljcr-difference-sets
ljcr-ds-31249-1953-122-31249,ljcr-difference-sets
ljcr-ds-31261-10420-3473-31261,ljcr-difference-sets
ljcr-ds-31301-7825-1956-31301,ljcr-difference-sets
ljcr-ds-31311-3535-399-31311,ljcr-difference-sets
ljcr-ds-3136-210-14-14-224,ljcr-difference-sets
ljcr-ds-3136-210-14-2-14-112,ljcr-difference-sets
ljcr-ds-3136-210-14-28-112,ljcr-difference-sets
ljcr-ds-3136-760-184-14-224,ljcr-difference-sets
ljcr-ds-3136-760-184-2-14-112,ljcr-difference-sets
ljcr-ds-3136-760-184-28-112,ljcr-difference-sets
ljcr-ds-31383-9231-2715-31383,ljcr-difference-sets
ljcr-ds-3141-785-196-3-1047,ljcr-difference-sets
ljcr-ds-3141-785-196-3141,ljcr-difference-sets
ljcr-ds-31416-7931-2002-31416,ljcr-difference-sets
ljcr-ds-31491-15745-7872-31491,ljcr-difference-sets
ljcr-ds-31511-12605-5042-31511,ljcr-difference-sets
ljcr-ds-31531-6306-1261-31531,ljcr-difference-sets
ljcr-ds-31536-12615-5046-31536,ljcr-difference-sets
ljcr-ds-31549-11473-4172-31549,ljcr-difference-sets
ljcr-ds-3157-789-197-3157,ljcr-difference-sets
ljcr-ds-31571-6930-1521-31571,ljcr-difference-sets
ljcr-ds-31599-15799-7899-31599,ljcr-difference-sets
ljcr-ds-31621-10540-3513-31621,ljcr-difference-sets
ljcr-ds-31621-3876-475-31621,ljcr-difference-sets
ljcr-ds-31621-7905-1976-31621,ljcr-difference-sets
ljcr-ds-31683-15841-7920-31683,ljcr-difference-sets
ljcr-ds-3171-635-127-3171,ljcr-difference-sets
ljcr-ds-31711-11326-4045-31711,ljcr-difference-sets
ljcr-ds-31715-15857-7928-31715,ljcr-difference-sets
ljcr-ds-31741-13225-5510-31741,ljcr-difference-sets
ljcr-ds-31747-1222-47-31747,ljcr-difference-sets
ljcr-ds-31747-13728-5936-31747,ljcr-difference-sets
ljcr-ds-31749-7937-1984-31749,ljcr-difference-sets
ljcr-ds-31787-15893-7946-31787,ljcr-difference-sets
ljcr-ds-31791-15895-7947-31791,ljcr-difference-sets
ljcr-ds-31820-3385-360-31820,ljcr-difference-sets
ljcr-ds-31837-7581-1805-31837,ljcr-difference-sets
ljcr-ds-31971-15985-7992-31971,ljcr-difference-sets
ljcr-ds-31977-2856-255-31977,ljcr-difference-sets
ljcr-ds-31981-7996-1999-31981,ljcr-difference-sets
ljcr-ds-32037-8009-2002-32037,ljcr-difference-sets
ljcr-ds-32043-16021-8010-32043,ljcr-difference-sets
ljcr-ds-32047-16023-8011-32047,ljcr-difference-sets
ljcr-ds-32077-2916-265-32077,ljcr-difference-sets
ljcr-ds-32101-6100-1159-32101,ljcr-difference-sets
ljcr-ds-32131-14365-6422-32131,ljcr-difference-sets
ljcr-ds-32137-14833-6846-32137,ljcr-difference-sets
ljcr-ds-32151-4501-630-32151,ljcr-difference-sets
ljcr-ds-32175-16087-8043-32175,ljcr-difference-sets
ljcr-ds-32179-10726-3575-32179,ljcr-difference-sets
ljcr-ds-32209-10065-3145-32209,ljcr-difference-sets
ljcr-ds-32275-13366-5535-32275,ljcr-difference-sets
ljcr-ds-32281-13720-5831-32281,ljcr-difference-sets
ljcr-ds-32311-3231-323-32311,ljcr-difference-sets
ljcr-ds-32341-10780-3593-32341,ljcr-difference-sets
ljcr-ds-32385-10880-3655-32385,ljcr-difference-sets
ljcr-ds-32395-5400-900-32395,ljcr-difference-sets
ljcr-ds-32409-12153-4557-32409,ljcr-difference-sets
ljcr-ds-3241-1296-518-3241,ljcr-difference-sets
ljcr-ds-32411-3241-324-32411,ljcr-difference-sets
ljcr-ds-32431-16215-8107-32431,ljcr-difference-sets
ljcr-ds-32445-8112-2028-32445,ljcr-difference-sets
ljcr-ds-32449-10816-3605-32449,ljcr-difference-sets
ljcr-ds-32453-5796-1035-32453,ljcr-difference-sets
ljcr-ds-32473-5248-848-32473,ljcr-difference-sets
ljcr-ds-32485-8121-2030-32485,ljcr-difference-sets
ljcr-ds-32488-1275-50-32488,ljcr-difference-sets
ljcr-ds-32509-15309-7209-32509,ljcr-difference-sets
ljcr-ds-32551-10200-3196-32551,ljcr-difference-sets
ljcr-ds-32551-2976-272-32551,ljcr-difference-sets
ljcr-ds-32571-6515-1303-32571,ljcr-difference-sets
ljcr-ds-32640-10795-3570-32640,ljcr-difference-sets
ljcr-ds-32641-13056-5222-32641,ljcr-difference-sets
ljcr-ds-32641-1921-113-32641,ljcr-difference-sets
ljcr-ds-32645-8161-2040-32645,ljcr-difference-sets
ljcr-ds-32667-16333-8166-32667,ljcr-difference-sets
ljcr-ds-32671-6535-1307-32671,ljcr-difference-sets
ljcr-ds-32713-4089-511-32713,ljcr-difference-sets
ljcr-ds-32723-16361-8180-32723,ljcr-difference-sets
ljcr-ds-32725-7777-1848-32725,ljcr-difference-sets
ljcr-ds-32731-16365-8182-32731,ljcr-difference-sets
ljcr-ds-32731-6546-1309-32731,ljcr-difference-sets
ljcr-ds-32733-4509-621-32733,ljcr-difference-sets
ljcr-ds-3276-525-84-2-1638,ljcr-difference-sets
ljcr-ds-3276-525-84-3-1092,ljcr-difference-sets
ljcr-ds-3276-525-84-3276,ljcr-difference-sets
ljcr-ds-3276-525-84-6-546,ljcr-difference-sets
ljcr-ds-32760-1599-78-32760,ljcr-difference-sets
ljcr-ds-32763-16381-8190-32763,ljcr-difference-sets
ljcr-ds-32767-2667-217-32767,ljcr-difference-sets
ljcr-ds-32767-8128-2016-32767,ljcr-difference-sets
ljcr-ds-32767-8256-2080-32767,ljcr-difference-sets
ljcr-ds-32773-10924-3641-32773,ljcr-difference-sets
ljcr-ds-32787-16393-8196-32787,ljcr-difference-sets
ljcr-ds-32795-16397-8198-32795,ljcr-difference-sets
ljcr-ds-32847-16423-8211-32847,ljcr-difference-sets
ljcr-ds-32869-8217-2054-32869,ljcr-difference-sets
ljcr-ds-32871-14706-6579-32871,ljcr-difference-sets
ljcr-ds-32887-4698-671-32887,ljcr-difference-sets
ljcr-ds-32890-4617-648-32890,ljcr-difference-sets
ljcr-ds-32891-12650-4865-32891,ljcr-difference-sets
ljcr-ds-32891-14950-6795-32891,ljcr-difference-sets
ljcr-ds-32891-3290-329-32891,ljcr-difference-sets
ljcr-ds-32891-7866-1881-32891,ljcr-difference-sets
ljcr-ds-32896-3655-406-32896,ljcr-difference-sets
ljcr-ds-32923-4248-548-32923,ljcr-difference-sets
ljcr-ds-32969-2536-195-32969,ljcr-difference-sets
ljcr-ds-32971-10990-3663-32971,ljcr-difference-sets
ljcr-ds-32981-7276-1605-32981,ljcr-difference-sets
ljcr-ds-33031-11745-4176-33031,ljcr-difference-sets
ljcr-ds-33041-14161-6069-33041,ljcr-difference-sets
ljcr-ds-33055-5509-918-33055,ljcr-difference-sets
ljcr-ds-33079-11026-3675-33079,ljcr-difference-sets
ljcr-ds-33089-6017-1094-33089,ljcr-difference-sets
ljcr-ds-33099-1274-49-33099,ljcr-difference-sets
ljcr-ds-33103-10422-3281-33103,ljcr-difference-sets
ljcr-ds-33103-16551-8275-33103,ljcr-difference-sets
ljcr-ds-33111-2366-169-33111,ljcr-difference-sets
ljcr-ds-33111-5160-804-33111,ljcr-difference-sets
ljcr-ds-3312-946-270-12-276,ljcr-difference-sets
ljcr-ds-3312-946-270-2-1656,ljcr-difference-sets
ljcr-ds-3312-946-270-4-828,ljcr-difference-sets
ljcr-ds-3312-946-270-6-552,ljcr-difference-sets
ljcr-ds-33139-14203-6087-33139,ljcr-difference-sets
ljcr-ds-33156-16055-7774-33156,ljcr-difference-sets
ljcr-ds-33165-8292-2073-33165,ljcr-difference-sets
ljcr-ds-33181-6636-1327-33181,ljcr-difference-sets
ljcr-ds-33187-16593-8296-33187,ljcr-difference-sets
ljcr-ds-33229-4473-602-33229,ljcr-difference-sets
ljcr-ds-33285-8321-2080-33285,ljcr-difference-sets
ljcr-ds-33297-2081-130-33297,ljcr-difference-sets
ljcr-ds-33299-16649-8324-33299,ljcr-difference-sets
ljcr-ds-33306-6661-1332-33306,ljcr-difference-sets
ljcr-ds-33313-11104-3701-33313,ljcr-difference-sets
ljcr-ds-33317-8329-2082-33317,ljcr-difference-sets
ljcr-ds-3333-1225-450-3333,ljcr-difference-sets
ljcr-ds-3333-833-208-3333,ljcr-difference-sets
ljcr-ds-33331-6666-1333-33331,ljcr-difference-sets
ljcr-ds-33333-1924-111-33333,ljcr-difference-sets
ljcr-ds-33345-3648-399-33345,ljcr-difference-sets
ljcr-ds-33349-8337-2084-33349,ljcr-difference-sets
ljcr-ds-33401-12025-4329-33401,ljcr-difference-sets
ljcr-ds-33405-5965-1065-33405,ljcr-difference-sets
ljcr-ds-33423-16711-8355-33423,ljcr-difference-sets
ljcr-ds-33443-16721-8360-33443,ljcr-difference-sets
ljcr-ds-33445-8361-2090-33445,ljcr-difference-sets
ljcr-ds-33464-15043-6762-33464,ljcr-difference-sets
ljcr-ds-33465-15041-6760-33465,ljcr-difference-sets
ljcr-ds-33471-16735-8367-33471,ljcr-difference-sets
ljcr-ds-33481-10665-3397-33481,ljcr-difference-sets
ljcr-ds-33507-13707-5607-33507,ljcr-difference-sets
ljcr-ds-33511-16755-8377-33511,ljcr-difference-sets
ljcr-ds-33535-16767-8383-33535,ljcr-difference-sets
ljcr-ds-33537-5633-946-33537,ljcr-difference-sets
ljcr-ds-33579-14833-6552-33579,ljcr-difference-sets
ljcr-ds-33583-16791-8395-33583,ljcr-difference-sets
ljcr-ds-33619-11206-3735-33619,ljcr-difference-sets
ljcr-ds-33643-15309-6966-33643,ljcr-difference-sets
ljcr-ds-33649-14721-6440-33649,ljcr-difference-sets
ljcr-ds-33691-11230-3743-33691,ljcr-difference-sets
ljcr-ds-33699-1827-99-33699,ljcr-difference-sets
ljcr-ds-33771-16885-8442-33771,ljcr-difference-sets
ljcr-ds-33797-8449-2112-33797,ljcr-difference-sets
ljcr-ds-33825-1057-33-5-6765,ljcr-difference-sets
ljcr-ds-33829-8457-2114-33829,ljcr-difference-sets
ljcr-ds-33903-16951-8475-33903,ljcr-difference-sets
ljcr-ds-33915-7658-1729-33915,ljcr-difference-sets
ljcr-ds-33916-14365-6084-33916,ljcr-difference-sets
ljcr-ds-33971-6795-1359-33971,ljcr-difference-sets
ljcr-ds-33989-8497-2124-33989,ljcr-difference-sets
ljcr-ds-34021-8505-2126-34021,ljcr-difference-sets
ljcr-ds-34045-14185-5910-34045,ljcr-difference-sets
ljcr-ds-34056-7645-1716-34056,ljcr-difference-sets
ljcr-ds-34063-17031-8515-34063,ljcr-difference-sets
ljcr-ds-34069-11356-3785-34069,ljcr-difference-sets
ljcr-ds-34100-3355-330-34100,ljcr-difference-sets
ljcr-ds-34105-7105-1480-34105,ljcr-difference-sets
ljcr-ds-34117-8529-2132-34117,ljcr-difference-sets
ljcr-ds-34131-10240-3072-34131,ljcr-difference-sets
ljcr-ds-34141-11380-3793-34141,ljcr-difference-sets
ljcr-ds-34188-14077-5796-34188,ljcr-difference-sets
ljcr-ds-3421-1216-432-3421,ljcr-difference-sets
ljcr-ds-3421-1521-676-3421,ljcr-difference-sets
ljcr-ds-34221-15341-6877-34221,ljcr-difference-sets
ljcr-ds-34221-6845-1369-34221,ljcr-difference-sets
ljcr-ds-34227-17113-8556-34227,ljcr-difference-sets
ljcr-ds-34255-14014-5733-34255,ljcr-difference-sets
ljcr-ds-34271-13410-5247-34271,ljcr-difference-sets
ljcr-ds-34279-5713-952-34279,ljcr-difference-sets
ljcr-ds-34287-13826-5575-34287,ljcr-difference-sets
ljcr-ds-3429-857-214-3-1143,ljcr-difference-sets
ljcr-ds-3429-857-214-3-3-381,ljcr-difference-sets
ljcr-ds-343-171-85-7-49,ljcr-difference-sets
ljcr-ds-34365-13916-5635-34365,ljcr-difference-sets
ljcr-ds-3439-1719-859-3439,ljcr-difference-sets
ljcr-ds-34393-11464-3821-34393,ljcr-difference-sets
ljcr-ds-34413-14749-6321-34413,ljcr-difference-sets
ljcr-ds-34417-3825-425-34417,ljcr-difference-sets
ljcr-ds-34441-2625-200-34441,ljcr-difference-sets
ljcr-ds-34501-8625-2156-34501,ljcr-difference-sets
ljcr-ds-34511-11340-3726-34511,ljcr-difference-sets
ljcr-ds-34531-12661-4642-34531,ljcr-difference-sets
ljcr-ds-34531-5755-959-34531,ljcr-difference-sets
ljcr-ds-34565-8641-2160-34565,ljcr-difference-sets
ljcr-ds-34575-17287-8643-34575,ljcr-difference-sets
ljcr-ds-34591-5766-961-34591,ljcr-difference-sets
ljcr-ds-34595-17297-8648-34595,ljcr-difference-sets
ljcr-ds-34615-14743-6279-34615,ljcr-difference-sets
ljcr-ds-34623-17311-8655-34623,ljcr-difference-sets
ljcr-ds-34681-16185-7553-34681,ljcr-difference-sets
ljcr-ds-34681-7225-1505-34681,ljcr-difference-sets
ljcr-ds-34684-13663-5382-34684,ljcr-difference-sets
ljcr-ds-34711-13351-5135-34711,ljcr-difference-sets
ljcr-ds-34711-17355-8677-34711,ljcr-difference-sets
ljcr-ds-34715-16337-7688-34715,ljcr-difference-sets
ljcr-ds-3473-1457-611-3473,ljcr-difference-sets
ljcr-ds-3479-518-77-7-497,ljcr-difference-sets
ljcr-ds-34811-17405-8702-34811,ljcr-difference-sets
ljcr-ds-34813-15472-6876-34813,ljcr-difference-sets
ljcr-ds-34813-6769-1316-34813,ljcr-difference-sets
ljcr-ds-34816-1056-32-32-1088,ljcr-difference-sets
ljcr-ds-34821-8705-2176-34821,ljcr-difference-sets
ljcr-ds-34861-13945-5578-34861,ljcr-difference-sets
ljcr-ds-34863-17431-8715-34863,ljcr-difference-sets
ljcr-ds-34901-8725-2181-34901,ljcr-difference-sets
ljcr-ds-34949-8737-2184-34949,ljcr-difference-sets
ljcr-ds-34987-11662-3887-34987,ljcr-difference-sets
ljcr-ds-34989-8748-2187-34989,ljcr-difference-sets
ljcr-ds-34991-17495-8747-34991,ljcr-difference-sets
ljcr-ds-34999-5833-972-34999,ljcr-difference-sets
ljcr-ds-35001-15001-6429-35001,ljcr-difference-sets
ljcr-ds-35003-12728-4628-35003,ljcr-difference-sets
ljcr-ds-3501-876-219-3-1167,ljcr-difference-sets
ljcr-ds-35041-4161-494-35041,ljcr-difference-sets
ljcr-ds-35101-8100-1869-35101,ljcr-difference-sets
ljcr-ds-35113-13377-5096-35113,ljcr-difference-sets
ljcr-ds-35149-8788-2197-35149,ljcr-difference-sets
ljcr-ds-35151-17575-8787-35151,ljcr-difference-sets
ljcr-ds-35156-13351-5070-35156,ljcr-difference-sets
ljcr-ds-35156-7031-1406-35156,ljcr-difference-sets
ljcr-ds-35161-11721-3907-35161,ljcr-difference-sets
ljcr-ds-35181-7036-1407-35181,ljcr-difference-sets
ljcr-ds-3520-460-60-2-1760,ljcr-difference-sets
ljcr-ds-3520-460-60-2-2-2-2-2-110,ljcr-difference-sets
ljcr-ds-3520-460-60-2-2-2-2-220,ljcr-difference-sets
ljcr-ds-3520-460-60-2-2-2-440,ljcr-difference-sets
ljcr-ds-3520-460-60-2-2-4-220,ljcr-difference-sets
ljcr-ds-3520-460-60-2-2-880,ljcr-difference-sets
ljcr-ds-3520-460-60-2-4-440,ljcr-difference-sets
ljcr-ds-3520-460-60-4-4-220,ljcr-difference-sets
ljcr-ds-3520-460-60-4-880,ljcr-difference-sets
ljcr-ds-3520-460-60-8-440,ljcr-difference-sets
ljcr-ds-35224-10149-2924-35224,ljcr-difference-sets
ljcr-ds-35267-15114-6477-35267,ljcr-difference-sets
ljcr-ds-35275-5880-980-35275,ljcr-difference-sets
ljcr-ds-35295-15127-6483-35295,ljcr-difference-sets
ljcr-ds-35299-15688-6972-35299,ljcr-difference-sets
ljcr-ds-3535-589-98-3535,ljcr-difference-sets
ljcr-ds-3536-910-234-4-884,ljcr-difference-sets
ljcr-ds-35431-7086-1417-35431,ljcr-difference-sets
ljcr-ds-35449-4432-554-35449,ljcr-difference-sets
ljcr-ds-35461-8865-2216-35461,ljcr-difference-sets
ljcr-ds-35473-11824-3941-35473,ljcr-difference-sets
ljcr-ds-35475-17737-8868-35475,ljcr-difference-sets
ljcr-ds-35487-12904-4692-35487,ljcr-difference-sets
ljcr-ds-35511-8375-1975-35511,ljcr-difference-sets
ljcr-ds-35519-14750-6125-35519,ljcr-difference-sets
ljcr-ds-35526-4901-676-35526,ljcr-difference-sets
ljcr-ds-35533-8884-2221-35533,ljcr-difference-sets
ljcr-ds-35551-3951-439-35551,ljcr-difference-sets
ljcr-ds-35588-13111-4830-35588,ljcr-difference-sets
ljcr-ds-35589-15253-6537-35589,ljcr-difference-sets
ljcr-ds-35631-12216-4188-35631,ljcr-difference-sets
ljcr-ds-35671-5946-991-35671,ljcr-difference-sets
ljcr-ds-35673-16121-7285-35673,ljcr-difference-sets
ljcr-ds-35685-8921-2230-35685,ljcr-difference-sets
ljcr-ds-35733-8933-2233-35733,ljcr-difference-sets
ljcr-ds-3577-448-56-7-511,ljcr-difference-sets
ljcr-ds-35779-11926-3975-35779,ljcr-difference-sets
ljcr-ds-35791-17895-8947-35791,ljcr-difference-sets
ljcr-ds-35823-17911-8955-35823,ljcr-difference-sets
ljcr-ds-35861-8965-2241-35861,ljcr-difference-sets
ljcr-ds-35893-12961-4680-35893,ljcr-difference-sets
ljcr-ds-3597-900-225-3597,ljcr-difference-sets
ljcr-ds-35971-13080-4756-35971,ljcr-difference-sets
ljcr-ds-35981-15421-6609-35981,ljcr-difference-sets
ljcr-ds-35987-12312-4212-35987,ljcr-difference-sets
ljcr-ds-36001-8001-1778-36001,ljcr-difference-sets
ljcr-ds-36019-6670-1235-36019,ljcr-difference-sets
ljcr-ds-36023-12866-4595-36023,ljcr-difference-sets
ljcr-ds-36027-18013-9006-36027,ljcr-difference-sets
ljcr-ds-36036-14415-5766-36036,ljcr-difference-sets
ljcr-ds-3605-901-225-3605,ljcr-difference-sets
ljcr-ds-36069-9017-2254-36069,ljcr-difference-sets
ljcr-ds-36111-18055-9027-36111,ljcr-difference-sets
ljcr-ds-36135-7743-1659-36135,ljcr-difference-sets
ljcr-ds-36151-6025-1004-36151,ljcr-difference-sets
ljcr-ds-36165-9041-2260-36165,ljcr-difference-sets
ljcr-ds-36169-12057-4019-36169,ljcr-difference-sets
ljcr-ds-36169-4521-565-36169,ljcr-difference-sets
ljcr-ds-3619-1675-775-3619,ljcr-difference-sets
ljcr-ds-36211-8875-2175-36211,ljcr-difference-sets
ljcr-ds-36229-9057-2264-36229,ljcr-difference-sets
ljcr-ds-36271-13455-4991-36271,ljcr-difference-sets
ljcr-ds-36279-1650-75-36279,ljcr-difference-sets
ljcr-ds-36281-4536-567-36281,ljcr-difference-sets
ljcr-ds-36297-11168-3436-36297,ljcr-difference-sets
ljcr-ds-36301-3025-252-36301,ljcr-difference-sets
ljcr-ds-36303-18151-9075-36303,ljcr-difference-sets
ljcr-ds-36319-12106-4035-36319,ljcr-difference-sets
ljcr-ds-36323-18161-9080-36323,ljcr-difference-sets
ljcr-ds-36366-16625-7600-36366,ljcr-difference-sets
ljcr-ds-36381-7276-1455-36381,ljcr-difference-sets
ljcr-ds-36385-7201-1425-36385,ljcr-difference-sets
ljcr-ds-36389-9097-2274-36389,ljcr-difference-sets
ljcr-ds-36437-9109-2277-36437,ljcr-difference-sets
ljcr-ds-36493-9124-2281-36493,ljcr-difference-sets
ljcr-ds-36495-18247-9123-36495,ljcr-difference-sets
ljcr-ds-36507-18253-9126-36507,ljcr-difference-sets
ljcr-ds-36519-6727-1239-36519,ljcr-difference-sets
ljcr-ds-36581-9145-2286-36581,ljcr-difference-sets
ljcr-ds-36583-5629-866-36583,ljcr-difference-sets
ljcr-ds-36583-6097-1016-36583,ljcr-difference-sets
ljcr-ds-36585-10761-3165-36585,ljcr-difference-sets
ljcr-ds-36591-18295-9147-36591,ljcr-difference-sets
ljcr-ds-36594-16169-7144-36594,ljcr-difference-sets
ljcr-ds-3661-976-260-3661,ljcr-difference-sets
ljcr-ds-36645-9161-2290-36645,ljcr-difference-sets
ljcr-ds-36661-12220-4073-36661,ljcr-difference-sets
ljcr-ds-36673-192-1-13-2821,ljcr-difference-sets
ljcr-ds-36685-13248-4784-36685,ljcr-difference-sets
ljcr-ds-3669-393-42-3669,ljcr-difference-sets
ljcr-ds-36709-9177-2294-36709,ljcr-difference-sets
ljcr-ds-36720-4527-558-36720,ljcr-difference-sets
ljcr-ds-36723-18361-9180-36723,ljcr-difference-sets
ljcr-ds-36741-9185-2296-36741,ljcr-difference-sets
ljcr-ds-36765-15757-6753-36765,ljcr-difference-sets
ljcr-ds-36775-1135-35-36775,ljcr-difference-sets
ljcr-ds-36801-576-9-3-12267,ljcr-difference-sets
ljcr-ds-36801-576-9-3-3-4089,ljcr-difference-sets
ljcr-ds-36837-9209-2302-36837,ljcr-difference-sets
ljcr-ds-36871-12291-4097-36871,ljcr-difference-sets
ljcr-ds-36871-7375-1475-36871,ljcr-difference-sets
ljcr-ds-36891-15470-6487-36891,ljcr-difference-sets
ljcr-ds-36895-12298-4099-36895,ljcr-difference-sets
ljcr-ds-36895-14664-5828-36895,ljcr-difference-sets
ljcr-ds-36895-9504-2448-36895,ljcr-difference-sets
ljcr-ds-36897-1153-36-36897,ljcr-difference-sets
ljcr-ds-36925-8688-2044-36925,ljcr-difference-sets
ljcr-ds-36939-13432-4884-36939,ljcr-difference-sets
ljcr-ds-37051-5226-737-37051,ljcr-difference-sets
ljcr-ds-37056-7411-1482-37056,ljcr-difference-sets
ljcr-ds-37061-9265-2316-37061,ljcr-difference-sets
ljcr-ds-37081-13905-5214-37081,ljcr-difference-sets
ljcr-ds-37081-6696-1209-37081,ljcr-difference-sets
ljcr-ds-37087-17661-8410-37087,ljcr-difference-sets
ljcr-ds-37103-18551-9275-37103,ljcr-difference-sets
ljcr-ds-37107-18553-9276-37107,ljcr-difference-sets
ljcr-ds-37115-5544-828-37115,ljcr-difference-sets
ljcr-ds-37128-12467-4186-37128,ljcr-difference-sets
ljcr-ds-37131-18565-9282-37131,ljcr-difference-sets
ljcr-ds-37147-18573-9286-37147,ljcr-difference-sets
ljcr-ds-37157-9289-2322-37157,ljcr-difference-sets
ljcr-ds-37219-12406-4135-37219,ljcr-difference-sets
ljcr-ds-37221-9305-2326-37221,ljcr-difference-sets
ljcr-ds-37231-6205-1034-37231,ljcr-difference-sets
ljcr-ds-37259-12897-4464-37259,ljcr-difference-sets
ljcr-ds-37261-11340-3451-37261,ljcr-difference-sets
ljcr-ds-37261-12880-4452-37261,ljcr-difference-sets
ljcr-ds-37264-12421-4140-37264,ljcr-difference-sets
ljcr-ds-37309-12436-4145-37309,ljcr-difference-sets
ljcr-ds-37315-3456-320-37315,ljcr-difference-sets
ljcr-ds-37317-9329-2332-37317,ljcr-difference-sets
ljcr-ds-37327-18663-9331-37327,ljcr-difference-sets
ljcr-ds-37345-7392-1463-37345,ljcr-difference-sets
ljcr-ds-37371-18685-9342-37371,ljcr-difference-sets
ljcr-ds-37431-12806-4381-37431,ljcr-difference-sets
ljcr-ds-37467-8646-1995-37467,ljcr-difference-sets
ljcr-ds-37468-9775-2550-37468,ljcr-difference-sets
ljcr-ds-37489-12496-4165-37489,ljcr-difference-sets
ljcr-ds-3751-625-104-11-341,ljcr-difference-sets
ljcr-ds-37531-14040-5252-37531,ljcr-difference-sets
ljcr-ds-37541-9385-2346-37541,ljcr-difference-sets
ljcr-ds-37549-9388-2347-37549,ljcr-difference-sets
ljcr-ds-37551-18775-9387-37551,ljcr-difference-sets
ljcr-ds-37583-17158-7833-37583,ljcr-difference-sets
ljcr-ds-37631-18815-9407-37631,ljcr-difference-sets
ljcr-ds-37635-18817-9408-37635,ljcr-difference-sets
ljcr-ds-37637-9409-2352-37637,ljcr-difference-sets
ljcr-ds-37669-12556-4185-37669,ljcr-difference-sets
ljcr-ds-37669-14965-5945-37669,ljcr-difference-sets
ljcr-ds-37669-7009-1304-37669,ljcr-difference-sets
ljcr-ds-37711-18855-9427-37711,ljcr-difference-sets
ljcr-ds-3775-1480-580-3775,ljcr-difference-sets
ljcr-ds-37763-18881-9440-37763,ljcr-difference-sets
ljcr-ds-37808-6875-1250-37808,ljcr-difference-sets
ljcr-ds-37861-9465-2366-37861,ljcr-difference-sets
ljcr-ds-37879-6313-1052-37879,ljcr-difference-sets
ljcr-ds-37881-2841-213-37881,ljcr-difference-sets
ljcr-ds-3789-948-237-3-1263,ljcr-difference-sets
ljcr-ds-3789-948-237-3789,ljcr-difference-sets
ljcr-ds-37899-18949-9474-37899,ljcr-difference-sets
ljcr-ds-37961-10440-2871-37961,ljcr-difference-sets
ljcr-ds-37981-3376-300-37981,ljcr-difference-sets
ljcr-ds-37983-5426-775-37983,ljcr-difference-sets
ljcr-ds-38011-12670-4223-38011,ljcr-difference-sets
ljcr-ds-38017-9856-2555-38017,ljcr-difference-sets
ljcr-ds-38031-11410-3423-38031,ljcr-difference-sets
ljcr-ds-38031-19015-9507-38031,ljcr-difference-sets
ljcr-ds-3807-693-126-3-3-3-141,ljcr-difference-sets
ljcr-ds-3807-693-126-3-3-423,ljcr-difference-sets
ljcr-ds-3807-693-126-9-423,ljcr-difference-sets
ljcr-ds-38115-1122-33-38115,ljcr-difference-sets
ljcr-ds-38115-5016-660-38115,ljcr-difference-sets
ljcr-ds-38117-9529-2382-38117,ljcr-difference-sets
ljcr-ds-38121-7625-1525-38121,ljcr-difference-sets
ljcr-ds-38130-14665-5640-38130,ljcr-difference-sets
ljcr-ds-38181-9545-2386-38181,ljcr-difference-sets
ljcr-ds-38185-9288-2259-38185,ljcr-difference-sets
ljcr-ds-38187-19093-9546-38187,ljcr-difference-sets
ljcr-ds-38191-13870-5037-38191,ljcr-difference-sets
ljcr-ds-38191-16416-7056-38191,ljcr-difference-sets
ljcr-ds-38191-9045-2142-38191,ljcr-difference-sets
ljcr-ds-38192-1267-42-38192,ljcr-difference-sets
ljcr-ds-38195-19097-9548-38195,ljcr-difference-sets
ljcr-ds-38227-6648-1156-38227,ljcr-difference-sets
ljcr-ds-3825-240-15-15-255,ljcr-difference-sets
ljcr-ds-3825-240-15-3-1275,ljcr-difference-sets
ljcr-ds-3825-240-15-5-765,ljcr-difference-sets
ljcr-ds-38331-19165-9582-38331,ljcr-difference-sets
ljcr-ds-38411-8350-1815-38411,ljcr-difference-sets
ljcr-ds-38415-19207-9603-38415,ljcr-difference-sets
ljcr-ds-38451-19225-9612-38451,ljcr-difference-sets
ljcr-ds-38473-8016-1670-38473,ljcr-difference-sets
ljcr-ds-38501-9625-2406-38501,ljcr-difference-sets
ljcr-ds-38505-14440-5415-38505,ljcr-difference-sets
ljcr-ds-3851-1001-260-3851,ljcr-difference-sets
ljcr-ds-38523-19261-9630-38523,ljcr-difference-sets
ljcr-ds-38533-9633-2408-38533,ljcr-difference-sets
ljcr-ds-38569-12856-4285-38569,ljcr-difference-sets
ljcr-ds-38571-7715-1543-38571,ljcr-difference-sets
ljcr-ds-38597-9649-2412-38597,ljcr-difference-sets
ljcr-ds-38601-6176-988-38601,ljcr-difference-sets
ljcr-ds-38608-14383-5358-38608,ljcr-difference-sets
ljcr-ds-38629-9657-2414-38629,ljcr-difference-sets
ljcr-ds-3871-990-253-3871,ljcr-difference-sets
ljcr-ds-3871-990-253-7-553,ljcr-difference-sets
ljcr-ds-38760-9605-2380-38760,ljcr-difference-sets
ljcr-ds-38803-12934-4311-38803,ljcr-difference-sets
ljcr-ds-38817-13344-4587-38817,ljcr-difference-sets
ljcr-ds-3887-871-195-13-299,ljcr-difference-sets
ljcr-ds-3888-507-66-18-216,ljcr-difference-sets
ljcr-ds-3888-507-66-2-18-108,ljcr-difference-sets
ljcr-ds-3888-507-66-2-2-18-54,ljcr-difference-sets
ljcr-ds-3888-507-66-2-6-18-18,ljcr-difference-sets
ljcr-ds-3888-507-66-2-6-6-54,ljcr-difference-sets
ljcr-ds-3888-507-66-3-12-108,ljcr-difference-sets
ljcr-ds-3888-507-66-3-18-72,ljcr-difference-sets
ljcr-ds-3888-507-66-3-3-12-36,ljcr-difference-sets
ljcr-ds-3888-507-66-3-3-3-12-12,ljcr-difference-sets
ljcr-ds-3888-507-66-3-3-3-144,ljcr-difference-sets
ljcr-ds-3888-507-66-3-3-3-3-48,ljcr-difference-sets
ljcr-ds-3888-507-66-3-3-3-6-24,ljcr-difference-sets
ljcr-ds-3888-507-66-3-3-432,ljcr-difference-sets
ljcr-ds-3888-507-66-3-3-6-6-12,ljcr-difference-sets
ljcr-ds-3888-507-66-3-3-6-72,ljcr-difference-sets
ljcr-ds-3888-507-66-3-36-36,ljcr-difference-sets
ljcr-ds-3888-507-66-3-6-216,ljcr-difference-sets
ljcr-ds-3888-507-66-3-6-6-36,ljcr-difference-sets
ljcr-ds-3888-507-66-3-6-6-6-6,ljcr-difference-sets
ljcr-ds-3888-507-66-3-9-144,ljcr-difference-sets
ljcr-ds-3888-507-66-36-108,ljcr-difference-sets
ljcr-ds-3888-507-66-6-18-36,ljcr-difference-sets
ljcr-ds-3888-507-66-6-6-108,ljcr-difference-sets
ljcr-ds-3888-507-66-6-6-6-18,ljcr-difference-sets
ljcr-ds-3888-507-66-6-648,ljcr-difference-sets
ljcr-ds-3888-507-66-9-432,ljcr-difference-sets
ljcr-ds-38893-9261-2205-38893,ljcr-difference-sets
ljcr-ds-38911-19455-9727-38911,ljcr-difference-sets
ljcr-ds-38917-9729-2432-38917,ljcr-difference-sets
ljcr-ds-38920-12973-4324-38920,ljcr-difference-sets
ljcr-ds-38931-19465-9732-38931,ljcr-difference-sets
ljcr-ds-38991-19495-9747-38991,ljcr-difference-sets
ljcr-ds-39045-9761-2440-39045,ljcr-difference-sets
ljcr-ds-39051-19525-9762-39051,ljcr-difference-sets
ljcr-ds-39051-2201-124-39051,ljcr-difference-sets
ljcr-ds-39055-19527-9763-39055,ljcr-difference-sets
ljcr-ds-3906-781-156-3-1302,ljcr-difference-sets
ljcr-ds-39109-9777-2444-39109,ljcr-difference-sets
ljcr-ds-3911-460-54-3911,ljcr-difference-sets
ljcr-ds-3913-489-61-3913,ljcr-difference-sets
ljcr-ds-39147-19573-9786-39147,ljcr-difference-sets
ljcr-ds-39181-9796-2449-39181,ljcr-difference-sets
ljcr-ds-39215-16807-7203-39215,ljcr-difference-sets
ljcr-ds-39267-19633-9816-39267,ljcr-difference-sets
ljcr-ds-39269-9817-2454-39269,ljcr-difference-sets
ljcr-ds-39275-19637-9818-39275,ljcr-difference-sets
ljcr-ds-39292-18711-8910-39292,ljcr-difference-sets
ljcr-ds-39295-4366-485-39295,ljcr-difference-sets
ljcr-ds-39301-9825-2456-39301,ljcr-difference-sets
ljcr-ds-39312-18621-8820-39312,ljcr-difference-sets
ljcr-ds-39325-13108-4369-39325,ljcr-difference-sets
ljcr-ds-39361-13120-4373-39361,ljcr-difference-sets
ljcr-ds-3937-1600-650-3937,ljcr-difference-sets
ljcr-ds-39411-15765-6306-39411,ljcr-difference-sets
ljcr-ds-39412-18271-8470-39412,ljcr-difference-sets
ljcr-ds-39429-9857-2464-39429,ljcr-difference-sets
ljcr-ds-39431-11830-3549-39431,ljcr-difference-sets
ljcr-ds-39471-19735-9867-39471,ljcr-difference-sets
ljcr-ds-39501-11376-3276-39501,ljcr-difference-sets
ljcr-ds-39501-9876-2469-39501,ljcr-difference-sets
ljcr-ds-3951-1501-570-3951,ljcr-difference-sets
ljcr-ds-39525-11809-3528-39525,ljcr-difference-sets
ljcr-ds-39560-17901-8100-39560,ljcr-difference-sets
ljcr-ds-39571-7915-1583-39571,ljcr-difference-sets
ljcr-ds-39577-12513-3956-39577,ljcr-difference-sets
ljcr-ds-39583-19791-9895-39583,ljcr-difference-sets
ljcr-ds-39585-3712-348-39585,ljcr-difference-sets
ljcr-ds-39589-3300-275-39589,ljcr-difference-sets
ljcr-ds-39603-19801-9900-39603,ljcr-difference-sets
ljcr-ds-39613-13204-4401-39613,ljcr-difference-sets
ljcr-ds-39649-5664-809-39649,ljcr-difference-sets
ljcr-ds-39691-19845-9922-39691,ljcr-difference-sets
ljcr-ds-39711-1805-82-39711,ljcr-difference-sets
ljcr-ds-39753-4969-621-39753,ljcr-difference-sets
ljcr-ds-39771-19885-9942-39771,ljcr-difference-sets
ljcr-ds-39776-17501-7700-39776,ljcr-difference-sets
ljcr-ds-39805-2140-115-39805,ljcr-difference-sets
ljcr-ds-39877-9969-2492-39877,ljcr-difference-sets
ljcr-ds-39901-13300-4433-39901,ljcr-difference-sets
ljcr-ds-3991-1330-443-3991,ljcr-difference-sets
ljcr-ds-39919-19959-9979-39919,ljcr-difference-sets
ljcr-ds-39919-6654-1109-39919,ljcr-difference-sets
ljcr-ds-39941-9985-2496-39941,ljcr-difference-sets
ljcr-ds-39951-19176-9204-39951,ljcr-difference-sets
ljcr-ds-39953-2497-156-39953,ljcr-difference-sets
ljcr-ds-39977-16569-6867-39977,ljcr-difference-sets
ljcr-ds-39999-19999-9999-39999,ljcr-difference-sets
ljcr-ds-400-190-90-10-40,ljcr-difference-sets
ljcr-ds-400-190-90-2-10-20,ljcr-difference-sets
ljcr-ds-400-190-90-20-20,ljcr-difference-sets
ljcr-ds-4000-775-150-10-400,ljcr-difference-sets
ljcr-ds-4000-775-150-2-10-200,ljcr-difference-sets
ljcr-ds-4000-775-150-2-20-100,ljcr-difference-sets
ljcr-ds-4000-775-150-20-200,ljcr-difference-sets
ljcr-ds-40007-7471-1395-40007,ljcr-difference-sets
ljcr-ds-40009-5001-625-40009,ljcr-difference-sets
ljcr-ds-40021-10005-2501-40021,ljcr-difference-sets
ljcr-ds-40021-18676-8715-40021,ljcr-difference-sets
ljcr-ds-40021-5221-681-40021,ljcr-difference-sets
ljcr-ds-40027-7624-1452-40027,ljcr-difference-sets
ljcr-ds-40033-13761-4730-40033,ljcr-difference-sets
ljcr-ds-40037-10009-2502-40037,ljcr-difference-sets
ljcr-ds-4005-1001-250-3-1335,ljcr-difference-sets
ljcr-ds-40051-11125-3090-40051,ljcr-difference-sets
ljcr-ds-40051-11926-3551-40051,ljcr-difference-sets
ljcr-ds-40051-801-16-11-3641,ljcr-difference-sets
ljcr-ds-40051-801-16-40051,ljcr-difference-sets
ljcr-ds-40111-13371-4457-40111,ljcr-difference-sets
ljcr-ds-40135-13378-4459-40135,ljcr-difference-sets
ljcr-ds-40136-10121-2552-40136,ljcr-difference-sets
ljcr-ds-40139-14336-5120-40139,ljcr-difference-sets
ljcr-ds-40153-15057-5646-40153,ljcr-difference-sets
ljcr-ds-40205-16929-7128-40205,ljcr-difference-sets
ljcr-ds-40223-11662-3381-40223,ljcr-difference-sets
ljcr-ds-4025-504-63-4025,ljcr-difference-sets
ljcr-ds-4025-504-63-5-805,ljcr-difference-sets
ljcr-ds-40261-10065-2516-40261,ljcr-difference-sets
ljcr-ds-40267-20133-10066-40267,ljcr-difference-sets
ljcr-ds-40271-8055-1611-40271,ljcr-difference-sets
ljcr-ds-40291-6715-1119-40291,ljcr-difference-sets
ljcr-ds-4032-696-120-12-336,ljcr-difference-sets
ljcr-ds-4032-696-120-2-12-168,ljcr-difference-sets
ljcr-ds-4032-696-120-2-2-1008,ljcr-difference-sets
ljcr-ds-4032-696-120-2-2-2-504,ljcr-difference-sets
ljcr-ds-4032-696-120-2-2-6-168,ljcr-difference-sets
ljcr-ds-4032-696-120-2-2016,ljcr-difference-sets
ljcr-ds-4032-696-120-2-4-504,ljcr-difference-sets
ljcr-ds-4032-696-120-2-6-336,ljcr-difference-sets
ljcr-ds-4032-696-120-24-168,ljcr-difference-sets
ljcr-ds-4032-696-120-4-1008,ljcr-difference-sets
ljcr-ds-4032-696-120-6-672,ljcr-difference-sets
ljcr-ds-4032-696-120-8-504,ljcr-difference-sets
ljcr-ds-40381-10096-2524-40381,ljcr-difference-sets
ljcr-ds-40399-20199-10099-40399,ljcr-difference-sets
ljcr-ds-40411-4041-404-40411,ljcr-difference-sets
ljcr-ds-40443-9418-2193-40443,ljcr-difference-sets
ljcr-ds-40470-13585-4560-40470,ljcr-difference-sets
ljcr-ds-40489-11809-3444-40489,ljcr-difference-sets
ljcr-ds-40489-7953-1562-40489,ljcr-difference-sets
ljcr-ds-40495-20247-10123-40495,ljcr-difference-sets
ljcr-ds-40531-8106-1621-40531,ljcr-difference-sets
ljcr-ds-40533-10133-2533-40533,ljcr-difference-sets
ljcr-ds-40563-20281-10140-40563,ljcr-difference-sets
ljcr-ds-4061-1856-848-4061,ljcr-difference-sets
ljcr-ds-40612-13537-4512-40612,ljcr-difference-sets
ljcr-ds-40645-10161-2540-40645,ljcr-difference-sets
ljcr-ds-40671-15190-5673-40671,ljcr-difference-sets
ljcr-ds-40671-8135-1627-40671,ljcr-difference-sets
ljcr-ds-40687-20343-10171-40687,ljcr-difference-sets
ljcr-ds-40693-13564-4521-40693,ljcr-difference-sets
ljcr-ds-40755-13490-4465-40755,ljcr-difference-sets
ljcr-ds-40767-2398-141-40767,ljcr-difference-sets
ljcr-ds-40831-12250-3675-40831,ljcr-difference-sets
ljcr-ds-40847-9426-2175-40847,ljcr-difference-sets
ljcr-ds-40849-17872-7819-40849,ljcr-difference-sets
ljcr-ds-40911-20455-10227-40911,ljcr-difference-sets
ljcr-ds-40921-13641-4547-40921,ljcr-difference-sets
ljcr-ds-40921-16896-6976-40921,ljcr-difference-sets
ljcr-ds-40921-8185-1637-40921,ljcr-difference-sets
ljcr-ds-4095-1335-435-4095,ljcr-difference-sets
ljcr-ds-40964-3289-264-40964,ljcr-difference-sets
ljcr-ds-40965-10241-2560-40965,ljcr-difference-sets
ljcr-ds-41005-18225-8100-41005,ljcr-difference-sets
ljcr-ds-41031-11936-3472-41031,ljcr-difference-sets
ljcr-ds-41047-13683-4561-41047,ljcr-difference-sets
ljcr-ds-41047-6841-1140-41047,ljcr-difference-sets
ljcr-ds-41053-3421-285-41053,ljcr-difference-sets
ljcr-ds-41071-13690-4563-41071,ljcr-difference-sets
ljcr-ds-41071-20535-10267-41071,ljcr-difference-sets
ljcr-ds-41073-19329-9096-41073,ljcr-difference-sets
ljcr-ds-41103-20551-10275-41103,ljcr-difference-sets
ljcr-ds-4113-257-16-3-1371,ljcr-difference-sets
ljcr-ds-4113-257-16-4113,ljcr-difference-sets
ljcr-ds-41161-5145-643-41161,ljcr-difference-sets
ljcr-ds-41182-13357-4332-41182,ljcr-difference-sets
ljcr-ds-41189-10297-2574-41189,ljcr-difference-sets
ljcr-ds-41211-4121-412-41211,ljcr-difference-sets
ljcr-ds-41263-8464-1736-41263,ljcr-difference-sets
ljcr-ds-41275-11466-3185-41275,ljcr-difference-sets
ljcr-ds-41301-10325-2581-41301,ljcr-difference-sets
ljcr-ds-41375-7399-1323-41375,ljcr-difference-sets
ljcr-ds-41381-10345-2586-41381,ljcr-difference-sets
ljcr-ds-41407-20703-10351-41407,ljcr-difference-sets
ljcr-ds-41419-16875-6875-41419,ljcr-difference-sets
ljcr-ds-41420-2135-110-41420,ljcr-difference-sets
ljcr-ds-41421-8285-1657-41421,ljcr-difference-sets
ljcr-ds-41427-20713-10356-41427,ljcr-difference-sets
ljcr-ds-4145-1296-405-4145,ljcr-difference-sets
ljcr-ds-41464-4608-512-41464,ljcr-difference-sets
ljcr-ds-41481-13176-4185-41481,ljcr-difference-sets
ljcr-ds-41487-20743-10371-41487,ljcr-difference-sets
ljcr-ds-41528-15851-6050-41528,ljcr-difference-sets
ljcr-ds-41551-20775-10387-41551,ljcr-difference-sets
ljcr-ds-41557-10389-2597-41557,ljcr-difference-sets
ljcr-ds-41581-1540-57-41581,ljcr-difference-sets
ljcr-ds-416-166-66-2-2-104,ljcr-difference-sets
ljcr-ds-416-166-66-2-208,ljcr-difference-sets
ljcr-ds-416-166-66-4-104,ljcr-difference-sets
ljcr-ds-41705-12832-3948-41705,ljcr-difference-sets
ljcr-ds-41751-20375-9943-41751,ljcr-difference-sets
ljcr-ds-4176-501-60-12-348,ljcr-difference-sets
ljcr-ds-4176-501-60-2-2-1044,ljcr-difference-sets
ljcr-ds-4176-501-60-2-2088,ljcr-difference-sets
ljcr-ds-4176-501-60-2-6-348,ljcr-difference-sets
ljcr-ds-4176-501-60-3-1392,ljcr-difference-sets
ljcr-ds-4176-501-60-4-1044,ljcr-difference-sets
ljcr-ds-4176-501-60-4176,ljcr-difference-sets
ljcr-ds-4176-501-60-6-696,ljcr-difference-sets
ljcr-ds-41831-15041-5408-41831,ljcr-difference-sets
ljcr-ds-41867-20933-10466-41867,ljcr-difference-sets
ljcr-ds-41899-20949-10474-41899,ljcr-difference-sets
ljcr-ds-41957-10489-2622-41957,ljcr-difference-sets
ljcr-ds-41967-20983-10491-41967,ljcr-difference-sets
ljcr-ds-41976-5475-714-41976,ljcr-difference-sets
ljcr-ds-41987-20993-10496-41987,ljcr-difference-sets
ljcr-ds-4201-1576-591-4201,ljcr-difference-sets
ljcr-ds-42021-8405-1681-42021,ljcr-difference-sets
ljcr-ds-42031-21015-10507-42031,ljcr-difference-sets
ljcr-ds-42031-8406-1681-42031,ljcr-difference-sets
ljcr-ds-42043-14014-4671-42043,ljcr-difference-sets
ljcr-ds-42075-9265-2040-42075,ljcr-difference-sets
ljcr-ds-42123-21061-10530-42123,ljcr-difference-sets
ljcr-ds-42127-21063-10531-42127,ljcr-difference-sets
ljcr-ds-42144-11323-3042-42144,ljcr-difference-sets
ljcr-ds-42151-15175-5463-42151,ljcr-difference-sets
ljcr-ds-42155-21077-10538-42155,ljcr-difference-sets
ljcr-ds-42161-8960-1904-42161,ljcr-difference-sets
ljcr-ds-42175-10935-2835-42175,ljcr-difference-sets
ljcr-ds-42211-7371-1287-42211,ljcr-difference-sets
ljcr-ds-42259-14086-4695-42259,ljcr-difference-sets
ljcr-ds-42275-920-20-5-8455,ljcr-difference-sets
ljcr-ds-42277-10569-2642-42277,ljcr-difference-sets
ljcr-ds-42333-8912-1876-42333,ljcr-difference-sets
ljcr-ds-42351-18151-7779-42351,ljcr-difference-sets
ljcr-ds-42361-16945-6778-42361,ljcr-difference-sets
ljcr-ds-42383-21191-10595-42383,ljcr-difference-sets
ljcr-ds-42447-21223-10611-42447,ljcr-difference-sets
ljcr-ds-42449-4928-572-42449,ljcr-difference-sets
ljcr-ds-42471-12741-3822-42471,ljcr-difference-sets
ljcr-ds-42484-11271-2990-42484,ljcr-difference-sets
ljcr-ds-425-160-60-5-85,ljcr-difference-sets
ljcr-ds-42507-21253-10626-42507,ljcr-difference-sets
ljcr-ds-42511-21255-10627-42511,ljcr-difference-sets
ljcr-ds-42515-21257-10628-42515,ljcr-difference-sets
ljcr-ds-42541-17725-7385-42541,ljcr-difference-sets
ljcr-ds-42543-21271-10635-42543,ljcr-difference-sets
ljcr-ds-4256-1036-252-2-2128,ljcr-difference-sets
ljcr-ds-4256-1036-252-4-1064,ljcr-difference-sets
ljcr-ds-42597-10649-2662-42597,ljcr-difference-sets
ljcr-ds-42602-3277-252-42602,ljcr-difference-sets
ljcr-ds-42613-9381-2065-42613,ljcr-difference-sets
ljcr-ds-42615-1937-88-42615,ljcr-difference-sets
ljcr-ds-42625-1665-65-42625,ljcr-difference-sets
ljcr-ds-42637-14212-4737-42637,ljcr-difference-sets
ljcr-ds-42673-16129-6096-42673,ljcr-difference-sets
ljcr-ds-42735-21367-10683-42735,ljcr-difference-sets
ljcr-ds-42745-8632-1743-42745,ljcr-difference-sets
ljcr-ds-42747-21373-10686-42747,ljcr-difference-sets
ljcr-ds-42805-9513-2114-42805,ljcr-difference-sets
ljcr-ds-42813-10704-2676-42813,ljcr-difference-sets
ljcr-ds-42829-10708-2677-42829,ljcr-difference-sets
ljcr-ds-42883-7147-1191-42883,ljcr-difference-sets
ljcr-ds-42927-21463-10731-42927,ljcr-difference-sets
ljcr-ds-42949-10737-2684-42949,ljcr-difference-sets
ljcr-ds-42951-12026-3367-42951,ljcr-difference-sets
ljcr-ds-43023-21511-10755-43023,ljcr-difference-sets
ljcr-ds-43025-2689-168-43025,ljcr-difference-sets
ljcr-ds-43029-10757-2689-43029,ljcr-difference-sets
ljcr-ds-43033-4401-450-43033,ljcr-difference-sets
ljcr-ds-43036-3021-212-43036,ljcr-difference-sets
ljcr-ds-43057-13248-4076-43057,ljcr-difference-sets
ljcr-ds-43087-21543-10771-43087,ljcr-difference-sets
ljcr-ds-43111-19161-8516-43111,ljcr-difference-sets
ljcr-ds-43111-6706-1043-43111,ljcr-difference-sets
ljcr-ds-43183-21591-10795-43183,ljcr-difference-sets
ljcr-ds-43213-3601-300-43213,ljcr-difference-sets
ljcr-ds-43263-2231-115-43263,ljcr-difference-sets
ljcr-ds-43267-21633-10816-43267,ljcr-difference-sets
ljcr-ds-43282-12825-3800-43282,ljcr-difference-sets
ljcr-ds-43291-9621-2138-43291,ljcr-difference-sets
ljcr-ds-43307-18350-7775-43307,ljcr-difference-sets
ljcr-ds-43311-21655-10827-43311,ljcr-difference-sets
ljcr-ds-43321-14440-4813-43321,ljcr-difference-sets
ljcr-ds-43369-12649-3689-43369,ljcr-difference-sets
ljcr-ds-43401-15625-5625-43401,ljcr-difference-sets
ljcr-ds-43407-21703-10851-43407,ljcr-difference-sets
ljcr-ds-43435-17272-6868-43435,ljcr-difference-sets
ljcr-ds-43435-6859-1083-43435,ljcr-difference-sets
ljcr-ds-43439-12914-3839-43439,ljcr-difference-sets
ljcr-ds-43439-21719-10859-43439,ljcr-difference-sets
ljcr-ds-43471-15526-5545-43471,ljcr-difference-sets
ljcr-ds-43471-6210-887-43471,ljcr-difference-sets
ljcr-ds-43485-20189-9373-43485,ljcr-difference-sets
ljcr-ds-43493-8384-1616-43493,ljcr-difference-sets
ljcr-ds-43511-17405-6962-43511,ljcr-difference-sets
ljcr-ds-43520-6217-888-43520,ljcr-difference-sets
ljcr-ds-43525-10881-2720-43525,ljcr-difference-sets
ljcr-ds-43540-4417-448-43540,ljcr-difference-sets
ljcr-ds-4355-2177-1088-4355,ljcr-difference-sets
ljcr-ds-43563-5682-741-43563,ljcr-difference-sets
ljcr-ds-43611-21805-10902-43611,ljcr-difference-sets
ljcr-ds-43617-10528-2541-43617,ljcr-difference-sets
ljcr-ds-4367-1888-816-4367,ljcr-difference-sets
ljcr-ds-4370-2057-968-4370,ljcr-difference-sets
ljcr-ds-43711-13020-3878-43711,ljcr-difference-sets
ljcr-ds-43717-10929-2732-43717,ljcr-difference-sets
ljcr-ds-43729-14577-4859-43729,ljcr-difference-sets
ljcr-ds-43749-10937-2734-43749,ljcr-difference-sets
ljcr-ds-43773-10944-2736-43773,ljcr-difference-sets
ljcr-ds-43781-10945-2736-43781,ljcr-difference-sets
ljcr-ds-43785-8841-1785-43785,ljcr-difference-sets
ljcr-ds-43804-19468-8652-43804,ljcr-difference-sets
ljcr-ds-43841-17536-7014-43841,ljcr-difference-sets
ljcr-ds-43883-21941-10970-43883,ljcr-difference-sets
ljcr-ds-43897-5488-686-43897,ljcr-difference-sets
ljcr-ds-4393-793-143-4393,ljcr-difference-sets
ljcr-ds-43951-14650-4883-43951,ljcr-difference-sets
ljcr-ds-4401-176-7-3-1467,ljcr-difference-sets
ljcr-ds-4401-176-7-3-3-489,ljcr-difference-sets
ljcr-ds-4401-176-7-4401,ljcr-difference-sets
ljcr-ds-44023-12673-3648-44023,ljcr-difference-sets
ljcr-ds-44092-3267-242-44092,ljcr-difference-sets
ljcr-ds-44111-17645-7058-44111,ljcr-difference-sets
ljcr-ds-44116-21625-10600-44116,ljcr-difference-sets
ljcr-ds-44145-21360-10335-44145,ljcr-difference-sets
ljcr-ds-44157-4732-507-44157,ljcr-difference-sets
ljcr-ds-4417-1473-491-4417,ljcr-difference-sets
ljcr-ds-44177-19328-8456-44177,ljcr-difference-sets
ljcr-ds-4421-1105-276-4421,ljcr-difference-sets
ljcr-ds-44220-12635-3610-44220,ljcr-difference-sets
ljcr-ds-44243-22121-11060-44243,ljcr-difference-sets
ljcr-ds-44252-20825-9800-44252,ljcr-difference-sets
ljcr-ds-44287-22143-11071-44287,ljcr-difference-sets
ljcr-ds-44289-6401-925-44289,ljcr-difference-sets
ljcr-ds-4431-886-177-4431,ljcr-difference-sets
ljcr-ds-44330-20565-9540-44330,ljcr-difference-sets
ljcr-ds-44357-11089-2772-44357,ljcr-difference-sets
ljcr-ds-44401-10176-2332-44401,ljcr-difference-sets
ljcr-ds-44415-8799-1743-44415,ljcr-difference-sets
ljcr-ds-44431-22215-11107-44431,ljcr-difference-sets
ljcr-ds-4446-1905-816-4446,ljcr-difference-sets
ljcr-ds-44463-22231-11115-44463,ljcr-difference-sets
ljcr-ds-44491-14830-4943-44491,ljcr-difference-sets
ljcr-ds-44499-9368-1972-44499,ljcr-difference-sets
ljcr-ds-44517-6821-1045-44517,ljcr-difference-sets
ljcr-ds-44527-22263-11131-44527,ljcr-difference-sets
ljcr-ds-44541-3145-222-44541,ljcr-difference-sets
ljcr-ds-44549-11137-2784-44549,ljcr-difference-sets
ljcr-ds-4455-918-189-3-1485,ljcr-difference-sets
ljcr-ds-4455-918-189-9-495,ljcr-difference-sets
ljcr-ds-44556-7505-1264-44556,ljcr-difference-sets
ljcr-ds-44575-7429-1238-44575,ljcr-difference-sets
ljcr-ds-44604-19929-8904-44604,ljcr-difference-sets
ljcr-ds-44605-19117-8193-44605,ljcr-difference-sets
ljcr-ds-44611-7435-1239-44611,ljcr-difference-sets
ljcr-ds-44643-18786-7905-44643,ljcr-difference-sets
ljcr-ds-4465-496-55-4465,ljcr-difference-sets
ljcr-ds-44650-19845-8820-44650,ljcr-difference-sets
ljcr-ds-44655-22327-11163-44655,ljcr-difference-sets
ljcr-ds-44660-4403-434-44660,ljcr-difference-sets
ljcr-ds-44671-8935-1787-44671,ljcr-difference-sets
ljcr-ds-44691-22345-11172-44691,ljcr-difference-sets
ljcr-ds-44721-16641-6192-44721,ljcr-difference-sets
ljcr-ds-44721-8385-1572-44721,ljcr-difference-sets
ljcr-ds-4473-1248-348-4473,ljcr-difference-sets
ljcr-ds-44733-10972-2691-44733,ljcr-difference-sets
ljcr-ds-44741-11185-2796-44741,ljcr-difference-sets
ljcr-ds-448-150-50-2-2-112,ljcr-difference-sets
ljcr-ds-448-150-50-2-224,ljcr-difference-sets
ljcr-ds-448-150-50-2-4-56,ljcr-difference-sets
ljcr-ds-448-150-50-4-112,ljcr-difference-sets
ljcr-ds-448-150-50-8-56,ljcr-difference-sets
ljcr-ds-44881-12496-3479-44881,ljcr-difference-sets
ljcr-ds-44883-22441-11220-44883,ljcr-difference-sets
ljcr-ds-4489-561-70-67-67,ljcr-difference-sets
ljcr-ds-44919-19425-8400-44919,ljcr-difference-sets
ljcr-ds-44943-22471-11235-44943,ljcr-difference-sets
ljcr-ds-44959-7494-1249-44959,ljcr-difference-sets
ljcr-ds-44973-11244-2811-44973,ljcr-difference-sets
ljcr-ds-44991-22495-11247-44991,ljcr-difference-sets
ljcr-ds-45003-22501-11250-45003,ljcr-difference-sets
ljcr-ds-45017-10592-2492-45017,ljcr-difference-sets
ljcr-ds-45018-19293-8268-45018,ljcr-difference-sets
ljcr-ds-45051-22525-11262-45051,ljcr-difference-sets
ljcr-ds-45069-11268-2817-45069,ljcr-difference-sets
ljcr-ds-45103-22551-11275-45103,ljcr-difference-sets
ljcr-ds-45136-7021-1092-45136,ljcr-difference-sets
ljcr-ds-45141-11285-2821-45141,ljcr-difference-sets
ljcr-ds-45152-2771-170-45152,ljcr-difference-sets
ljcr-ds-45193-5649-706-45193,ljcr-difference-sets
ljcr-ds-45257-5657-707-45257,ljcr-difference-sets
ljcr-ds-45267-1742-67-45267,ljcr-difference-sets
ljcr-ds-45277-9604-2037-45277,ljcr-difference-sets
ljcr-ds-45288-18975-7950-45288,ljcr-difference-sets
ljcr-ds-45319-16185-5780-45319,ljcr-difference-sets
ljcr-ds-45323-20554-9321-45323,ljcr-difference-sets
ljcr-ds-45325-1260-35-45325,ljcr-difference-sets
ljcr-ds-45327-22663-11331-45327,ljcr-difference-sets
ljcr-ds-4533-825-150-4533,ljcr-difference-sets
ljcr-ds-45356-5405-644-45356,ljcr-difference-sets
ljcr-ds-45391-22695-11347-45391,ljcr-difference-sets
ljcr-ds-45401-19976-8789-45401,ljcr-difference-sets
ljcr-ds-45409-15136-5045-45409,ljcr-difference-sets
ljcr-ds-45431-15576-5340-45431,ljcr-difference-sets
ljcr-ds-45431-8261-1502-45431,ljcr-difference-sets
ljcr-ds-45431-9086-1817-45431,ljcr-difference-sets
ljcr-ds-45445-11361-2840-45445,ljcr-difference-sets
ljcr-ds-45451-22725-11362-45451,ljcr-difference-sets
ljcr-ds-45477-11369-2842-45477,ljcr-difference-sets
ljcr-ds-45505-6400-900-45505,ljcr-difference-sets
ljcr-ds-45511-4551-455-45511,ljcr-difference-sets
ljcr-ds-45531-22765-11382-45531,ljcr-difference-sets
ljcr-ds-45541-11385-2846-45541,ljcr-difference-sets
ljcr-ds-4555-990-215-4555,ljcr-difference-sets
ljcr-ds-45563-10792-2556-45563,ljcr-difference-sets
ljcr-ds-4557-68-1-7-651,ljcr-difference-sets
ljcr-ds-45585-19537-8373-45585,ljcr-difference-sets
ljcr-ds-45585-2849-178-45585,ljcr-difference-sets
ljcr-ds-45594-18669-7644-45594,ljcr-difference-sets
ljcr-ds-45601-7201-1137-45601,ljcr-difference-sets
ljcr-ds-45631-9126-1825-45631,ljcr-difference-sets
ljcr-ds-4565-1793-704-4565,ljcr-difference-sets
ljcr-ds-45683-22841-11420-45683,ljcr-difference-sets
ljcr-ds-45711-20896-9552-45711,ljcr-difference-sets
ljcr-ds-45711-22855-11427-45711,ljcr-difference-sets
ljcr-ds-45731-13720-4116-45731,ljcr-difference-sets
ljcr-ds-45731-21251-9875-45731,ljcr-difference-sets
ljcr-ds-45751-7626-1271-45751,ljcr-difference-sets
ljcr-ds-4576-550-66-2-2-1144,ljcr-difference-sets
ljcr-ds-4576-550-66-2-2-2-572,ljcr-difference-sets
ljcr-ds-4576-550-66-2-2288,ljcr-difference-sets
ljcr-ds-4576-550-66-2-4-572,ljcr-difference-sets
ljcr-ds-4576-550-66-4-1144,ljcr-difference-sets
ljcr-ds-45771-22885-11442-45771,ljcr-difference-sets
ljcr-ds-45775-22887-11443-45775,ljcr-difference-sets
ljcr-ds-45787-22893-11446-45787,ljcr-difference-sets
ljcr-ds-45793-18657-7601-45793,ljcr-difference-sets
ljcr-ds-45795-22897-11448-45795,ljcr-difference-sets
ljcr-ds-45807-22903-11451-45807,ljcr-difference-sets
ljcr-ds-45850-18445-7420-45850,ljcr-difference-sets
ljcr-ds-45867-22933-11466-45867,ljcr-difference-sets
ljcr-ds-45871-17931-7009-45871,ljcr-difference-sets
ljcr-ds-45881-3256-231-45881,ljcr-difference-sets
ljcr-ds-45903-10503-2403-45903,ljcr-difference-sets
ljcr-ds-45936-18375-7350-45936,ljcr-difference-sets
ljcr-ds-45949-15316-5105-45949,ljcr-difference-sets
ljcr-ds-45963-22981-11490-45963,ljcr-difference-sets
ljcr-ds-45969-17408-6592-45969,ljcr-difference-sets
ljcr-ds-45989-11497-2874-45989,ljcr-difference-sets
ljcr-ds-46020-10829-2548-46020,ljcr-difference-sets
ljcr-ds-46021-11505-2876-46021,ljcr-difference-sets
ljcr-ds-46063-23031-11515-46063,ljcr-difference-sets
ljcr-ds-46079-23039-11519-46079,ljcr-difference-sets
ljcr-ds-4608-272-16-16-288,ljcr-difference-sets
ljcr-ds-4608-272-16-2-16-144,ljcr-difference-sets
ljcr-ds-4608-272-16-2-2-12-96,ljcr-difference-sets
ljcr-ds-4608-272-16-2-2-2-12-48,ljcr-difference-sets
ljcr-ds-4608-272-16-2-2-2-2-12-24,ljcr-difference-sets
ljcr-ds-4608-272-16-2-2-2-2-2-12-12,ljcr-difference-sets
ljcr-ds-4608-272-16-2-2-2-2-2-144,ljcr-difference-sets
ljcr-ds-4608-272-16-2-2-2-2-2-2-2-36,ljcr-difference-sets
ljcr-ds-4608-272-16-2-2-2-2-2-2-6-12,ljcr-difference-sets
ljcr-ds-4608-272-16-2-2-2-2-2-2-72,ljcr-difference-sets
ljcr-ds-4608-272-16-2-2-2-2-2-4-36,ljcr-difference-sets
ljcr-ds-4608-272-16-2-2-2-2-2-6-24,ljcr-difference-sets
ljcr-ds-4608-272-16-2-2-2-2-288,ljcr-difference-sets
ljcr-ds-4608-272-16-2-2-2-2-4-72,ljcr-difference-sets
ljcr-ds-4608-272-16-2-2-2-2-6-48,ljcr-difference-sets
ljcr-ds-4608-272-16-2-2-2-24-24,ljcr-difference-sets
ljcr-ds-4608-272-16-2-2-2-4-12-12,ljcr-difference-sets
ljcr-ds-4608-272-16-2-2-2-4-144,ljcr-difference-sets
ljcr-ds-4608-272-16-2-2-2-4-4-36,ljcr-difference-sets
ljcr-ds-4608-272-16-2-2-2-6-96,ljcr-difference-sets
ljcr-ds-4608-272-16-2-2-2-8-72,ljcr-difference-sets
ljcr-ds-4608-272-16-2-2-24-48,ljcr-difference-sets
ljcr-ds-4608-272-16-2-2-4-12-24,ljcr-difference-sets
ljcr-ds-4608-272-16-2-2-4-288,ljcr-difference-sets
ljcr-ds-4608-272-16-2-2-4-4-72,ljcr-difference-sets
ljcr-ds-4608-272-16-2-2-8-144,ljcr-difference-sets
ljcr-ds-4608-272-16-2-24-96,ljcr-difference-sets
ljcr-ds-4608-272-16-2-4-12-48,ljcr-difference-sets
ljcr-ds-4608-272-16-2-4-24-24,ljcr-difference-sets
ljcr-ds-4608-272-16-2-4-4-12-12,ljcr-difference-sets
ljcr-ds-4608-272-16-2-4-4-144,ljcr-difference-sets
ljcr-ds-4608-272-16-2-4-4-4-36,ljcr-difference-sets
ljcr-ds-4608-272-16-2-4-8-72,ljcr-difference-sets
ljcr-ds-4608-272-16-2-48-48,ljcr-difference-sets
ljcr-ds-4608-272-16-2-8-288,ljcr-difference-sets
ljcr-ds-4608-272-16-4-12-96,ljcr-difference-sets
ljcr-ds-4608-272-16-4-24-48,ljcr-difference-sets
ljcr-ds-4608-272-16-4-4-12-24,ljcr-difference-sets
ljcr-ds-4608-272-16-4-4-288,ljcr-difference-sets
ljcr-ds-4608-272-16-4-4-4-72,ljcr-difference-sets
ljcr-ds-4608-272-16-4-8-144,ljcr-difference-sets
ljcr-ds-4608-272-16-48-96,ljcr-difference-sets
ljcr-ds-4608-272-16-8-24-24,ljcr-difference-sets
ljcr-ds-4608-272-16-8-8-72,ljcr-difference-sets
ljcr-ds-46085-11521-2880-46085,ljcr-difference-sets
ljcr-ds-46091-4610-461-46091,ljcr-difference-sets
ljcr-ds-46093-15364-5121-46093,ljcr-difference-sets
ljcr-ds-46110-4705-480-46110,ljcr-difference-sets
ljcr-ds-46159-8478-1557-46159,ljcr-difference-sets
ljcr-ds-46177-14209-4372-46177,ljcr-difference-sets
ljcr-ds-46181-11545-2886-46181,ljcr-difference-sets
ljcr-ds-46189-14113-4312-46189,ljcr-difference-sets
ljcr-ds-46191-23095-11547-46191,ljcr-difference-sets
ljcr-ds-46211-4621-462-46211,ljcr-difference-sets
ljcr-ds-46221-9245-1849-46221,ljcr-difference-sets
ljcr-ds-46249-13161-3745-46249,ljcr-difference-sets
ljcr-ds-4627-514-57-4627,ljcr-difference-sets
ljcr-ds-46271-19831-8499-46271,ljcr-difference-sets
ljcr-ds-46277-11569-2892-46277,ljcr-difference-sets
ljcr-ds-46284-8959-1734-46284,ljcr-difference-sets
ljcr-ds-46291-10801-2520-46291,ljcr-difference-sets
ljcr-ds-46313-6616-945-46313,ljcr-difference-sets
ljcr-ds-46323-23161-11580-46323,ljcr-difference-sets
ljcr-ds-46351-8550-1577-46351,ljcr-difference-sets
ljcr-ds-46355-12299-3263-46355,ljcr-difference-sets
ljcr-ds-46376-11501-2852-46376,ljcr-difference-sets
ljcr-ds-46387-23193-11596-46387,ljcr-difference-sets
ljcr-ds-46399-16170-5635-46399,ljcr-difference-sets
ljcr-ds-46411-8841-1684-46411,ljcr-difference-sets
ljcr-ds-46447-7741-1290-46447,ljcr-difference-sets
ljcr-ds-465-145-45-465,ljcr-difference-sets
ljcr-ds-46531-15840-5392-46531,ljcr-difference-sets
ljcr-ds-46531-9306-1861-46531,ljcr-difference-sets
ljcr-ds-46543-15514-5171-46543,ljcr-difference-sets
ljcr-ds-46543-23271-11635-46543,ljcr-difference-sets
ljcr-ds-46565-19957-8553-46565,ljcr-difference-sets
ljcr-ds-46585-648-9-11-11-385,ljcr-difference-sets
ljcr-ds-46585-648-9-11-4235,ljcr-difference-sets
ljcr-ds-46585-648-9-46585,ljcr-difference-sets
ljcr-ds-46593-10752-2481-46593,ljcr-difference-sets
ljcr-ds-46611-23305-11652-46611,ljcr-difference-sets
ljcr-ds-46627-7771-1295-46627,ljcr-difference-sets
ljcr-ds-46653-11664-2916-46653,ljcr-difference-sets
ljcr-ds-46659-18778-7557-46659,ljcr-difference-sets
ljcr-ds-46663-7777-1296-46663,ljcr-difference-sets
ljcr-ds-46671-23335-11667-46671,ljcr-difference-sets
ljcr-ds-46671-9335-1867-46671,ljcr-difference-sets
ljcr-ds-46683-17850-6825-46683,ljcr-difference-sets
ljcr-ds-46707-23353-11676-46707,ljcr-difference-sets
ljcr-ds-46717-22900-11225-46717,ljcr-difference-sets
ljcr-ds-46789-5013-537-46789,ljcr-difference-sets
ljcr-ds-4681-2080-924-4681,ljcr-difference-sets
ljcr-ds-46831-7806-1301-46831,ljcr-difference-sets
ljcr-ds-46873-17361-6430-46873,ljcr-difference-sets
ljcr-ds-469-208-92-469,ljcr-difference-sets
ljcr-ds-46905-18656-7420-46905,ljcr-difference-sets
ljcr-ds-46907-23453-11726-46907,ljcr-difference-sets
ljcr-ds-46911-23455-11727-46911,ljcr-difference-sets
ljcr-ds-46915-7819-1303-46915,ljcr-difference-sets
ljcr-ds-46921-15640-5213-46921,ljcr-difference-sets
ljcr-ds-46928-17703-6678-46928,ljcr-difference-sets
ljcr-ds-46931-3250-225-46931,ljcr-difference-sets
ljcr-ds-46971-15555-5151-46971,ljcr-difference-sets
ljcr-ds-46971-4026-345-46971,ljcr-difference-sets
ljcr-ds-46981-14500-4475-46981,ljcr-difference-sets
ljcr-ds-46981-20736-9152-46981,ljcr-difference-sets
ljcr-ds-46981-9396-1879-46981,ljcr-difference-sets
ljcr-ds-46999-9325-1850-46999,ljcr-difference-sets
ljcr-ds-47009-21697-10014-47009,ljcr-difference-sets
ljcr-ds-47043-23521-11760-47043,ljcr-difference-sets
ljcr-ds-47163-23581-11790-47163,ljcr-difference-sets
ljcr-ds-4719-337-24-11-429,ljcr-difference-sets
ljcr-ds-47235-23617-11808-47235,ljcr-difference-sets
ljcr-ds-47239-7873-1312-47239,ljcr-difference-sets
ljcr-ds-47247-23623-11811-47247,ljcr-difference-sets
ljcr-ds-4726-1701-612-4726,ljcr-difference-sets
ljcr-ds-47269-11817-2954-47269,ljcr-difference-sets
ljcr-ds-47311-10375-2275-47311,ljcr-difference-sets
ljcr-ds-47311-11040-2576-47311,ljcr-difference-sets
ljcr-ds-47323-4302-391-47323,ljcr-difference-sets
ljcr-ds-47383-23691-11845-47383,ljcr-difference-sets
ljcr-ds-47389-15796-5265-47389,ljcr-difference-sets
ljcr-ds-47397-11849-2962-47397,ljcr-difference-sets
ljcr-ds-4741-396-33-4741,ljcr-difference-sets
ljcr-ds-47425-14080-4180-47425,ljcr-difference-sets
ljcr-ds-47425-15808-5269-47425,ljcr-difference-sets
ljcr-ds-47425-19969-8408-47425,ljcr-difference-sets
ljcr-ds-47429-11857-2964-47429,ljcr-difference-sets
ljcr-ds-47461-19776-8240-47461,ljcr-difference-sets
ljcr-ds-47461-5425-620-47461,ljcr-difference-sets
ljcr-ds-47503-23751-11875-47503,ljcr-difference-sets
ljcr-ds-47523-23761-11880-47523,ljcr-difference-sets
ljcr-ds-47541-16640-5824-47541,ljcr-difference-sets
ljcr-ds-47551-15850-5283-47551,ljcr-difference-sets
ljcr-ds-47551-23775-11887-47551,ljcr-difference-sets
ljcr-ds-47565-11892-2973-47565,ljcr-difference-sets
ljcr-ds-4759-2197-1014-4759,ljcr-difference-sets
ljcr-ds-4761-120-3-3-1587,ljcr-difference-sets
ljcr-ds-4761-120-3-69-69,ljcr-difference-sets
ljcr-ds-47619-10673-2392-47619,ljcr-difference-sets
ljcr-ds-47631-23815-11907-47631,ljcr-difference-sets
ljcr-ds-47642-17325-6300-47642,ljcr-difference-sets
ljcr-ds-47661-11916-2979-47661,ljcr-difference-sets
ljcr-ds-477-204-87-3-159,ljcr-difference-sets
ljcr-ds-47727-23863-11931-47727,ljcr-difference-sets
ljcr-ds-47740-15913-5304-47740,ljcr-difference-sets
ljcr-ds-47743-7957-1326-47743,ljcr-difference-sets
ljcr-ds-47749-15916-5305-47749,ljcr-difference-sets
ljcr-ds-47771-23885-11942-47771,ljcr-difference-sets
ljcr-ds-47851-15225-4844-47851,ljcr-difference-sets
ljcr-ds-47851-17226-6201-47851,ljcr-difference-sets
ljcr-ds-47853-11964-2991-47853,ljcr-difference-sets
ljcr-ds-47867-14729-4532-47867,ljcr-difference-sets
ljcr-ds-47881-5985-748-47881,ljcr-difference-sets
ljcr-ds-47887-7981-1330-47887,ljcr-difference-sets
ljcr-ds-47899-23949-11974-47899,ljcr-difference-sets
ljcr-ds-47941-13396-3743-47941,ljcr-difference-sets
ljcr-ds-47949-11988-2997-47949,ljcr-difference-sets
ljcr-ds-47971-23985-11992-47971,ljcr-difference-sets
ljcr-ds-47983-15994-5331-47983,ljcr-difference-sets
ljcr-ds-48027-24013-12006-48027,ljcr-difference-sets
ljcr-ds-48037-12009-3002-48037,ljcr-difference-sets
ljcr-ds-48097-21376-9500-48097,ljcr-difference-sets
ljcr-ds-48127-17277-6202-48127,ljcr-difference-sets
ljcr-ds-48133-12033-3008-48133,ljcr-difference-sets
ljcr-ds-48147-10318-2211-48147,ljcr-difference-sets
ljcr-ds-48147-24073-12036-48147,ljcr-difference-sets
ljcr-ds-48175-24087-12043-48175,ljcr-difference-sets
ljcr-ds-48199-10527-2299-48199,ljcr-difference-sets
ljcr-ds-48199-16066-5355-48199,ljcr-difference-sets
ljcr-ds-48204-10621-2340-48204,ljcr-difference-sets
ljcr-ds-48247-8041-1340-48247,ljcr-difference-sets
ljcr-ds-48323-24161-12080-48323,ljcr-difference-sets
ljcr-ds-48349-19908-8197-48349,ljcr-difference-sets
ljcr-ds-48357-1100-25-48357,ljcr-difference-sets
ljcr-ds-48361-10881-2448-48361,ljcr-difference-sets
ljcr-ds-48367-24183-12091-48367,ljcr-difference-sets
ljcr-ds-4837-1612-537-4837,ljcr-difference-sets
ljcr-ds-48381-10620-2331-48381,ljcr-difference-sets
ljcr-ds-48381-12096-3024-48381,ljcr-difference-sets
ljcr-ds-48391-19356-7742-48391,ljcr-difference-sets
ljcr-ds-48399-24199-12099-48399,ljcr-difference-sets
ljcr-ds-48400-13651-3850-48400,ljcr-difference-sets
ljcr-ds-48409-2017-84-48409,ljcr-difference-sets
ljcr-ds-48411-19365-7746-48411,ljcr-difference-sets
ljcr-ds-48419-6193-792-48419,ljcr-difference-sets
ljcr-ds-48439-14743-4487-48439,ljcr-difference-sets
ljcr-ds-4845-1904-748-4845,ljcr-difference-sets
ljcr-ds-48469-16156-5385-48469,ljcr-difference-sets
ljcr-ds-48469-19041-7480-48469,ljcr-difference-sets
ljcr-ds-48499-24249-12124-48499,ljcr-difference-sets
ljcr-ds-48509-22445-10385-48509,ljcr-difference-sets
ljcr-ds-48529-21232-9289-48529,ljcr-difference-sets
ljcr-ds-48541-12945-3452-48541,ljcr-difference-sets
ljcr-ds-48545-7585-1185-48545,ljcr-difference-sets
ljcr-ds-48553-23409-11286-48553,ljcr-difference-sets
ljcr-ds-48581-12145-3036-48581,ljcr-difference-sets
ljcr-ds-48631-9726-1945-48631,ljcr-difference-sets
ljcr-ds-48643-19966-8195-48643,ljcr-difference-sets
ljcr-ds-48657-3041-190-48657,ljcr-difference-sets
ljcr-ds-48677-12169-3042-48677,ljcr-difference-sets
ljcr-ds-48699-24349-12174-48699,ljcr-difference-sets
ljcr-ds-48709-12177-3044-48709,ljcr-difference-sets
ljcr-ds-48769-16257-5419-48769,ljcr-difference-sets
ljcr-ds-48775-8130-1355-48775,ljcr-difference-sets
ljcr-ds-48781-12196-3049-48781,ljcr-difference-sets
ljcr-ds-48783-24391-12195-48783,ljcr-difference-sets
ljcr-ds-48811-16270-5423-48811,ljcr-difference-sets
ljcr-ds-48825-2873-169-48825,ljcr-difference-sets
ljcr-ds-48837-12209-3052-48837,ljcr-difference-sets
ljcr-ds-4887-350-25-3-1629,ljcr-difference-sets
ljcr-ds-4887-350-25-3-3-543,ljcr-difference-sets
ljcr-ds-4887-350-25-4887,ljcr-difference-sets
ljcr-ds-48895-24447-12223-48895,ljcr-difference-sets
ljcr-ds-4896-980-196-12-408,ljcr-difference-sets
ljcr-ds-4896-980-196-2-2448,ljcr-difference-sets
ljcr-ds-4896-980-196-4-1224,ljcr-difference-sets
ljcr-ds-4896-980-196-6-816,ljcr-difference-sets
ljcr-ds-48965-12241-3060-48965,ljcr-difference-sets
ljcr-ds-48983-16758-5733-48983,ljcr-difference-sets
ljcr-ds-48987-24493-12246-48987,ljcr-difference-sets
ljcr-ds-48997-12249-3062-48997,ljcr-difference-sets
ljcr-ds-49039-17832-6484-49039,ljcr-difference-sets
ljcr-ds-49039-6688-912-49039,ljcr-difference-sets
ljcr-ds-49063-11544-2716-49063,ljcr-difference-sets
ljcr-ds-49063-16354-5451-49063,ljcr-difference-sets
ljcr-ds-49125-12281-3070-49125,ljcr-difference-sets
ljcr-ds-49135-6897-968-49135,ljcr-difference-sets
ljcr-ds-49149-14521-4290-49149,ljcr-difference-sets
ljcr-ds-49157-12289-3072-49157,ljcr-difference-sets
ljcr-ds-4921-2296-1071-4921,ljcr-difference-sets
ljcr-ds-4921-985-197-4921,ljcr-difference-sets
ljcr-ds-49229-14292-4149-49229,ljcr-difference-sets
ljcr-ds-49261-12316-3079-49261,ljcr-difference-sets
ljcr-ds-49263-24631-12315-49263,ljcr-difference-sets
ljcr-ds-49271-22361-10148-49271,ljcr-difference-sets
ljcr-ds-49283-24641-12320-49283,ljcr-difference-sets
ljcr-ds-49321-9865-1973-49321,ljcr-difference-sets
ljcr-ds-49347-24673-12336-49347,ljcr-difference-sets
ljcr-ds-49371-24685-12342-49371,ljcr-difference-sets
ljcr-ds-49371-9875-1975-49371,ljcr-difference-sets
ljcr-ds-4940-2245-1020-4940,ljcr-difference-sets
ljcr-ds-4941-780-123-3-3-549,ljcr-difference-sets
ljcr-ds-4941-780-123-9-549,ljcr-difference-sets
ljcr-ds-49411-4941-494-49411,ljcr-difference-sets
ljcr-ds-49423-24711-12355-49423,ljcr-difference-sets
ljcr-ds-49427-24713-12356-49427,ljcr-difference-sets
ljcr-ds-49454-23273-10952-49454,ljcr-difference-sets
ljcr-ds-49455-16590-5565-49455,ljcr-difference-sets
ljcr-ds-49476-11875-2850-49476,ljcr-difference-sets
ljcr-ds-49477-12369-3092-49477,ljcr-difference-sets
ljcr-ds-495-247-123-3-165,ljcr-difference-sets
ljcr-ds-4950-1617-528-4950,ljcr-difference-sets
ljcr-ds-49505-24480-12105-49505,ljcr-difference-sets
ljcr-ds-49506-9901-1980-49506,ljcr-difference-sets
ljcr-ds-49507-8251-1375-49507,ljcr-difference-sets
ljcr-ds-49531-9906-1981-49531,ljcr-difference-sets
ljcr-ds-49549-12388-3097-49549,ljcr-difference-sets
ljcr-ds-49583-24791-12395-49583,ljcr-difference-sets
ljcr-ds-4959-1407-399-4959,ljcr-difference-sets
ljcr-ds-49591-4960-496-49591,ljcr-difference-sets
ljcr-ds-4960-2205-980-4960,ljcr-difference-sets
ljcr-ds-49711-16570-5523-49711,ljcr-difference-sets
ljcr-ds-49743-24871-12435-49743,ljcr-difference-sets
ljcr-ds-49743-7106-1015-49743,ljcr-difference-sets
ljcr-ds-4977-2177-952-4977,ljcr-difference-sets
ljcr-ds-49770-16485-5460-49770,ljcr-difference-sets
ljcr-ds-49771-14616-4292-49771,ljcr-difference-sets
ljcr-ds-49777-11713-2756-49777,ljcr-difference-sets
ljcr-ds-49781-22401-10080-49781,ljcr-difference-sets
ljcr-ds-49799-21343-9147-49799,ljcr-difference-sets
ljcr-ds-49811-4981-498-49811,ljcr-difference-sets
ljcr-ds-49829-12457-3114-49829,ljcr-difference-sets
ljcr-ds-49831-16611-5537-49831,ljcr-difference-sets
ljcr-ds-49849-12865-3320-49849,ljcr-difference-sets
ljcr-ds-49879-22168-9852-49879,ljcr-difference-sets
ljcr-ds-49903-24951-12475-49903,ljcr-difference-sets
ljcr-ds-4991-1996-798-4991,ljcr-difference-sets
ljcr-ds-4992-806-130-2-2-1248,ljcr-difference-sets
ljcr-ds-4992-806-130-2-4-624,ljcr-difference-sets
ljcr-ds-4992-806-130-2-8-312,ljcr-difference-sets
ljcr-ds-4992-806-130-4-1248,ljcr-difference-sets
ljcr-ds-4992-806-130-4-4-312,ljcr-difference-sets
ljcr-ds-4992-806-130-8-624,ljcr-difference-sets
ljcr-ds-49947-24973-12486-49947,ljcr-difference-sets
ljcr-ds-49981-2500-125-49981,ljcr-difference-sets
ljcr-ds-49981-2941-173-49981,ljcr-difference-sets
ljcr-ds-49985-3905-305-49985,ljcr-difference-sets
ljcr-ds-49995-21427-9183-49995,ljcr-difference-sets
ljcr-ds-5016-2125-900-5016,ljcr-difference-sets
ljcr-ds-5032-2107-882-5032,ljcr-difference-sets
ljcr-ds-5041-225-10-71-71,ljcr-difference-sets
ljcr-ds-5041-721-103-71-71,ljcr-difference-sets
ljcr-ds-5041-945-177-71-71,ljcr-difference-sets
ljcr-ds-5083-2058-833-5083,ljcr-difference-sets
ljcr-ds-5220-307-18-3-1740,ljcr-difference-sets
ljcr-ds-5220-307-18-6-870,ljcr-difference-sets
ljcr-ds-5225-1960-735-5225,ljcr-difference-sets
ljcr-ds-5229-1308-327-5229,ljcr-difference-sets
ljcr-ds-5253-1717-561-5253,ljcr-difference-sets
ljcr-ds-5256-1051-210-3-1752,ljcr-difference-sets
ljcr-ds-5256-1051-210-5256,ljcr-difference-sets
ljcr-ds-5256-1051-210-6-876,ljcr-difference-sets
ljcr-ds-5271-1055-211-5271,ljcr-difference-sets
ljcr-ds-5285-1321-330-5285,ljcr-difference-sets
ljcr-ds-5291-530-53-5291,ljcr-difference-sets
ljcr-ds-5317-1329-332-5317,ljcr-difference-sets
ljcr-ds-5373-2449-1116-5373,ljcr-difference-sets
ljcr-ds-5395-435-35-5395,ljcr-difference-sets
ljcr-ds-54133-1041-20-54133,ljcr-difference-sets
ljcr-ds-5431-2535-1183-5431,ljcr-difference-sets
ljcr-ds-5440-148-4-2-2-2-2-2-170,ljcr-difference-sets
ljcr-ds-5440-148-4-2-2-2-2-340,ljcr-difference-sets
ljcr-ds-5440-148-4-2-2-2-680,ljcr-difference-sets
ljcr-ds-5440-148-4-2-2-4-340,ljcr-difference-sets
ljcr-ds-5440-148-4-2-4-680,ljcr-difference-sets
ljcr-ds-5440-148-4-4-4-340,ljcr-difference-sets
ljcr-ds-5440-148-4-8-680,ljcr-difference-sets
ljcr-ds-5447-1946-695-5447,ljcr-difference-sets
ljcr-ds-5461-1716-539-5461,ljcr-difference-sets
ljcr-ds-5461-2640-1276-5461,ljcr-difference-sets
ljcr-ds-5490-1497-408-5490,ljcr-difference-sets
ljcr-ds-5565-1820-595-5565,ljcr-difference-sets
ljcr-ds-5593-1632-476-5593,ljcr-difference-sets
ljcr-ds-56056-1111-22-56056,ljcr-difference-sets
ljcr-ds-5613-1404-351-5613,ljcr-difference-sets
ljcr-ds-5621-1125-225-5621,ljcr-difference-sets
ljcr-ds-5629-1876-625-5629,ljcr-difference-sets
ljcr-ds-5669-1417-354-5669,ljcr-difference-sets
ljcr-ds-5677-1936-660-5677,ljcr-difference-sets
ljcr-ds-5720-1463-374-5720,ljcr-difference-sets
ljcr-ds-576-276-132-2-2-144,ljcr-difference-sets
ljcr-ds-576-276-132-2-2-2-72,ljcr-difference-sets
ljcr-ds-576-276-132-2-4-72,ljcr-difference-sets
ljcr-ds-576-276-132-4-144,ljcr-difference-sets
ljcr-ds-576-276-132-8-72,ljcr-difference-sets
ljcr-ds-5767-961-160-5767,ljcr-difference-sets
ljcr-ds-5823-1066-195-3-1941,ljcr-difference-sets
ljcr-ds-5824-648-72-2-2-1456,ljcr-difference-sets
ljcr-ds-5824-648-72-2-2-2-2-364,ljcr-difference-sets
ljcr-ds-5824-648-72-2-2-2-728,ljcr-difference-sets
ljcr-ds-5824-648-72-2-2-4-364,ljcr-difference-sets
ljcr-ds-5824-648-72-2-2912,ljcr-difference-sets
ljcr-ds-5824-648-72-2-4-728,ljcr-difference-sets
ljcr-ds-5824-648-72-4-1456,ljcr-difference-sets
ljcr-ds-5824-648-72-4-4-364,ljcr-difference-sets
ljcr-ds-5824-648-72-8-728,ljcr-difference-sets
ljcr-ds-5859-203-7-3-1953,ljcr-difference-sets
ljcr-ds-5859-203-7-3-3-651,ljcr-difference-sets
ljcr-ds-5859-203-7-5859,ljcr-difference-sets
ljcr-ds-5900-1735-510-5900,ljcr-difference-sets
ljcr-ds-5929-456-35-11-539,ljcr-difference-sets
ljcr-ds-5929-456-35-7-847,ljcr-difference-sets
ljcr-ds-5929-456-35-77-77,ljcr-difference-sets
ljcr-ds-5931-1186-237-5931,ljcr-difference-sets
ljcr-ds-5951-1701-486-5951,ljcr-difference-sets
ljcr-ds-5951-1751-515-5951,ljcr-difference-sets
ljcr-ds-5971-1195-239-5971,ljcr-difference-sets
ljcr-ds-5989-1497-374-5989,ljcr-difference-sets
ljcr-ds-6021-645-69-3-3-669,ljcr-difference-sets
ljcr-ds-603-301-150-3-201,ljcr-difference-sets
ljcr-ds-6100-2889-1368-6100,ljcr-difference-sets
ljcr-ds-6104-2873-1352-6104,ljcr-difference-sets
ljcr-ds-6115-2038-679-6115,ljcr-difference-sets
ljcr-ds-6119-1197-234-6119,ljcr-difference-sets
ljcr-ds-6149-1537-384-6149,ljcr-difference-sets
ljcr-ds-6149-1856-560-6149,ljcr-difference-sets
ljcr-ds-6149-2756-1235-6149,ljcr-difference-sets
ljcr-ds-6160-2053-684-6160,ljcr-difference-sets
ljcr-ds-6188-2691-1170-6188,ljcr-difference-sets
ljcr-ds-621-156-39-3-207,ljcr-difference-sets
ljcr-ds-621-156-39-3-3-69,ljcr-difference-sets
ljcr-ds-6231-1246-249-6231,ljcr-difference-sets
ljcr-ds-6232-1675-450-6232,ljcr-difference-sets
ljcr-ds-6245-1561-390-6245,ljcr-difference-sets
ljcr-ds-6255-2597-1078-6255,ljcr-difference-sets
ljcr-ds-6271-2926-1365-6271,ljcr-difference-sets
ljcr-ds-6321-80-1-7-903,ljcr-difference-sets
ljcr-ds-6325-528-44-5-1265,ljcr-difference-sets
ljcr-ds-6325-528-44-6325,ljcr-difference-sets
ljcr-ds-6381-1596-399-6381,ljcr-difference-sets
ljcr-ds-639-232-84-3-213,ljcr-difference-sets
ljcr-ds-639-232-84-639,ljcr-difference-sets
ljcr-ds-6405-1601-400-6405,ljcr-difference-sets
ljcr-ds-6433-1408-308-6433,ljcr-difference-sets
ljcr-ds-6461-476-35-6461,ljcr-difference-sets
ljcr-ds-6480-342-18-18-360,ljcr-difference-sets
ljcr-ds-6480-342-18-2-18-180,ljcr-difference-sets
ljcr-ds-6480-342-18-3-12-180,ljcr-difference-sets
ljcr-ds-6480-342-18-3-3-12-60,ljcr-difference-sets
ljcr-ds-6480-342-18-3-3-6-120,ljcr-difference-sets
ljcr-ds-6480-342-18-3-6-360,ljcr-difference-sets
ljcr-ds-6480-342-18-3-6-6-60,ljcr-difference-sets
ljcr-ds-6480-342-18-36-180,ljcr-difference-sets
ljcr-ds-6480-342-18-6-1080,ljcr-difference-sets
ljcr-ds-6480-342-18-6-6-180,ljcr-difference-sets
ljcr-ds-6480-342-18-6-6-6-30,ljcr-difference-sets
ljcr-ds-6480-837-108-18-360,ljcr-difference-sets
ljcr-ds-6480-837-108-2-18-180,ljcr-difference-sets
ljcr-ds-6480-837-108-3-12-180,ljcr-difference-sets
ljcr-ds-6480-837-108-3-3-720,ljcr-difference-sets
ljcr-ds-6480-837-108-3-6-360,ljcr-difference-sets
ljcr-ds-6480-837-108-36-180,ljcr-difference-sets
ljcr-ds-6480-837-108-6-6-180,ljcr-difference-sets
ljcr-ds-6480-837-108-9-720,ljcr-difference-sets
ljcr-ds-6493-541-45-6493,ljcr-difference-sets
ljcr-ds-65001-625-6-65001,ljcr-difference-sets
ljcr-ds-6528-428-28-2-2-1632,ljcr-difference-sets
ljcr-ds-6528-428-28-2-2-2-2-2-204,ljcr-difference-sets
ljcr-ds-6528-428-28-2-2-2-2-408,ljcr-difference-sets
ljcr-ds-6528-428-28-2-2-2-4-204,ljcr-difference-sets
ljcr-ds-6528-428-28-2-2-2-816,ljcr-difference-sets
ljcr-ds-6528-428-28-2-2-4-408,ljcr-difference-sets
ljcr-ds-6528-428-28-2-4-4-204,ljcr-difference-sets
ljcr-ds-6528-428-28-2-4-816,ljcr-difference-sets
ljcr-ds-6528-428-28-2-8-408,ljcr-difference-sets
ljcr-ds-6528-428-28-4-1632,ljcr-difference-sets
ljcr-ds-6528-428-28-4-4-408,ljcr-difference-sets
ljcr-ds-6528-428-28-8-816,ljcr-difference-sets
ljcr-ds-6531-1960-588-6531,ljcr-difference-sets
ljcr-ds-6532-2800-1200-6532,ljcr-difference-sets
ljcr-ds-6533-1633-408-6533,ljcr-difference-sets
ljcr-ds-6553-2457-921-6553,ljcr-difference-sets
ljcr-ds-6559-1093-182-6559,ljcr-difference-sets
ljcr-ds-6565-1641-410-6565,ljcr-difference-sets
ljcr-ds-6579-1496-340-6579,ljcr-difference-sets
ljcr-ds-6601-2376-855-6601,ljcr-difference-sets
ljcr-ds-6669-1668-417-6669,ljcr-difference-sets
ljcr-ds-6721-2625-1025-6721,ljcr-difference-sets
ljcr-ds-675-337-168-15-45,ljcr-difference-sets
ljcr-ds-675-337-168-3-3-75,ljcr-difference-sets
ljcr-ds-675-337-168-5-135,ljcr-difference-sets
ljcr-ds-67551-1351-27-67551,ljcr-difference-sets
ljcr-ds-676-325-156-13-52,ljcr-difference-sets
ljcr-ds-676-325-156-26-26,ljcr-difference-sets
ljcr-ds-6799-2266-755-6799,ljcr-difference-sets
ljcr-ds-6813-3276-1575-6813,ljcr-difference-sets
ljcr-ds-6889-616-55-83-83,ljcr-difference-sets
ljcr-ds-6930-1353-264-6930,ljcr-difference-sets
ljcr-ds-6931-2520-916-6931,ljcr-difference-sets
ljcr-ds-6933-1733-433-6933,ljcr-difference-sets
ljcr-ds-6937-289-12-6937,ljcr-difference-sets
ljcr-ds-69433-264-1-7-9919,ljcr-difference-sets
ljcr-ds-6971-3281-1544-6971,ljcr-difference-sets
ljcr-ds-6973-2989-1281-6973,ljcr-difference-sets
ljcr-ds-6975-1585-360-6975,ljcr-difference-sets
ljcr-ds-6976-900-116-8-872,ljcr-difference-sets
ljcr-ds-6985-873-109-6985,ljcr-difference-sets
ljcr-ds-703-325-150-703,ljcr-difference-sets
ljcr-ds-7033-2344-781-7033,ljcr-difference-sets
ljcr-ds-7053-2624-976-7053,ljcr-difference-sets
ljcr-ds-7053-861-105-7053,ljcr-difference-sets
ljcr-ds-7077-1769-442-7077,ljcr-difference-sets
ljcr-ds-7138-2197-676-7138,ljcr-difference-sets
ljcr-ds-7161-896-112-7161,ljcr-difference-sets
ljcr-ds-7175-1055-155-5-1435,ljcr-difference-sets
ljcr-ds-7200-1565-340-7200,ljcr-difference-sets
ljcr-ds-7209-425-25-3-2403,ljcr-difference-sets
ljcr-ds-7209-425-25-3-3-3-267,ljcr-difference-sets
ljcr-ds-7209-425-25-3-3-801,ljcr-difference-sets
ljcr-ds-7209-425-25-9-801,ljcr-difference-sets
ljcr-ds-7221-1445-289-7221,ljcr-difference-sets
ljcr-ds-7245-1812-453-7245,ljcr-difference-sets
ljcr-ds-7280-754-78-2-2-1820,ljcr-difference-sets
ljcr-ds-7280-754-78-2-3640,ljcr-difference-sets
ljcr-ds-7280-754-78-4-1820,ljcr-difference-sets
ljcr-ds-729-273-102-27-27,ljcr-difference-sets
ljcr-ds-729-273-102-3-3-3-27,ljcr-difference-sets
ljcr-ds-729-273-102-3-3-3-3-3-3,ljcr-difference-sets
ljcr-ds-729-273-102-3-3-3-3-9,ljcr-difference-sets
ljcr-ds-729-273-102-3-3-9-9,ljcr-difference-sets
ljcr-ds-729-273-102-3-9-27,ljcr-difference-sets
ljcr-ds-729-273-102-9-9-9,ljcr-difference-sets
ljcr-ds-7311-646-57-7311,ljcr-difference-sets
ljcr-ds-7315-2968-1204-7315,ljcr-difference-sets
ljcr-ds-7344-1050-150-12-612,ljcr-difference-sets
ljcr-ds-7344-1050-150-2-3672,ljcr-difference-sets
ljcr-ds-7344-1050-150-4-1836,ljcr-difference-sets
ljcr-ds-7344-1050-150-6-1224,ljcr-difference-sets
ljcr-ds-736-196-52-2-2-184,ljcr-difference-sets
ljcr-ds-736-196-52-2-2-2-2-46,ljcr-difference-sets
ljcr-ds-736-196-52-2-2-2-92,ljcr-difference-sets
ljcr-ds-736-196-52-2-368,ljcr-difference-sets
ljcr-ds-736-196-52-2-4-92,ljcr-difference-sets
ljcr-ds-736-196-52-4-184,ljcr-difference-sets
ljcr-ds-7381-820-91-11-671,ljcr-difference-sets
ljcr-ds-741-185-46-741,ljcr-difference-sets
ljcr-ds-7461-1865-466-7461,ljcr-difference-sets
ljcr-ds-7461-2985-1194-7461,ljcr-difference-sets
ljcr-ds-7579-2106-585-7579,ljcr-difference-sets
ljcr-ds-7597-1900-475-7597,ljcr-difference-sets
ljcr-ds-7645-2353-724-7645,ljcr-difference-sets
ljcr-ds-765-192-48-3-255,ljcr-difference-sets
ljcr-ds-7656-1531-306-7656,ljcr-difference-sets
ljcr-ds-7657-2784-1012-7657,ljcr-difference-sets
ljcr-ds-768-118-18-16-48,ljcr-difference-sets
ljcr-ds-768-118-18-4-192,ljcr-difference-sets
ljcr-ds-768-118-18-8-96,ljcr-difference-sets
ljcr-ds-7701-1925-481-7701,ljcr-difference-sets
ljcr-ds-7751-3751-1815-7751,ljcr-difference-sets
ljcr-ds-7773-1073-148-7773,ljcr-difference-sets
ljcr-ds-7781-1945-486-7781,ljcr-difference-sets
ljcr-ds-781-300-115-781,ljcr-difference-sets
ljcr-ds-7821-3520-1584-7821,ljcr-difference-sets
ljcr-ds-783-391-195-3-261,ljcr-difference-sets
ljcr-ds-784-378-182-14-56,ljcr-difference-sets
ljcr-ds-784-378-182-2-14-28,ljcr-difference-sets
ljcr-ds-784-378-182-2-2-14-14,ljcr-difference-sets
ljcr-ds-784-378-182-28-28,ljcr-difference-sets
ljcr-ds-7840-469-28-14-560,ljcr-difference-sets
ljcr-ds-7840-469-28-2-14-280,ljcr-difference-sets
ljcr-ds-7840-469-28-2-2-14-140,ljcr-difference-sets
ljcr-ds-7840-469-28-2-28-140,ljcr-difference-sets
ljcr-ds-7840-469-28-2-3920,ljcr-difference-sets
ljcr-ds-7840-469-28-28-280,ljcr-difference-sets
ljcr-ds-7840-469-28-7-1120,ljcr-difference-sets
ljcr-ds-7840-469-28-7840,ljcr-difference-sets
ljcr-ds-79255-630-5-11-7205,ljcr-difference-sets
ljcr-ds-79255-630-5-79255,ljcr-difference-sets
ljcr-ds-7959-3634-1659-7959,ljcr-difference-sets
ljcr-ds-8057-1008-126-8057,ljcr-difference-sets
ljcr-ds-8085-517-33-7-1155,ljcr-difference-sets
ljcr-ds-8085-517-33-8085,ljcr-difference-sets
ljcr-ds-80869-1173-17-80869,ljcr-difference-sets
ljcr-ds-8107-966-115-11-737,ljcr-difference-sets
ljcr-ds-8107-966-115-8107,ljcr-difference-sets
ljcr-ds-8132-3807-1782-8132,ljcr-difference-sets
ljcr-ds-816-326-130-2-408,ljcr-difference-sets
ljcr-ds-8176-1200-176-8176,ljcr-difference-sets
ljcr-ds-8179-2350-675-8179,ljcr-difference-sets
ljcr-ds-8190-1293-204-8190,ljcr-difference-sets
ljcr-ds-8191-2016-496-8191,ljcr-difference-sets
ljcr-ds-8191-2080-528-8191,ljcr-difference-sets
ljcr-ds-8216-2015-494-8216,ljcr-difference-sets
ljcr-ds-8233-2401-700-8233,ljcr-difference-sets
ljcr-ds-8253-2064-516-8253,ljcr-difference-sets
ljcr-ds-8271-1655-331-8271,ljcr-difference-sets
ljcr-ds-82720-910-10-2-41360,ljcr-difference-sets
ljcr-ds-82720-910-10-4-20680,ljcr-difference-sets
ljcr-ds-8277-2069-517-8277,ljcr-difference-sets
ljcr-ds-8289-4033-1962-8289,ljcr-difference-sets
ljcr-ds-8341-2641-836-8341,ljcr-difference-sets
ljcr-ds-8357-2089-522-8357,ljcr-difference-sets
ljcr-ds-8360-1287-198-8360,ljcr-difference-sets
ljcr-ds-8365-697-58-8365,ljcr-difference-sets
ljcr-ds-837-209-52-3-279,ljcr-difference-sets
ljcr-ds-837-209-52-3-3-93,ljcr-difference-sets
ljcr-ds-8401-2401-686-8401,ljcr-difference-sets
ljcr-ds-8401-2976-1054-8401,ljcr-difference-sets
ljcr-ds-8431-2811-937-8431,ljcr-difference-sets
ljcr-ds-8437-2812-937-8437,ljcr-difference-sets
ljcr-ds-847-423-211-11-77,ljcr-difference-sets
ljcr-ds-8527-784-72-8527,ljcr-difference-sets
ljcr-ds-8533-2133-533-8533,ljcr-difference-sets
ljcr-ds-855-183-39-3-285,ljcr-difference-sets
ljcr-ds-8555-3290-1265-8555,ljcr-difference-sets
ljcr-ds-8568-1977-456-8568,ljcr-difference-sets
ljcr-ds-8569-3808-1692-8569,ljcr-difference-sets
ljcr-ds-8581-2145-536-8581,ljcr-difference-sets
ljcr-ds-8591-4295-2147-8591,ljcr-difference-sets
ljcr-ds-8645-2161-540-8645,ljcr-difference-sets
ljcr-ds-8711-871-87-8711,ljcr-difference-sets
ljcr-ds-8713-1089-136-8713,ljcr-difference-sets
ljcr-ds-8764-3175-1150-8764,ljcr-difference-sets
ljcr-ds-8779-2926-975-8779,ljcr-difference-sets
ljcr-ds-8781-2196-549-8781,ljcr-difference-sets
ljcr-ds-8800-420-20-10-880,ljcr-difference-sets
ljcr-ds-8800-420-20-2-10-440,ljcr-difference-sets
ljcr-ds-8800-420-20-2-2-10-220,ljcr-difference-sets
ljcr-ds-8800-420-20-2-2-2-10-110,ljcr-difference-sets
ljcr-ds-8800-420-20-2-2-2-1100,ljcr-difference-sets
ljcr-ds-8800-420-20-2-2-2200,ljcr-difference-sets
ljcr-ds-8800-420-20-2-20-220,ljcr-difference-sets
ljcr-ds-8800-420-20-2-4-1100,ljcr-difference-sets
ljcr-ds-8800-420-20-2-4400,ljcr-difference-sets
ljcr-ds-8800-420-20-20-440,ljcr-difference-sets
ljcr-ds-8800-420-20-4-2200,ljcr-difference-sets
ljcr-ds-8815-1470-245-8815,ljcr-difference-sets
ljcr-ds-8835-3787-1623-8835,ljcr-difference-sets
ljcr-ds-8835-4417-2208-8835,ljcr-difference-sets
ljcr-ds-8855-3496-1380-8855,ljcr-difference-sets
ljcr-ds-891-445-222-3-3-3-33,ljcr-difference-sets
ljcr-ds-891-445-222-3-3-99,ljcr-difference-sets
ljcr-ds-891-445-222-9-99,ljcr-difference-sets
ljcr-ds-8943-527-31-8943,ljcr-difference-sets
ljcr-ds-896-180-36-2-2-2-112,ljcr-difference-sets
ljcr-ds-896-180-36-2-2-224,ljcr-difference-sets
ljcr-ds-896-180-36-2-4-112,ljcr-difference-sets
ljcr-ds-896-180-36-4-224,ljcr-difference-sets
ljcr-ds-896-180-36-8-112,ljcr-difference-sets
ljcr-ds-8960-868-84-16-560,ljcr-difference-sets
ljcr-ds-8960-868-84-2-2-2240,ljcr-difference-sets
ljcr-ds-8960-868-84-2-4-1120,ljcr-difference-sets
ljcr-ds-8960-868-84-2-4480,ljcr-difference-sets
ljcr-ds-8960-868-84-2-8-560,ljcr-difference-sets
ljcr-ds-8960-868-84-4-2240,ljcr-difference-sets
ljcr-ds-8960-868-84-4-4-560,ljcr-difference-sets
ljcr-ds-8960-868-84-8-1120,ljcr-difference-sets
ljcr-ds-8961-4096-1872-8961,ljcr-difference-sets
ljcr-ds-8991-465-24-3-3-3-3-111,ljcr-difference-sets
ljcr-ds-8991-465-24-3-3-3-333,ljcr-difference-sets
ljcr-ds-8991-465-24-3-9-333,ljcr-difference-sets
ljcr-ds-900-435-210-15-60,ljcr-difference-sets
ljcr-ds-900-435-210-30-30,ljcr-difference-sets
ljcr-ds-9009-2816-880-9009,ljcr-difference-sets
ljcr-ds-9073-1296-185-9073,ljcr-difference-sets
ljcr-ds-909-228-57-3-303,ljcr-difference-sets
ljcr-ds-910-405-180-910,ljcr-difference-sets
ljcr-ds-9100-675-50-10-910,ljcr-difference-sets
ljcr-ds-9100-675-50-5-1820,ljcr-difference-sets
ljcr-ds-9131-1661-302-9131,ljcr-difference-sets
ljcr-ds-9135-4567-2283-9135,ljcr-difference-sets
ljcr-ds-921-161-28-921,ljcr-difference-sets
ljcr-ds-9215-4607-2303-9215,ljcr-difference-sets
ljcr-ds-925-385-160-5-185,ljcr-difference-sets
ljcr-ds-931-186-37-7-133,ljcr-difference-sets
ljcr-ds-931-280-84-7-133,ljcr-difference-sets
ljcr-ds-931-465-232-7-133,ljcr-difference-sets
ljcr-ds-9331-1866-373-9331,ljcr-difference-sets
ljcr-ds-936-375-150-2-468,ljcr-difference-sets
ljcr-ds-936-375-150-2-6-78,ljcr-difference-sets
ljcr-ds-936-375-150-3-312,ljcr-difference-sets
ljcr-ds-936-375-150-6-156,ljcr-difference-sets
ljcr-ds-936-375-150-936,ljcr-difference-sets
ljcr-ds-9360-1911-390-9360,ljcr-difference-sets
ljcr-ds-9367-3346-1195-9367,ljcr-difference-sets
ljcr-ds-9373-3124-1041-9373,ljcr-difference-sets
ljcr-ds-9405-2352-588-9405,ljcr-difference-sets
ljcr-ds-9423-4711-2355-9423,ljcr-difference-sets
ljcr-ds-9436-3996-1692-9436,ljcr-difference-sets
ljcr-ds-944-369-144-2-472,ljcr-difference-sets
ljcr-ds-944-369-144-944,ljcr-difference-sets
ljcr-ds-945-177-33-3-3-105,ljcr-difference-sets
ljcr-ds-945-177-33-3-315,ljcr-difference-sets
ljcr-ds-9471-1895-379-9471,ljcr-difference-sets
ljcr-ds-9472-616-40-16-592,ljcr-difference-sets
ljcr-ds-9472-616-40-2-2-2-2-592,ljcr-difference-sets
ljcr-ds-9472-616-40-2-2-4-592,ljcr-difference-sets
ljcr-ds-9472-616-40-2-8-592,ljcr-difference-sets
ljcr-ds-9472-616-40-4-4-592,ljcr-difference-sets
ljcr-ds-950-365-140-5-190,ljcr-difference-sets
ljcr-ds-9559-649-44-11-869,ljcr-difference-sets
ljcr-ds-960-274-78-2-2-2-120,ljcr-difference-sets
ljcr-ds-960-274-78-2-2-240,ljcr-difference-sets
ljcr-ds-960-274-78-2-4-120,ljcr-difference-sets
ljcr-ds-960-274-78-2-480,ljcr-difference-sets
ljcr-ds-960-274-78-4-240,ljcr-difference-sets
ljcr-ds-960-274-78-8-120,ljcr-difference-sets
ljcr-ds-961-256-68-31-31,ljcr-difference-sets
ljcr-ds-963-222-51-3-321,ljcr-difference-sets
ljcr-ds-963-222-51-963,ljcr-difference-sets
ljcr-ds-963-481-240-3-321,ljcr-difference-sets
ljcr-ds-9637-2409-602-9637,ljcr-difference-sets
ljcr-ds-9637-3796-1495-9637,ljcr-difference-sets
ljcr-ds-9641-3616-1356-9641,ljcr-difference-sets
ljcr-ds-975-487-243-5-195,ljcr-difference-sets
ljcr-ds-9765-2441-610-9765,ljcr-difference-sets
ljcr-ds-981-196-39-3-327,ljcr-difference-sets
ljcr-ds-981-196-39-981,ljcr-difference-sets
ljcr-ds-981-441-198-3-327,ljcr-difference-sets
ljcr-ds-9815-4207-1803-9815,ljcr-difference-sets
ljcr-ds-9871-3291-1097-9871,ljcr-difference-sets
ljcr-ds-98869-1177-14-98869,ljcr-difference-sets
ljcr-ds-990-345-120-3-330,ljcr-difference-sets
ljcr-ds-990-345-120-990,ljcr-difference-sets
ljcr-ds-9933-3056-940-9933,ljcr-difference-sets
ljcr-ds-9961-2656-708-9961,ljcr-difference-sets
ljcr-ds-9969-3472-1209-9969,ljcr-difference-sets
