id,kind,title,source,family,status
kourovka-main-01-003,catalog,Kourovka problem 1.3 (main),kourovka-notebook-21,,listed-unsolved
kourovka-main-01-005,catalog,Kourovka problem 1.5 (main),kourovka-notebook-21,,listed-unsolved
kourovka-main-01-006,catalog,Kourovka problem 1.6 (main),kourovka-notebook-21,,listed-unsolved
kourovka-main-01-012,catalog,Kourovka problem 1.12 (main),kourovka-notebook-21,,listed-unsolved
kourovka-main-01-020,catalog,Kourovka problem 1.20 (main),kourovka-notebook-21,,listed-unsolved
kourovka-main-01-027,catalog,Kourovka problem 1.27 (main),kourovka-notebook-21,,listed-unsolved
kourovka-main-01-028,catalog,Kourovka problem 1.28 (main),kourovka-notebook-21,,listed-unsolved
kourovka-main-01-031,catalog,Kourovka problem 1.31 (main),kourovka-notebook-21,,listed-unsolved
kourovka-main-01-033,catalog,Kourovka problem 1.33 (main),kourovka-notebook-21,,listed-unsolved
kourovka-main-01-035,catalog,Kourovka problem 1.35 (main),kourovka-notebook-21,,listed-unsolved
kourovka-main-01-040,catalog,Kourovka problem 1.40 (main),kourovka-notebook-21,,listed-unsolved
kourovka-main-01-046,catalog,Kourovka problem 1.46 (main),kourovka-notebook-21,,listed-unsolved
kourovka-main-01-051,catalog,Kourovka problem 1.51 (main),kourovka-notebook-21,,listed-unsolved
kourovka-main-01-054,catalog,Kourovka problem 1.54 (main),kourovka-notebook-21,,listed-unsolved
kourovka-main-01-055,catalog,Kourovka problem 1.55 (main),kourovka-notebook-21,,listed-unsolved
kourovka-main-01-065,catalog,Kourovka problem 1.65 (main),kourovka-notebook-21,,listed-unsolved
kourovka-main-01-067,catalog,Kourovka problem 1.67 (main),kourovka-notebook-21,,listed-unsolved
kourovka-main-01-074,catalog,Kourovka problem 1.74 (main),kourovka-notebook-21,,listed-unsolved
kourovka-main-01-086,catalog,Kourovka problem 1.86 (main),kourovka-notebook-21,,listed-unsolved
kourovka-main-01-087,catalog,Kourovka problem 1.87 (main),kourovka-notebook-21,,listed-unsolved
kourovka-main-02-005,catalog,Kourovka problem 2.5 (main),kourovka-notebook-21,,listed-unsolved
kourovka-main-02-006,catalog,Kourovka problem 2.6 (main),kourovka-notebook-21,,listed-unsolved
kourovka-main-02-009,catalog,Kourovka problem 2.9 (main),kourovka-notebook-21,,listed-unsolved
kourovka-main-02-022,catalog,Kourovka problem 2.22 (main),kourovka-notebook-21,,listed-unsolved
kourovka-main-02-024,catalog,Kourovka problem 2.24 (main),kourovka-notebook-21,,listed-unsolved
kourovka-main-02-025,catalog,Kourovka problem 2.25 (main),kourovka-notebook-21,,listed-unsolved
kourovka-main-02-026,catalog,Kourovka problem 2.26 (main),kourovka-notebook-21,,listed-unsolved
kourovka-main-02-028,catalog,Kourovka problem 2.28 (main),kourovka-notebook-21,,listed-unsolved
kourovka-main-02-040,catalog,Kourovka problem 2.40 (main),kourovka-notebook-21,,listed-unsolved
kourovka-main-02-042,catalog,Kourovka problem 2.42 (main),kourovka-notebook-21,,listed-unsolved
kourovka-main-02-045,catalog,Kourovka problem 2.45 (main),kourovka-notebook-21,,listed-unsolved
kourovka-main-02-048,catalog,Kourovka problem 2.48 (main),kourovka-notebook-21,,reported-answered-by-source
kourovka-main-02-056,catalog,Kourovka problem 2.56 (main),kourovka-notebook-21,,listed-unsolved
kourovka-main-02-067,catalog,Kourovka problem 2.67 (main),kourovka-notebook-21,,listed-unsolved
kourovka-main-02-068,catalog,Kourovka problem 2.68 (main),kourovka-notebook-21,,listed-unsolved
kourovka-main-02-074,catalog,Kourovka problem 2.74 (main),kourovka-notebook-21,,listed-unsolved
kourovka-main-02-078,catalog,Kourovka problem 2.78 (main),kourovka-notebook-21,,listed-unsolved
kourovka-main-02-080,catalog,Kourovka problem 2.80 (main),kourovka-notebook-21,,listed-unsolved
kourovka-main-02-081,catalog,Kourovka problem 2.81 (main),kourovka-notebook-21,,listed-unsolved
kourovka-main-02-082,catalog,Kourovka problem 2.82 (main),kourovka-notebook-21,,listed-unsolved
kourovka-main-02-084,catalog,Kourovka problem 2.84 (main),kourovka-notebook-21,,listed-unsolved
kourovka-main-03-003,catalog,Kourovka problem 3.3 (main),kourovka-notebook-21,,listed-unsolved
kourovka-main-03-005,catalog,Kourovka problem 3.5 (main),kourovka-notebook-21,,listed-unsolved
kourovka-main-03-012,catalog,Kourovka problem 3.12 (main),kourovka-notebook-21,,listed-unsolved
kourovka-main-03-016,catalog,Kourovka problem 3.16 (main),kourovka-notebook-21,,listed-unsolved
kourovka-main-03-020,catalog,Kourovka problem 3.20 (main),kourovka-notebook-21,,listed-unsolved
kourovka-main-03-034,catalog,Kourovka problem 3.34 (main),kourovka-notebook-21,,listed-unsolved
kourovka-main-03-038,catalog,Kourovka problem 3.38 (main),kourovka-notebook-21,,listed-unsolved
kourovka-main-03-043,catalog,Kourovka problem 3.43 (main),kourovka-notebook-21,,listed-unsolved
kourovka-main-03-044,catalog,Kourovka problem 3.44 (main),kourovka-notebook-21,,listed-unsolved
kourovka-main-03-045,catalog,Kourovka problem 3.45 (main),kourovka-notebook-21,,listed-unsolved
kourovka-main-03-046,catalog,Kourovka problem 3.46 (main),kourovka-notebook-21,,reported-answered-by-source
kourovka-main-03-047,catalog,Kourovka problem 3.47 (main),kourovka-notebook-21,,listed-unsolved
kourovka-main-03-048,catalog,Kourovka problem 3.48 (main),kourovka-notebook-21,,listed-unsolved
kourovka-main-03-049,catalog,Kourovka problem 3.49 (main),kourovka-notebook-21,,listed-unsolved
kourovka-main-03-055,catalog,Kourovka problem 3.55 (main),kourovka-notebook-21,,listed-unsolved
kourovka-main-03-057,catalog,Kourovka problem 3.57 (main),kourovka-notebook-21,,listed-unsolved
kourovka-main-03-060,catalog,Kourovka problem 3.60 (main),kourovka-notebook-21,,listed-unsolved
kourovka-main-04-002,catalog,Kourovka problem 4.2 (main),kourovka-notebook-21,,listed-unsolved
kourovka-main-04-005,catalog,Kourovka problem 4.5 (main),kourovka-notebook-21,,listed-unsolved
kourovka-main-04-006,catalog,Kourovka problem 4.6 (main),kourovka-notebook-21,,listed-unsolved
kourovka-main-04-007,catalog,Kourovka problem 4.7 (main),kourovka-notebook-21,,listed-unsolved
kourovka-main-04-009,catalog,Kourovka problem 4.9 (main),kourovka-notebook-21,,listed-unsolved
kourovka-main-04-011,catalog,Kourovka problem 4.11 (main),kourovka-notebook-21,,listed-unsolved
kourovka-main-04-013,catalog,Kourovka problem 4.13 (main),kourovka-notebook-21,,listed-unsolved
kourovka-main-04-017,catalog,Kourovka problem 4.17 (main),kourovka-notebook-21,,listed-unsolved
kourovka-main-04-018,catalog,Kourovka problem 4.18 (main),kourovka-notebook-21,,listed-unsolved
kourovka-main-04-019,catalog,Kourovka problem 4.19 (main),kourovka-notebook-21,,listed-unsolved
kourovka-main-04-024,catalog,Kourovka problem 4.24 (main),kourovka-notebook-21,,listed-unsolved
kourovka-main-04-030,catalog,Kourovka problem 4.30 (main),kourovka-notebook-21,,listed-unsolved
kourovka-main-04-031,catalog,Kourovka problem 4.31 (main),kourovka-notebook-21,,listed-unsolved
kourovka-main-04-033,catalog,Kourovka problem 4.33 (main),kourovka-notebook-21,,listed-unsolved
kourovka-main-04-034,catalog,Kourovka problem 4.34 (main),kourovka-notebook-21,,listed-unsolved
kourovka-main-04-040,catalog,Kourovka problem 4.40 (main),kourovka-notebook-21,,listed-unsolved
kourovka-main-04-042,catalog,Kourovka problem 4.42 (main),kourovka-notebook-21,,listed-unsolved
kourovka-main-04-044,catalog,Kourovka problem 4.44 (main),kourovka-notebook-21,,listed-unsolved
kourovka-main-04-046,catalog,Kourovka problem 4.46 (main),kourovka-notebook-21,,listed-unsolved
kourovka-main-04-048,catalog,Kourovka problem 4.48 (main),kourovka-notebook-21,,listed-unsolved
kourovka-main-04-050,catalog,Kourovka problem 4.50 (main),kourovka-notebook-21,,listed-unsolved
kourovka-main-04-055,catalog,Kourovka problem 4.55 (main),kourovka-notebook-21,,listed-unsolved
kourovka-main-04-056,catalog,Kourovka problem 4.56 (main),kourovka-notebook-21,,listed-unsolved
kourovka-main-04-065,catalog,Kourovka problem 4.65 (main),kourovka-notebook-21,,listed-unsolved
kourovka-main-04-066,catalog,Kourovka problem 4.66 (main),kourovka-notebook-21,,listed-unsolved
kourovka-main-04-072,catalog,Kourovka problem 4.72 (main),kourovka-notebook-21,,listed-unsolved
kourovka-main-04-074,catalog,Kourovka problem 4.74 (main),kourovka-notebook-21,,listed-unsolved
kourovka-main-04-075,catalog,Kourovka problem 4.75 (main),kourovka-notebook-21,,listed-unsolved
kourovka-main-05-001,catalog,Kourovka problem 5.1 (main),kourovka-notebook-21,,listed-unsolved
kourovka-main-05-005,catalog,Kourovka problem 5.5 (main),kourovka-notebook-21,,listed-unsolved
kourovka-main-05-014,catalog,Kourovka problem 5.14 (main),kourovka-notebook-21,,listed-unsolved
kourovka-main-05-015,catalog,Kourovka problem 5.15 (main),kourovka-notebook-21,,listed-unsolved
kourovka-main-05-016,catalog,Kourovka problem 5.16 (main),kourovka-notebook-21,,listed-unsolved
kourovka-main-05-025,catalog,Kourovka problem 5.25 (main),kourovka-notebook-21,,listed-unsolved
kourovka-main-05-026,catalog,Kourovka problem 5.26 (main),kourovka-notebook-21,,listed-unsolved
kourovka-main-05-027,catalog,Kourovka problem 5.27 (main),kourovka-notebook-21,,listed-unsolved
kourovka-main-05-030,catalog,Kourovka problem 5.30 (main),kourovka-notebook-21,,listed-unsolved
kourovka-main-05-033,catalog,Kourovka problem 5.33 (main),kourovka-notebook-21,,listed-unsolved
kourovka-main-05-035,catalog,Kourovka problem 5.35 (main),kourovka-notebook-21,,listed-unsolved
kourovka-main-05-036,catalog,Kourovka problem 5.36 (main),kourovka-notebook-21,,listed-unsolved
kourovka-main-05-038,catalog,Kourovka problem 5.38 (main),kourovka-notebook-21,,listed-unsolved
kourovka-main-05-039,catalog,Kourovka problem 5.39 (main),kourovka-notebook-21,,listed-unsolved
kourovka-main-05-042,catalog,Kourovka problem 5.42 (main),kourovka-notebook-21,,listed-unsolved
kourovka-main-05-044,catalog,Kourovka problem 5.44 (main),kourovka-notebook-21,,listed-unsolved
kourovka-main-05-047,catalog,Kourovka problem 5.47 (main),kourovka-notebook-21,,reported-answered-by-source
kourovka-main-05-048,catalog,Kourovka problem 5.48 (main),kourovka-notebook-21,,listed-unsolved
kourovka-main-05-052,catalog,Kourovka problem 5.52 (main),kourovka-notebook-21,,reported-answered-by-source
kourovka-main-05-054,catalog,Kourovka problem 5.54 (main),kourovka-notebook-21,,listed-unsolved
kourovka-main-05-055,catalog,Kourovka problem 5.55 (main),kourovka-notebook-21,,listed-unsolved
kourovka-main-05-056,catalog,Kourovka problem 5.56 (main),kourovka-notebook-21,,listed-unsolved
kourovka-main-05-059,catalog,Kourovka problem 5.59 (main),kourovka-notebook-21,,listed-unsolved
kourovka-main-05-067,catalog,Kourovka problem 5.67 (main),kourovka-notebook-21,,listed-unsolved
kourovka-main-06-001,catalog,Kourovka problem 6.1 (main),kourovka-notebook-21,,listed-unsolved
kourovka-main-06-002,catalog,Kourovka problem 6.2 (main),kourovka-notebook-21,,listed-unsolved
kourovka-main-06-003,catalog,Kourovka problem 6.3 (main),kourovka-notebook-21,,listed-unsolved
kourovka-main-06-005,catalog,Kourovka problem 6.5 (main),kourovka-notebook-21,,listed-unsolved
kourovka-main-06-009,catalog,Kourovka problem 6.9 (main),kourovka-notebook-21,,listed-unsolved
kourovka-main-06-010,catalog,Kourovka problem 6.10 (main),kourovka-notebook-21,,listed-unsolved
kourovka-main-06-011,catalog,Kourovka problem 6.11 (main),kourovka-notebook-21,,listed-unsolved
kourovka-main-06-021,catalog,Kourovka problem 6.21 (main),kourovka-notebook-21,,listed-unsolved
kourovka-main-06-024,catalog,Kourovka problem 6.24 (main),kourovka-notebook-21,,listed-unsolved
kourovka-main-06-026,catalog,Kourovka problem 6.26 (main),kourovka-notebook-21,,listed-unsolved
kourovka-main-06-028,catalog,Kourovka problem 6.28 (main),kourovka-notebook-21,,listed-unsolved
kourovka-main-06-029,catalog,Kourovka problem 6.29 (main),kourovka-notebook-21,,listed-unsolved
kourovka-main-06-030,catalog,Kourovka problem 6.30 (main),kourovka-notebook-21,,listed-unsolved
kourovka-main-06-031,catalog,Kourovka problem 6.31 (main),kourovka-notebook-21,,listed-unsolved
kourovka-main-06-032,catalog,Kourovka problem 6.32 (main),kourovka-notebook-21,,listed-unsolved
kourovka-main-06-038,catalog,Kourovka problem 6.38 (main),kourovka-notebook-21,,listed-unsolved
kourovka-main-06-039,catalog,Kourovka problem 6.39 (main),kourovka-notebook-21,,listed-unsolved
kourovka-main-06-045,catalog,Kourovka problem 6.45 (main),kourovka-notebook-21,,reported-answered-by-source
kourovka-main-06-047,catalog,Kourovka problem 6.47 (main),kourovka-notebook-21,,listed-unsolved
kourovka-main-06-048,catalog,Kourovka problem 6.48 (main),kourovka-notebook-21,,listed-unsolved
kourovka-main-06-051,catalog,Kourovka problem 6.51 (main),kourovka-notebook-21,,listed-unsolved
kourovka-main-06-055,catalog,Kourovka problem 6.55 (main),kourovka-notebook-21,,listed-unsolved
kourovka-main-06-056,catalog,Kourovka problem 6.56 (main),kourovka-notebook-21,,listed-unsolved
kourovka-main-06-059,catalog,Kourovka problem 6.59 (main),kourovka-notebook-21,,listed-unsolved
kourovka-main-06-060,catalog,Kourovka problem 6.60 (main),kourovka-notebook-21,,listed-unsolved
kourovka-main-06-061,catalog,Kourovka problem 6.61 (main),kourovka-notebook-21,,listed-unsolved
kourovka-main-06-062,catalog,Kourovka problem 6.62 (main),kourovka-notebook-21,,listed-unsolved
kourovka-main-07-003,catalog,Kourovka problem 7.3 (main),kourovka-notebook-21,,listed-unsolved
kourovka-main-07-005,catalog,Kourovka problem 7.5 (main),kourovka-notebook-21,,listed-unsolved
kourovka-main-07-015,catalog,Kourovka problem 7.15 (main),kourovka-notebook-21,,listed-unsolved
kourovka-main-07-019,catalog,Kourovka problem 7.19 (main),kourovka-notebook-21,,listed-unsolved
kourovka-main-07-021,catalog,Kourovka problem 7.21 (main),kourovka-notebook-21,,listed-unsolved
kourovka-main-07-023,catalog,Kourovka problem 7.23 (main),kourovka-notebook-21,,listed-unsolved
kourovka-main-07-025,catalog,Kourovka problem 7.25 (main),kourovka-notebook-21,,listed-unsolved
kourovka-main-07-026,catalog,Kourovka problem 7.26 (main),kourovka-notebook-21,,listed-unsolved
kourovka-main-07-027,catalog,Kourovka problem 7.27 (main),kourovka-notebook-21,,listed-unsolved
kourovka-main-07-028,catalog,Kourovka problem 7.28 (main),kourovka-notebook-21,,listed-unsolved
kourovka-main-07-031,catalog,Kourovka problem 7.31 (main),kourovka-notebook-21,,listed-unsolved
kourovka-main-07-033,catalog,Kourovka problem 7.33 (main),kourovka-notebook-21,,listed-unsolved
kourovka-main-07-034,catalog,Kourovka problem 7.34 (main),kourovka-notebook-21,,listed-unsolved
kourovka-main-07-035,catalog,Kourovka problem 7.35 (main),kourovka-notebook-21,,listed-unsolved
kourovka-main-07-038,catalog,Kourovka problem 7.38 (main),kourovka-notebook-21,,listed-unsolved
kourovka-main-07-039,catalog,Kourovka problem 7.39 (main),kourovka-notebook-21,,listed-unsolved
kourovka-main-07-041,catalog,Kourovka problem 7.41 (main),kourovka-notebook-21,,listed-unsolved
kourovka-main-07-045,catalog,Kourovka problem 7.45 (main),kourovka-notebook-21,,listed-unsolved
kourovka-main-07-049,catalog,Kourovka problem 7.49 (main),kourovka-notebook-21,,listed-unsolved
kourovka-main-07-050,catalog,Kourovka problem 7.50 (main),kourovka-notebook-21,,listed-unsolved
kourovka-main-07-051,catalog,Kourovka problem 7.51 (main),kourovka-notebook-21,,listed-unsolved
kourovka-main-07-052,catalog,Kourovka problem 7.52 (main),kourovka-notebook-21,,listed-unsolved
kourovka-main-07-054,catalog,Kourovka problem 7.54 (main),kourovka-notebook-21,,listed-unsolved
kourovka-main-07-055,catalog,Kourovka problem 7.55 (main),kourovka-notebook-21,,listed-unsolved
kourovka-main-07-056,catalog,Kourovka problem 7.56 (main),kourovka-notebook-21,,listed-unsolved
kourovka-main-07-057,catalog,Kourovka problem 7.57 (main),kourovka-notebook-21,,listed-unsolved
kourovka-main-07-058,catalog,Kourovka problem 7.58 (main),kourovka-notebook-21,,listed-unsolved
kourovka-main-08-001,catalog,Kourovka problem 8.1 (main),kourovka-notebook-21,,listed-unsolved
kourovka-main-08-002,catalog,Kourovka problem 8.2 (main),kourovka-notebook-21,,listed-unsolved
kourovka-main-08-003,catalog,Kourovka problem 8.3 (main),kourovka-notebook-21,,listed-unsolved
kourovka-main-08-004,catalog,Kourovka problem 8.4 (main),kourovka-notebook-21,,listed-unsolved
kourovka-main-08-008,catalog,Kourovka problem 8.8 (main),kourovka-notebook-21,,listed-unsolved
kourovka-main-08-009,catalog,Kourovka problem 8.9 (main),kourovka-notebook-21,,listed-unsolved
kourovka-main-08-011,catalog,Kourovka problem 8.11 (main),kourovka-notebook-21,,reported-answered-by-source
kourovka-main-08-012,catalog,Kourovka problem 8.12 (main),kourovka-notebook-21,,listed-unsolved
kourovka-main-08-014,catalog,Kourovka problem 8.14 (main),kourovka-notebook-21,,listed-unsolved
kourovka-main-08-015,catalog,Kourovka problem 8.15 (main),kourovka-notebook-21,,listed-unsolved
kourovka-main-08-016,catalog,Kourovka problem 8.16 (main),kourovka-notebook-21,,listed-unsolved
kourovka-main-08-019,catalog,Kourovka problem 8.19 (main),kourovka-notebook-21,,listed-unsolved
kourovka-main-08-021,catalog,Kourovka problem 8.21 (main),kourovka-notebook-21,,listed-unsolved
kourovka-main-08-023,catalog,Kourovka problem 8.23 (main),kourovka-notebook-21,,listed-unsolved
kourovka-main-08-024,catalog,Kourovka problem 8.24 (main),kourovka-notebook-21,,listed-unsolved
kourovka-main-08-025,catalog,Kourovka problem 8.25 (main),kourovka-notebook-21,,listed-unsolved
kourovka-main-08-027,catalog,Kourovka problem 8.27 (main),kourovka-notebook-21,,listed-unsolved
kourovka-main-08-029,catalog,Kourovka problem 8.29 (main),kourovka-notebook-21,,listed-unsolved
kourovka-main-08-030,catalog,Kourovka problem 8.30 (main),kourovka-notebook-21,,listed-unsolved
kourovka-main-08-033,catalog,Kourovka problem 8.33 (main),kourovka-notebook-21,,listed-unsolved
kourovka-main-08-035,catalog,Kourovka problem 8.35 (main),kourovka-notebook-21,,listed-unsolved
kourovka-main-08-040,catalog,Kourovka problem 8.40 (main),kourovka-notebook-21,,listed-unsolved
kourovka-main-08-041,catalog,Kourovka problem 8.41 (main),kourovka-notebook-21,,listed-unsolved
kourovka-main-08-042,catalog,Kourovka problem 8.42 (main),kourovka-notebook-21,,listed-unsolved
kourovka-main-08-043,catalog,Kourovka problem 8.43 (main),kourovka-notebook-21,,listed-unsolved
kourovka-main-08-044,catalog,Kourovka problem 8.44 (main),kourovka-notebook-21,,listed-unsolved
kourovka-main-08-045,catalog,Kourovka problem 8.45 (main),kourovka-notebook-21,,listed-unsolved
kourovka-main-08-050,catalog,Kourovka problem 8.50 (main),kourovka-notebook-21,,listed-unsolved
kourovka-main-08-051,catalog,Kourovka problem 8.51 (main),kourovka-notebook-21,,reported-answered-by-source
kourovka-main-08-052,catalog,Kourovka problem 8.52 (main),kourovka-notebook-21,,listed-unsolved
kourovka-main-08-053,catalog,Kourovka problem 8.53 (main),kourovka-notebook-21,,listed-unsolved
kourovka-main-08-054,catalog,Kourovka problem 8.54 (main),kourovka-notebook-21,,listed-unsolved
kourovka-main-08-055,catalog,Kourovka problem 8.55 (main),kourovka-notebook-21,,listed-unsolved
kourovka-main-08-058,catalog,Kourovka problem 8.58 (main),kourovka-notebook-21,,listed-unsolved
kourovka-main-08-059,catalog,Kourovka problem 8.59 (main),kourovka-notebook-21,,listed-unsolved
kourovka-main-08-060,catalog,Kourovka problem 8.60 (main),kourovka-notebook-21,,listed-unsolved
kourovka-main-08-062,catalog,Kourovka problem 8.62 (main),kourovka-notebook-21,,listed-unsolved
kourovka-main-08-064,catalog,Kourovka problem 8.64 (main),kourovka-notebook-21,,listed-unsolved
kourovka-main-08-067,catalog,Kourovka problem 8.67 (main),kourovka-notebook-21,,listed-unsolved
kourovka-main-08-072,catalog,Kourovka problem 8.72 (main),kourovka-notebook-21,,listed-unsolved
kourovka-main-08-074,catalog,Kourovka problem 8.74 (main),kourovka-notebook-21,,listed-unsolved
kourovka-main-08-075,catalog,Kourovka problem 8.75 (main),kourovka-notebook-21,,reported-answered-by-source
kourovka-main-08-077,catalog,Kourovka problem 8.77 (main),kourovka-notebook-21,,listed-unsolved
kourovka-main-08-078,catalog,Kourovka problem 8.78 (main),kourovka-notebook-21,,listed-unsolved
kourovka-main-08-079,catalog,Kourovka problem 8.79 (main),kourovka-notebook-21,,listed-unsolved
kourovka-main-08-082,catalog,Kourovka problem 8.82 (main),kourovka-notebook-21,,listed-unsolved
kourovka-main-08-083,catalog,Kourovka problem 8.83 (main),kourovka-notebook-21,,listed-unsolved
kourovka-main-08-085,catalog,Kourovka problem 8.85 (main),kourovka-notebook-21,,listed-unsolved
kourovka-main-08-086,catalog,Kourovka problem 8.86 (main),kourovka-notebook-21,,listed-unsolved
kourovka-main-09-001,catalog,Kourovka problem 9.1 (main),kourovka-notebook-21,,listed-unsolved
kourovka-main-09-004,catalog,Kourovka problem 9.4 (main),kourovka-notebook-21,,listed-unsolved
kourovka-main-09-005,catalog,Kourovka problem 9.5 (main),kourovka-notebook-21,,listed-unsolved
kourovka-main-09-006,catalog,Kourovka problem 9.6 (main),kourovka-notebook-21,,listed-unsolved
kourovka-main-09-007,catalog,Kourovka problem 9.7 (main),kourovka-notebook-21,,listed-unsolved
kourovka-main-09-009,catalog,Kourovka problem 9.9 (main),kourovka-notebook-21,,listed-unsolved
kourovka-main-09-011,catalog,Kourovka problem 9.11 (main),kourovka-notebook-21,,listed-unsolved
kourovka-main-09-013,catalog,Kourovka problem 9.13 (main),kourovka-notebook-21,,listed-unsolved
kourovka-main-09-014,catalog,Kourovka problem 9.14 (main),kourovka-notebook-21,,listed-unsolved
kourovka-main-09-015,catalog,Kourovka problem 9.15 (main),kourovka-notebook-21,,listed-unsolved
kourovka-main-09-017,catalog,Kourovka problem 9.17 (main),kourovka-notebook-21,,listed-unsolved
kourovka-main-09-019,catalog,Kourovka problem 9.19 (main),kourovka-notebook-21,,listed-unsolved
kourovka-main-09-023,catalog,Kourovka problem 9.23 (main),kourovka-notebook-21,,listed-unsolved
kourovka-main-09-024,catalog,Kourovka problem 9.24 (main),kourovka-notebook-21,,listed-unsolved
kourovka-main-09-026,catalog,Kourovka problem 9.26 (main),kourovka-notebook-21,,listed-unsolved
kourovka-main-09-028,catalog,Kourovka problem 9.28 (main),kourovka-notebook-21,,listed-unsolved
kourovka-main-09-029,catalog,Kourovka problem 9.29 (main),kourovka-notebook-21,,listed-unsolved
kourovka-main-09-031,catalog,Kourovka problem 9.31 (main),kourovka-notebook-21,,listed-unsolved
kourovka-main-09-035,catalog,Kourovka problem 9.35 (main),kourovka-notebook-21,,listed-unsolved
kourovka-main-09-036,catalog,Kourovka problem 9.36 (main),kourovka-notebook-21,,listed-unsolved
kourovka-main-09-037,catalog,Kourovka problem 9.37 (main),kourovka-notebook-21,,listed-unsolved
kourovka-main-09-038,catalog,Kourovka problem 9.38 (main),kourovka-notebook-21,,listed-unsolved
kourovka-main-09-039,catalog,Kourovka problem 9.39 (main),kourovka-notebook-21,,listed-unsolved
kourovka-main-09-040,catalog,Kourovka problem 9.40 (main),kourovka-notebook-21,,listed-unsolved
kourovka-main-09-041,catalog,Kourovka problem 9.41 (main),kourovka-notebook-21,,listed-unsolved
kourovka-main-09-042,catalog,Kourovka problem 9.42 (main),kourovka-notebook-21,,listed-unsolved
kourovka-main-09-043,catalog,Kourovka problem 9.43 (main),kourovka-notebook-21,,listed-unsolved
kourovka-main-09-044,catalog,Kourovka problem 9.44 (main),kourovka-notebook-21,,listed-unsolved
kourovka-main-09-045,catalog,Kourovka problem 9.45 (main),kourovka-notebook-21,,listed-unsolved
kourovka-main-09-047,catalog,Kourovka problem 9.47 (main),kourovka-notebook-21,,listed-unsolved
kourovka-main-09-051,catalog,Kourovka problem 9.51 (main),kourovka-notebook-21,,listed-unsolved
kourovka-main-09-052,catalog,Kourovka problem 9.52 (main),kourovka-notebook-21,,listed-unsolved
kourovka-main-09-053,catalog,Kourovka problem 9.53 (main),kourovka-notebook-21,,listed-unsolved
kourovka-main-09-055,catalog,Kourovka problem 9.55 (main),kourovka-notebook-21,,listed-unsolved
kourovka-main-09-057,catalog,Kourovka problem 9.57 (main),kourovka-notebook-21,,listed-unsolved
kourovka-main-09-061,catalog,Kourovka problem 9.61 (main),kourovka-notebook-21,,listed-unsolved
kourovka-main-09-065,catalog,Kourovka problem 9.65 (main),kourovka-notebook-21,,listed-unsolved
kourovka-main-09-066,catalog,Kourovka problem 9.66 (main),kourovka-notebook-21,,reported-answered-by-source
kourovka-main-09-068,catalog,Kourovka problem 9.68 (main),kourovka-notebook-21,,listed-unsolved
kourovka-main-09-069,catalog,Kourovka problem 9.69 (main),kourovka-notebook-21,,reported-answered-by-source
kourovka-main-09-070,catalog,Kourovka problem 9.70 (main),kourovka-notebook-21,,listed-unsolved
kourovka-main-09-071,catalog,Kourovka problem 9.71 (main),kourovka-notebook-21,,listed-unsolved
kourovka-main-09-072,catalog,Kourovka problem 9.72 (main),kourovka-notebook-21,,listed-unsolved
kourovka-main-09-075,catalog,Kourovka problem 9.75 (main),kourovka-notebook-21,,listed-unsolved
kourovka-main-09-076,catalog,Kourovka problem 9.76 (main),kourovka-notebook-21,,listed-unsolved
kourovka-main-09-077,catalog,Kourovka problem 9.77 (main),kourovka-notebook-21,,listed-unsolved
kourovka-main-09-078,catalog,Kourovka problem 9.78 (main),kourovka-notebook-21,,listed-unsolved
kourovka-main-09-083,catalog,Kourovka problem 9.83 (main),kourovka-notebook-21,,listed-unsolved
kourovka-main-09-084,catalog,Kourovka problem 9.84 (main),kourovka-notebook-21,,listed-unsolved
kourovka-main-10-002,catalog,Kourovka problem 10.2 (main),kourovka-notebook-21,,listed-unsolved
kourovka-main-10-003,catalog,Kourovka problem 10.3 (main),kourovka-notebook-21,,listed-unsolved
kourovka-main-10-004,catalog,Kourovka problem 10.4 (main),kourovka-notebook-21,,listed-unsolved
kourovka-main-10-005,catalog,Kourovka problem 10.5 (main),kourovka-notebook-21,,listed-unsolved
kourovka-main-10-008,catalog,Kourovka problem 10.8 (main),kourovka-notebook-21,,listed-unsolved
kourovka-main-10-010,catalog,Kourovka problem 10.10 (main),kourovka-notebook-21,,listed-unsolved
kourovka-main-10-011,catalog,Kourovka problem 10.11 (main),kourovka-notebook-21,,listed-unsolved
kourovka-main-10-012,catalog,Kourovka problem 10.12 (main),kourovka-notebook-21,,listed-unsolved
kourovka-main-10-013,catalog,Kourovka problem 10.13 (main),kourovka-notebook-21,,listed-unsolved
kourovka-main-10-015,catalog,Kourovka problem 10.15 (main),kourovka-notebook-21,,listed-unsolved
kourovka-main-10-016,catalog,Kourovka problem 10.16 (main),kourovka-notebook-21,,listed-unsolved
kourovka-main-10-017,catalog,Kourovka problem 10.17 (main),kourovka-notebook-21,,listed-unsolved
kourovka-main-10-018,catalog,Kourovka problem 10.18 (main),kourovka-notebook-21,,listed-unsolved
kourovka-main-10-019,catalog,Kourovka problem 10.19 (main),kourovka-notebook-21,,listed-unsolved
kourovka-main-10-020,catalog,Kourovka problem 10.20 (main),kourovka-notebook-21,,listed-unsolved
kourovka-main-10-026,catalog,Kourovka problem 10.26 (main),kourovka-notebook-21,,listed-unsolved
kourovka-main-10-027,catalog,Kourovka problem 10.27 (main),kourovka-notebook-21,,listed-unsolved
kourovka-main-10-029,catalog,Kourovka problem 10.29 (main),kourovka-notebook-21,,listed-unsolved
kourovka-main-10-031,catalog,Kourovka problem 10.31 (main),kourovka-notebook-21,,listed-unsolved
kourovka-main-10-032,catalog,Kourovka problem 10.32 (main),kourovka-notebook-21,,listed-unsolved
kourovka-main-10-034,catalog,Kourovka problem 10.34 (main),kourovka-notebook-21,,listed-unsolved
kourovka-main-10-035,catalog,Kourovka problem 10.35 (main),kourovka-notebook-21,,listed-unsolved
kourovka-main-10-036,catalog,Kourovka problem 10.36 (main),kourovka-notebook-21,,listed-unsolved
kourovka-main-10-038,catalog,Kourovka problem 10.38 (main),kourovka-notebook-21,,listed-unsolved
kourovka-main-10-039,catalog,Kourovka problem 10.39 (main),kourovka-notebook-21,,listed-unsolved
kourovka-main-10-040,catalog,Kourovka problem 10.40 (main),kourovka-notebook-21,,listed-unsolved
kourovka-main-10-042,catalog,Kourovka problem 10.42 (main),kourovka-notebook-21,,listed-unsolved
kourovka-main-10-043,catalog,Kourovka problem 10.43 (main),kourovka-notebook-21,,listed-unsolved
kourovka-main-10-044,catalog,Kourovka problem 10.44 (main),kourovka-notebook-21,,listed-unsolved
kourovka-main-10-045,catalog,Kourovka problem 10.45 (main),kourovka-notebook-21,,listed-unsolved
kourovka-main-10-046,catalog,Kourovka problem 10.46 (main),kourovka-notebook-21,,listed-unsolved
kourovka-main-10-047,catalog,Kourovka problem 10.47 (main),kourovka-notebook-21,,listed-unsolved
kourovka-main-10-049,catalog,Kourovka problem 10.49 (main),kourovka-notebook-21,,listed-unsolved
kourovka-main-10-050,catalog,Kourovka problem 10.50 (main),kourovka-notebook-21,,listed-unsolved
kourovka-main-10-051,catalog,Kourovka problem 10.51 (main),kourovka-notebook-21,,listed-unsolved
kourovka-main-10-052,catalog,Kourovka problem 10.52 (main),kourovka-notebook-21,,listed-unsolved
kourovka-main-10-053,catalog,Kourovka problem 10.53 (main),kourovka-notebook-21,,listed-unsolved
kourovka-main-10-054,catalog,Kourovka problem 10.54 (main),kourovka-notebook-21,,listed-unsolved
kourovka-main-10-055,catalog,Kourovka problem 10.55 (main),kourovka-notebook-21,,listed-unsolved
kourovka-main-10-057,catalog,Kourovka problem 10.57 (main),kourovka-notebook-21,,listed-unsolved
kourovka-main-10-058,catalog,Kourovka problem 10.58 (main),kourovka-notebook-21,,listed-unsolved
kourovka-main-10-059,catalog,Kourovka problem 10.59 (main),kourovka-notebook-21,,listed-unsolved
kourovka-main-10-060,catalog,Kourovka problem 10.60 (main),kourovka-notebook-21,,listed-unsolved
kourovka-main-10-061,catalog,Kourovka problem 10.61 (main),kourovka-notebook-21,,listed-unsolved
kourovka-main-10-062,catalog,Kourovka problem 10.62 (main),kourovka-notebook-21,,listed-unsolved
kourovka-main-10-064,catalog,Kourovka problem 10.64 (main),kourovka-notebook-21,,reported-answered-by-source
kourovka-main-10-065,catalog,Kourovka problem 10.65 (main),kourovka-notebook-21,,listed-unsolved
kourovka-main-10-067,catalog,Kourovka problem 10.67 (main),kourovka-notebook-21,,listed-unsolved
kourovka-main-10-070,catalog,Kourovka problem 10.70 (main),kourovka-notebook-21,,listed-unsolved
kourovka-main-10-071,catalog,Kourovka problem 10.71 (main),kourovka-notebook-21,,listed-unsolved
kourovka-main-10-073,catalog,Kourovka problem 10.73 (main),kourovka-notebook-21,,listed-unsolved
kourovka-main-10-074,catalog,Kourovka problem 10.74 (main),kourovka-notebook-21,,listed-unsolved
kourovka-main-10-075,catalog,Kourovka problem 10.75 (main),kourovka-notebook-21,,listed-unsolved
kourovka-main-10-077,catalog,Kourovka problem 10.77 (main),kourovka-notebook-21,,listed-unsolved
kourovka-main-10-078,catalog,Kourovka problem 10.78 (main),kourovka-notebook-21,,listed-unsolved
kourovka-main-11-001,catalog,Kourovka problem 11.1 (main),kourovka-notebook-21,,listed-unsolved
kourovka-main-11-003,catalog,Kourovka problem 11.3 (main),kourovka-notebook-21,,listed-unsolved
kourovka-main-11-005,catalog,Kourovka problem 11.5 (main),kourovka-notebook-21,,listed-unsolved
kourovka-main-11-007,catalog,Kourovka problem 11.7 (main),kourovka-notebook-21,,listed-unsolved
kourovka-main-11-008,catalog,Kourovka problem 11.8 (main),kourovka-notebook-21,,listed-unsolved
kourovka-main-11-009,catalog,Kourovka problem 11.9 (main),kourovka-notebook-21,,listed-unsolved
kourovka-main-11-010,catalog,Kourovka problem 11.10 (main),kourovka-notebook-21,,listed-unsolved
kourovka-main-11-012,catalog,Kourovka problem 11.12 (main),kourovka-notebook-21,,listed-unsolved
kourovka-main-11-014,catalog,Kourovka problem 11.14 (main),kourovka-notebook-21,,listed-unsolved
kourovka-main-11-015,catalog,Kourovka problem 11.15 (main),kourovka-notebook-21,,listed-unsolved
kourovka-main-11-016,catalog,Kourovka problem 11.16 (main),kourovka-notebook-21,,listed-unsolved
kourovka-main-11-017,catalog,Kourovka problem 11.17 (main),kourovka-notebook-21,,listed-unsolved
kourovka-main-11-018,catalog,Kourovka problem 11.18 (main),kourovka-notebook-21,,listed-unsolved
kourovka-main-11-019,catalog,Kourovka problem 11.19 (main),kourovka-notebook-21,,listed-unsolved
kourovka-main-11-022,catalog,Kourovka problem 11.22 (main),kourovka-notebook-21,,listed-unsolved
kourovka-main-11-023,catalog,Kourovka problem 11.23 (main),kourovka-notebook-21,,listed-unsolved
kourovka-main-11-025,catalog,Kourovka problem 11.25 (main),kourovka-notebook-21,,listed-unsolved
kourovka-main-11-028,catalog,Kourovka problem 11.28 (main),kourovka-notebook-21,,listed-unsolved
kourovka-main-11-029,catalog,Kourovka problem 11.29 (main),kourovka-notebook-21,,listed-unsolved
kourovka-main-11-030,catalog,Kourovka problem 11.30 (main),kourovka-notebook-21,,listed-unsolved
kourovka-main-11-031,catalog,Kourovka problem 11.31 (main),kourovka-notebook-21,,listed-unsolved
kourovka-main-11-032,catalog,Kourovka problem 11.32 (main),kourovka-notebook-21,,reported-answered-by-source
kourovka-main-11-033,catalog,Kourovka problem 11.33 (main),kourovka-notebook-21,,listed-unsolved
kourovka-main-11-034,catalog,Kourovka problem 11.34 (main),kourovka-notebook-21,,listed-unsolved
kourovka-main-11-036,catalog,Kourovka problem 11.36 (main),kourovka-notebook-21,,listed-unsolved
kourovka-main-11-037,catalog,Kourovka problem 11.37 (main),kourovka-notebook-21,,listed-unsolved
kourovka-main-11-038,catalog,Kourovka problem 11.38 (main),kourovka-notebook-21,,listed-unsolved
kourovka-main-11-039,catalog,Kourovka problem 11.39 (main),kourovka-notebook-21,,listed-unsolved
kourovka-main-11-040,catalog,Kourovka problem 11.40 (main),kourovka-notebook-21,,listed-unsolved
kourovka-main-11-044,catalog,Kourovka problem 11.44 (main),kourovka-notebook-21,,listed-unsolved
kourovka-main-11-045,catalog,Kourovka problem 11.45 (main),kourovka-notebook-21,,listed-unsolved
kourovka-main-11-046,catalog,Kourovka problem 11.46 (main),kourovka-notebook-21,,listed-unsolved
kourovka-main-11-048,catalog,Kourovka problem 11.48 (main),kourovka-notebook-21,,listed-unsolved
kourovka-main-11-049,catalog,Kourovka problem 11.49 (main),kourovka-notebook-21,,listed-unsolved
kourovka-main-11-050,catalog,Kourovka problem 11.50 (main),kourovka-notebook-21,,listed-unsolved
kourovka-main-11-051,catalog,Kourovka problem 11.51 (main),kourovka-notebook-21,,listed-unsolved
kourovka-main-11-056,catalog,Kourovka problem 11.56 (main),kourovka-notebook-21,,listed-unsolved
kourovka-main-11-058,catalog,Kourovka problem 11.58 (main),kourovka-notebook-21,,listed-unsolved
kourovka-main-11-059,catalog,Kourovka problem 11.59 (main),kourovka-notebook-21,,listed-unsolved
kourovka-main-11-060,catalog,Kourovka problem 11.60 (main),kourovka-notebook-21,,listed-unsolved
kourovka-main-11-061,catalog,Kourovka problem 11.61 (main),kourovka-notebook-21,,listed-unsolved
kourovka-main-11-062,catalog,Kourovka problem 11.62 (main),kourovka-notebook-21,,listed-unsolved
kourovka-main-11-063,catalog,Kourovka problem 11.63 (main),kourovka-notebook-21,,listed-unsolved
kourovka-main-11-065,catalog,Kourovka problem 11.65 (main),kourovka-notebook-21,,listed-unsolved
kourovka-main-11-066,catalog,Kourovka problem 11.66 (main),kourovka-notebook-21,,listed-unsolved
kourovka-main-11-067,catalog,Kourovka problem 11.67 (main),kourovka-notebook-21,,reported-answered-by-source
kourovka-main-11-069,catalog,Kourovka problem 11.69 (main),kourovka-notebook-21,,listed-unsolved
kourovka-main-11-070,catalog,Kourovka problem 11.70 (main),kourovka-notebook-21,,listed-unsolved
kourovka-main-11-071,catalog,Kourovka problem 11.71 (main),kourovka-notebook-21,,listed-unsolved
kourovka-main-11-072,catalog,Kourovka problem 11.72 (main),kourovka-notebook-21,,listed-unsolved
kourovka-main-11-073,catalog,Kourovka problem 11.73 (main),kourovka-notebook-21,,listed-unsolved
kourovka-main-11-076,catalog,Kourovka problem 11.76 (main),kourovka-notebook-21,,listed-unsolved
kourovka-main-11-077,catalog,Kourovka problem 11.77 (main),kourovka-notebook-21,,listed-unsolved
kourovka-main-11-078,catalog,Kourovka problem 11.78 (main),kourovka-notebook-21,,listed-unsolved
kourovka-main-11-080,catalog,Kourovka problem 11.80 (main),kourovka-notebook-21,,listed-unsolved
kourovka-main-11-081,catalog,Kourovka problem 11.81 (main),kourovka-notebook-21,,listed-unsolved
kourovka-main-11-083,catalog,Kourovka problem 11.83 (main),kourovka-notebook-21,,listed-unsolved
kourovka-main-11-084,catalog,Kourovka problem 11.84 (main),kourovka-notebook-21,,listed-unsolved
kourovka-main-11-085,catalog,Kourovka problem 11.85 (main),kourovka-notebook-21,,listed-unsolved
kourovka-main-11-086,catalog,Kourovka problem 11.86 (main),kourovka-notebook-21,,listed-unsolved
kourovka-main-11-087,catalog,Kourovka problem 11.87 (main),kourovka-notebook-21,,listed-unsolved
kourovka-main-11-089,catalog,Kourovka problem 11.89 (main),kourovka-notebook-21,,listed-unsolved
kourovka-main-11-090,catalog,Kourovka problem 11.90 (main),kourovka-notebook-21,,listed-unsolved
kourovka-main-11-092,catalog,Kourovka problem 11.92 (main),kourovka-notebook-21,,listed-unsolved
kourovka-main-11-095,catalog,Kourovka problem 11.95 (main),kourovka-notebook-21,,listed-unsolved
kourovka-main-11-096,catalog,Kourovka problem 11.96 (main),kourovka-notebook-21,,reported-answered-by-source
kourovka-main-11-098,catalog,Kourovka problem 11.98 (main),kourovka-notebook-21,,listed-unsolved
kourovka-main-11-099,catalog,Kourovka problem 11.99 (main),kourovka-notebook-21,,listed-unsolved
kourovka-main-11-100,catalog,Kourovka problem 11.100 (main),kourovka-notebook-21,,listed-unsolved
kourovka-main-11-102,catalog,Kourovka problem 11.102 (main),kourovka-notebook-21,,listed-unsolved
kourovka-main-11-105,catalog,Kourovka problem 11.105 (main),kourovka-notebook-21,,listed-unsolved
kourovka-main-11-107,catalog,Kourovka problem 11.107 (main),kourovka-notebook-21,,listed-unsolved
kourovka-main-11-109,catalog,Kourovka problem 11.109 (main),kourovka-notebook-21,,listed-unsolved
kourovka-main-11-111,catalog,Kourovka problem 11.111 (main),kourovka-notebook-21,,listed-unsolved
kourovka-main-11-112,catalog,Kourovka problem 11.112 (main),kourovka-notebook-21,,listed-unsolved
kourovka-main-11-113,catalog,Kourovka problem 11.113 (main),kourovka-notebook-21,,listed-unsolved
kourovka-main-11-114,catalog,Kourovka problem 11.114 (main),kourovka-notebook-21,,listed-unsolved
kourovka-main-11-115,catalog,Kourovka problem 11.115 (main),kourovka-notebook-21,,listed-unsolved
kourovka-main-11-116,catalog,Kourovka problem 11.116 (main),kourovka-notebook-21,,listed-unsolved
kourovka-main-11-117,catalog,Kourovka problem 11.117 (main),kourovka-notebook-21,,listed-unsolved
kourovka-main-11-118,catalog,Kourovka problem 11.118 (main),kourovka-notebook-21,,listed-unsolved
kourovka-main-11-119,catalog,Kourovka problem 11.119 (main),kourovka-notebook-21,,listed-unsolved
kourovka-main-11-120,catalog,Kourovka problem 11.120 (main),kourovka-notebook-21,,listed-unsolved
kourovka-main-11-121,catalog,Kourovka problem 11.121 (main),kourovka-notebook-21,,listed-unsolved
kourovka-main-11-122,catalog,Kourovka problem 11.122 (main),kourovka-notebook-21,,listed-unsolved
kourovka-main-11-123,catalog,Kourovka problem 11.123 (main),kourovka-notebook-21,,listed-unsolved
kourovka-main-11-124,catalog,Kourovka problem 11.124 (main),kourovka-notebook-21,,listed-unsolved
kourovka-main-11-125,catalog,Kourovka problem 11.125 (main),kourovka-notebook-21,,listed-unsolved
kourovka-main-11-127,catalog,Kourovka problem 11.127 (main),kourovka-notebook-21,,listed-unsolved
kourovka-main-12-001,catalog,Kourovka problem 12.1 (main),kourovka-notebook-21,,listed-unsolved
kourovka-main-12-003,catalog,Kourovka problem 12.3 (main),kourovka-notebook-21,,listed-unsolved
kourovka-main-12-004,catalog,Kourovka problem 12.4 (main),kourovka-notebook-21,,listed-unsolved
kourovka-main-12-006,catalog,Kourovka problem 12.6 (main),kourovka-notebook-21,,listed-unsolved
kourovka-main-12-008,catalog,Kourovka problem 12.8 (main),kourovka-notebook-21,,listed-unsolved
kourovka-main-12-009,catalog,Kourovka problem 12.9 (main),kourovka-notebook-21,,listed-unsolved
kourovka-main-12-011,catalog,Kourovka problem 12.11 (main),kourovka-notebook-21,,listed-unsolved
kourovka-main-12-012,catalog,Kourovka problem 12.12 (main),kourovka-notebook-21,,listed-unsolved
kourovka-main-12-013,catalog,Kourovka problem 12.13 (main),kourovka-notebook-21,,listed-unsolved
kourovka-main-12-015,catalog,Kourovka problem 12.15 (main),kourovka-notebook-21,,listed-unsolved
kourovka-main-12-016,catalog,Kourovka problem 12.16 (main),kourovka-notebook-21,,listed-unsolved
kourovka-main-12-017,catalog,Kourovka problem 12.17 (main),kourovka-notebook-21,,listed-unsolved
kourovka-main-12-019,catalog,Kourovka problem 12.19 (main),kourovka-notebook-21,,listed-unsolved
kourovka-main-12-020,catalog,Kourovka problem 12.20 (main),kourovka-notebook-21,,listed-unsolved
kourovka-main-12-021,catalog,Kourovka problem 12.21 (main),kourovka-notebook-21,,listed-unsolved
kourovka-main-12-023,catalog,Kourovka problem 12.23 (main),kourovka-notebook-21,,listed-unsolved
kourovka-main-12-027,catalog,Kourovka problem 12.27 (main),kourovka-notebook-21,,listed-unsolved
kourovka-main-12-028,catalog,Kourovka problem 12.28 (main),kourovka-notebook-21,,listed-unsolved
kourovka-main-12-029,catalog,Kourovka problem 12.29 (main),kourovka-notebook-21,,listed-unsolved
kourovka-main-12-030,catalog,Kourovka problem 12.30 (main),kourovka-notebook-21,,listed-unsolved
kourovka-main-12-033,catalog,Kourovka problem 12.33 (main),kourovka-notebook-21,,listed-unsolved
kourovka-main-12-034,catalog,Kourovka problem 12.34 (main),kourovka-notebook-21,,listed-unsolved
kourovka-main-12-035,catalog,Kourovka problem 12.35 (main),kourovka-notebook-21,,listed-unsolved
kourovka-main-12-037,catalog,Kourovka problem 12.37 (main),kourovka-notebook-21,,reported-answered-by-source
kourovka-main-12-040,catalog,Kourovka problem 12.40 (main),kourovka-notebook-21,,listed-unsolved
kourovka-main-12-041,catalog,Kourovka problem 12.41 (main),kourovka-notebook-21,,reported-answered-by-source
kourovka-main-12-043,catalog,Kourovka problem 12.43 (main),kourovka-notebook-21,,listed-unsolved
kourovka-main-12-048,catalog,Kourovka problem 12.48 (main),kourovka-notebook-21,,listed-unsolved
kourovka-main-12-050,catalog,Kourovka problem 12.50 (main),kourovka-notebook-21,,listed-unsolved
kourovka-main-12-051,catalog,Kourovka problem 12.51 (main),kourovka-notebook-21,,reported-answered-by-source
kourovka-main-12-052,catalog,Kourovka problem 12.52 (main),kourovka-notebook-21,,listed-unsolved
kourovka-main-12-053,catalog,Kourovka problem 12.53 (main),kourovka-notebook-21,,listed-unsolved
kourovka-main-12-054,catalog,Kourovka problem 12.54 (main),kourovka-notebook-21,,listed-unsolved
kourovka-main-12-055,catalog,Kourovka problem 12.55 (main),kourovka-notebook-21,,listed-unsolved
kourovka-main-12-056,catalog,Kourovka problem 12.56 (main),kourovka-notebook-21,,listed-unsolved
kourovka-main-12-057,catalog,Kourovka problem 12.57 (main),kourovka-notebook-21,,listed-unsolved
kourovka-main-12-058,catalog,Kourovka problem 12.58 (main),kourovka-notebook-21,,listed-unsolved
kourovka-main-12-059,catalog,Kourovka problem 12.59 (main),kourovka-notebook-21,,listed-unsolved
kourovka-main-12-060,catalog,Kourovka problem 12.60 (main),kourovka-notebook-21,,listed-unsolved
kourovka-main-12-062,catalog,Kourovka problem 12.62 (main),kourovka-notebook-21,,listed-unsolved
kourovka-main-12-063,catalog,Kourovka problem 12.63 (main),kourovka-notebook-21,,listed-unsolved
kourovka-main-12-064,catalog,Kourovka problem 12.64 (main),kourovka-notebook-21,,listed-unsolved
kourovka-main-12-066,catalog,Kourovka problem 12.66 (main),kourovka-notebook-21,,listed-unsolved
kourovka-main-12-067,catalog,Kourovka problem 12.67 (main),kourovka-notebook-21,,listed-unsolved
kourovka-main-12-068,catalog,Kourovka problem 12.68 (main),kourovka-notebook-21,,listed-unsolved
kourovka-main-12-069,catalog,Kourovka problem 12.69 (main),kourovka-notebook-21,,listed-unsolved
kourovka-main-12-072,catalog,Kourovka problem 12.72 (main),kourovka-notebook-21,,listed-unsolved
kourovka-main-12-073,catalog,Kourovka problem 12.73 (main),kourovka-notebook-21,,listed-unsolved
kourovka-main-12-075,catalog,Kourovka problem 12.75 (main),kourovka-notebook-21,,listed-unsolved
kourovka-main-12-081,catalog,Kourovka problem 12.81 (main),kourovka-notebook-21,,listed-unsolved
kourovka-main-12-085,catalog,Kourovka problem 12.85 (main),kourovka-notebook-21,,listed-unsolved
kourovka-main-12-086,catalog,Kourovka problem 12.86 (main),kourovka-notebook-21,,listed-unsolved
kourovka-main-12-087,catalog,Kourovka problem 12.87 (main),kourovka-notebook-21,,listed-unsolved
kourovka-main-12-088,catalog,Kourovka problem 12.88 (main),kourovka-notebook-21,,listed-unsolved
kourovka-main-12-089,catalog,Kourovka problem 12.89 (main),kourovka-notebook-21,,listed-unsolved
kourovka-main-12-092,catalog,Kourovka problem 12.92 (main),kourovka-notebook-21,,listed-unsolved
kourovka-main-12-095,catalog,Kourovka problem 12.95 (main),kourovka-notebook-21,,listed-unsolved
kourovka-main-12-100,catalog,Kourovka problem 12.100 (main),kourovka-notebook-21,,listed-unsolved
kourovka-main-12-101,catalog,Kourovka problem 12.101 (main),kourovka-notebook-21,,listed-unsolved
kourovka-main-13-001,catalog,Kourovka problem 13.1 (main),kourovka-notebook-21,,listed-unsolved
kourovka-main-13-002,catalog,Kourovka problem 13.2 (main),kourovka-notebook-21,,listed-unsolved
kourovka-main-13-003,catalog,Kourovka problem 13.3 (main),kourovka-notebook-21,,listed-unsolved
kourovka-main-13-004,catalog,Kourovka problem 13.4 (main),kourovka-notebook-21,,listed-unsolved
kourovka-main-13-005,catalog,Kourovka problem 13.5 (main),kourovka-notebook-21,,listed-unsolved
kourovka-main-13-006,catalog,Kourovka problem 13.6 (main),kourovka-notebook-21,,listed-unsolved
kourovka-main-13-007,catalog,Kourovka problem 13.7 (main),kourovka-notebook-21,,listed-unsolved
kourovka-main-13-008,catalog,Kourovka problem 13.8 (main),kourovka-notebook-21,,listed-unsolved
kourovka-main-13-009,catalog,Kourovka problem 13.9 (main),kourovka-notebook-21,,listed-unsolved
kourovka-main-13-012,catalog,Kourovka problem 13.12 (main),kourovka-notebook-21,,listed-unsolved
kourovka-main-13-013,catalog,Kourovka problem 13.13 (main),kourovka-notebook-21,,listed-unsolved
kourovka-main-13-014,catalog,Kourovka problem 13.14 (main),kourovka-notebook-21,,listed-unsolved
kourovka-main-13-015,catalog,Kourovka problem 13.15 (main),kourovka-notebook-21,,listed-unsolved
kourovka-main-13-017,catalog,Kourovka problem 13.17 (main),kourovka-notebook-21,,listed-unsolved
kourovka-main-13-019,catalog,Kourovka problem 13.19 (main),kourovka-notebook-21,,listed-unsolved
kourovka-main-13-020,catalog,Kourovka problem 13.20 (main),kourovka-notebook-21,,listed-unsolved
kourovka-main-13-021,catalog,Kourovka problem 13.21 (main),kourovka-notebook-21,,listed-unsolved
kourovka-main-13-022,catalog,Kourovka problem 13.22 (main),kourovka-notebook-21,,listed-unsolved
kourovka-main-13-023,catalog,Kourovka problem 13.23 (main),kourovka-notebook-21,,listed-unsolved
kourovka-main-13-024,catalog,Kourovka problem 13.24 (main),kourovka-notebook-21,,listed-unsolved
kourovka-main-13-025,catalog,Kourovka problem 13.25 (main),kourovka-notebook-21,,listed-unsolved
kourovka-main-13-027,catalog,Kourovka problem 13.27 (main),kourovka-notebook-21,,listed-unsolved
kourovka-main-13-030,catalog,Kourovka problem 13.30 (main),kourovka-notebook-21,,listed-unsolved
kourovka-main-13-031,catalog,Kourovka problem 13.31 (main),kourovka-notebook-21,,listed-unsolved
kourovka-main-13-032,catalog,Kourovka problem 13.32 (main),kourovka-notebook-21,,listed-unsolved
kourovka-main-13-035,catalog,Kourovka problem 13.35 (main),kourovka-notebook-21,,listed-unsolved
kourovka-main-13-036,catalog,Kourovka problem 13.36 (main),kourovka-notebook-21,,listed-unsolved
kourovka-main-13-037,catalog,Kourovka problem 13.37 (main),kourovka-notebook-21,,listed-unsolved
kourovka-main-13-039,catalog,Kourovka problem 13.39 (main),kourovka-notebook-21,,listed-unsolved
kourovka-main-13-041,catalog,Kourovka problem 13.41 (main),kourovka-notebook-21,,listed-unsolved
kourovka-main-13-042,catalog,Kourovka problem 13.42 (main),kourovka-notebook-21,,listed-unsolved
kourovka-main-13-043,catalog,Kourovka problem 13.43 (main),kourovka-notebook-21,,reported-answered-by-source
kourovka-main-13-044,catalog,Kourovka problem 13.44 (main),kourovka-notebook-21,,listed-unsolved
kourovka-main-13-048,catalog,Kourovka problem 13.48 (main),kourovka-notebook-21,,listed-unsolved
kourovka-main-13-049,catalog,Kourovka problem 13.49 (main),kourovka-notebook-21,,listed-unsolved
kourovka-main-13-051,catalog,Kourovka problem 13.51 (main),kourovka-notebook-21,,listed-unsolved
kourovka-main-13-052,catalog,Kourovka problem 13.52 (main),kourovka-notebook-21,,listed-unsolved
kourovka-main-13-053,catalog,Kourovka problem 13.53 (main),kourovka-notebook-21,,listed-unsolved
kourovka-main-13-054,catalog,Kourovka problem 13.54 (main),kourovka-notebook-21,,listed-unsolved
kourovka-main-13-055,catalog,Kourovka problem 13.55 (main),kourovka-notebook-21,,listed-unsolved
kourovka-main-13-057,catalog,Kourovka problem 13.57 (main),kourovka-notebook-21,,listed-unsolved
kourovka-main-13-059,catalog,Kourovka problem 13.59 (main),kourovka-notebook-21,,listed-unsolved
kourovka-main-13-060,catalog,Kourovka problem 13.60 (main),kourovka-notebook-21,,listed-unsolved
kourovka-main-13-064,catalog,Kourovka problem 13.64 (main),kourovka-notebook-21,,listed-unsolved
kourovka-main-13-065,catalog,Kourovka problem 13.65 (main),kourovka-notebook-21,,listed-unsolved
kourovka-main-13-067,catalog,Kourovka problem 13.67 (main),kourovka-notebook-21,,listed-unsolved
kourovka-main-14-002,catalog,Kourovka problem 14.2 (main),kourovka-notebook-21,,listed-unsolved
kourovka-main-14-003,catalog,Kourovka problem 14.3 (main),kourovka-notebook-21,,listed-unsolved
kourovka-main-14-004,catalog,Kourovka problem 14.4 (main),kourovka-notebook-21,,reported-answered-by-source
kourovka-main-14-005,catalog,Kourovka problem 14.5 (main),kourovka-notebook-21,,listed-unsolved
kourovka-main-14-006,catalog,Kourovka problem 14.6 (main),kourovka-notebook-21,,listed-unsolved
kourovka-main-14-007,catalog,Kourovka problem 14.7 (main),kourovka-notebook-21,,listed-unsolved
kourovka-main-14-008,catalog,Kourovka problem 14.8 (main),kourovka-notebook-21,,listed-unsolved
kourovka-main-14-009,catalog,Kourovka problem 14.9 (main),kourovka-notebook-21,,listed-unsolved
kourovka-main-14-010,catalog,Kourovka problem 14.10 (main),kourovka-notebook-21,,listed-unsolved
kourovka-main-14-011,catalog,Kourovka problem 14.11 (main),kourovka-notebook-21,,listed-unsolved
kourovka-main-14-012,catalog,Kourovka problem 14.12 (main),kourovka-notebook-21,,listed-unsolved
kourovka-main-14-014,catalog,Kourovka problem 14.14 (main),kourovka-notebook-21,,listed-unsolved
kourovka-main-14-015,catalog,Kourovka problem 14.15 (main),kourovka-notebook-21,,listed-unsolved
kourovka-main-14-016,catalog,Kourovka problem 14.16 (main),kourovka-notebook-21,,listed-unsolved
kourovka-main-14-017,catalog,Kourovka problem 14.17 (main),kourovka-notebook-21,,listed-unsolved
kourovka-main-14-018,catalog,Kourovka problem 14.18 (main),kourovka-notebook-21,,listed-unsolved
kourovka-main-14-019,catalog,Kourovka problem 14.19 (main),kourovka-notebook-21,,reported-answered-by-source
kourovka-main-14-020,catalog,Kourovka problem 14.20 (main),kourovka-notebook-21,,reported-answered-by-source
kourovka-main-14-021,catalog,Kourovka problem 14.21 (main),kourovka-notebook-21,,listed-unsolved
kourovka-main-14-022,catalog,Kourovka problem 14.22 (main),kourovka-notebook-21,,listed-unsolved
kourovka-main-14-023,catalog,Kourovka problem 14.23 (main),kourovka-notebook-21,,listed-unsolved
kourovka-main-14-024,catalog,Kourovka problem 14.24 (main),kourovka-notebook-21,,listed-unsolved
kourovka-main-14-026,catalog,Kourovka problem 14.26 (main),kourovka-notebook-21,,listed-unsolved
kourovka-main-14-028,catalog,Kourovka problem 14.28 (main),kourovka-notebook-21,,listed-unsolved
kourovka-main-14-029,catalog,Kourovka problem 14.29 (main),kourovka-notebook-21,,listed-unsolved
kourovka-main-14-030,catalog,Kourovka problem 14.30 (main),kourovka-notebook-21,,listed-unsolved
kourovka-main-14-031,catalog,Kourovka problem 14.31 (main),kourovka-notebook-21,,listed-unsolved
kourovka-main-14-035,catalog,Kourovka problem 14.35 (main),kourovka-notebook-21,,listed-unsolved
kourovka-main-14-036,catalog,Kourovka problem 14.36 (main),kourovka-notebook-21,,listed-unsolved
kourovka-main-14-037,catalog,Kourovka problem 14.37 (main),kourovka-notebook-21,,listed-unsolved
kourovka-main-14-038,catalog,Kourovka problem 14.38 (main),kourovka-notebook-21,,listed-unsolved
kourovka-main-14-039,catalog,Kourovka problem 14.39 (main),kourovka-notebook-21,,listed-unsolved
kourovka-main-14-040,catalog,Kourovka problem 14.40 (main),kourovka-notebook-21,,listed-unsolved
kourovka-main-14-041,catalog,Kourovka problem 14.41 (main),kourovka-notebook-21,,listed-unsolved
kourovka-main-14-042,catalog,Kourovka problem 14.42 (main),kourovka-notebook-21,,listed-unsolved
kourovka-main-14-043,catalog,Kourovka problem 14.43 (main),kourovka-notebook-21,,listed-unsolved
kourovka-main-14-044,catalog,Kourovka problem 14.44 (main),kourovka-notebook-21,,listed-unsolved
kourovka-main-14-045,catalog,Kourovka problem 14.45 (main),kourovka-notebook-21,,listed-unsolved
kourovka-main-14-046,catalog,Kourovka problem 14.46 (main),kourovka-notebook-21,,listed-unsolved
kourovka-main-14-047,catalog,Kourovka problem 14.47 (main),kourovka-notebook-21,,listed-unsolved
kourovka-main-14-051,catalog,Kourovka problem 14.51 (main),kourovka-notebook-21,,listed-unsolved
kourovka-main-14-053,catalog,Kourovka problem 14.53 (main),kourovka-notebook-21,,listed-unsolved
kourovka-main-14-054,catalog,Kourovka problem 14.54 (main),kourovka-notebook-21,,reported-answered-by-source
kourovka-main-14-055,catalog,Kourovka problem 14.55 (main),kourovka-notebook-21,,listed-unsolved
kourovka-main-14-056,catalog,Kourovka problem 14.56 (main),kourovka-notebook-21,,listed-unsolved
kourovka-main-14-057,catalog,Kourovka problem 14.57 (main),kourovka-notebook-21,,listed-unsolved
kourovka-main-14-058,catalog,Kourovka problem 14.58 (main),kourovka-notebook-21,,listed-unsolved
kourovka-main-14-059,catalog,Kourovka problem 14.59 (main),kourovka-notebook-21,,listed-unsolved
kourovka-main-14-061,catalog,Kourovka problem 14.61 (main),kourovka-notebook-21,,listed-unsolved
kourovka-main-14-064,catalog,Kourovka problem 14.64 (main),kourovka-notebook-21,,listed-unsolved
kourovka-main-14-065,catalog,Kourovka problem 14.65 (main),kourovka-notebook-21,,listed-unsolved
kourovka-main-14-067,catalog,Kourovka problem 14.67 (main),kourovka-notebook-21,,listed-unsolved
kourovka-main-14-068,catalog,Kourovka problem 14.68 (main),kourovka-notebook-21,,listed-unsolved
kourovka-main-14-069,catalog,Kourovka problem 14.69 (main),kourovka-notebook-21,,listed-unsolved
kourovka-main-14-070,catalog,Kourovka problem 14.70 (main),kourovka-notebook-21,,listed-unsolved
kourovka-main-14-072,catalog,Kourovka problem 14.72 (main),kourovka-notebook-21,,listed-unsolved
kourovka-main-14-073,catalog,Kourovka problem 14.73 (main),kourovka-notebook-21,,listed-unsolved
kourovka-main-14-074,catalog,Kourovka problem 14.74 (main),kourovka-notebook-21,,listed-unsolved
kourovka-main-14-075,catalog,Kourovka problem 14.75 (main),kourovka-notebook-21,,listed-unsolved
kourovka-main-14-076,catalog,Kourovka problem 14.76 (main),kourovka-notebook-21,,listed-unsolved
kourovka-main-14-078,catalog,Kourovka problem 14.78 (main),kourovka-notebook-21,,listed-unsolved
kourovka-main-14-079,catalog,Kourovka problem 14.79 (main),kourovka-notebook-21,,listed-unsolved
kourovka-main-14-081,catalog,Kourovka problem 14.81 (main),kourovka-notebook-21,,listed-unsolved
kourovka-main-14-083,catalog,Kourovka problem 14.83 (main),kourovka-notebook-21,,listed-unsolved
kourovka-main-14-084,catalog,Kourovka problem 14.84 (main),kourovka-notebook-21,,listed-unsolved
kourovka-main-14-085,catalog,Kourovka problem 14.85 (main),kourovka-notebook-21,,listed-unsolved
kourovka-main-14-089,catalog,Kourovka problem 14.89 (main),kourovka-notebook-21,,listed-unsolved
kourovka-main-14-090,catalog,Kourovka problem 14.90 (main),kourovka-notebook-21,,listed-unsolved
kourovka-main-14-091,catalog,Kourovka problem 14.91 (main),kourovka-notebook-21,,listed-unsolved
kourovka-main-14-093,catalog,Kourovka problem 14.93 (main),kourovka-notebook-21,,listed-unsolved
kourovka-main-14-094,catalog,Kourovka problem 14.94 (main),kourovka-notebook-21,,listed-unsolved
kourovka-main-14-095,catalog,Kourovka problem 14.95 (main),kourovka-notebook-21,,listed-unsolved
kourovka-main-14-097,catalog,Kourovka problem 14.97 (main),kourovka-notebook-21,,listed-unsolved
kourovka-main-14-098,catalog,Kourovka problem 14.98 (main),kourovka-notebook-21,,reported-answered-by-source
kourovka-main-14-099,catalog,Kourovka problem 14.99 (main),kourovka-notebook-21,,listed-unsolved
kourovka-main-14-100,catalog,Kourovka problem 14.100 (main),kourovka-notebook-21,,listed-unsolved
kourovka-main-14-101,catalog,Kourovka problem 14.101 (main),kourovka-notebook-21,,listed-unsolved
kourovka-main-14-102,catalog,Kourovka problem 14.102 (main),kourovka-notebook-21,,reported-answered-by-source
kourovka-main-15-001,catalog,Kourovka problem 15.1 (main),kourovka-notebook-21,,listed-unsolved
kourovka-main-15-002,catalog,Kourovka problem 15.2 (main),kourovka-notebook-21,,listed-unsolved
kourovka-main-15-003,catalog,Kourovka problem 15.3 (main),kourovka-notebook-21,,listed-unsolved
kourovka-main-15-008,catalog,Kourovka problem 15.8 (main),kourovka-notebook-21,,listed-unsolved
kourovka-main-15-009,catalog,Kourovka problem 15.9 (main),kourovka-notebook-21,,listed-unsolved
kourovka-main-15-011,catalog,Kourovka problem 15.11 (main),kourovka-notebook-21,,listed-unsolved
kourovka-main-15-012,catalog,Kourovka problem 15.12 (main),kourovka-notebook-21,,listed-unsolved
kourovka-main-15-013,catalog,Kourovka problem 15.13 (main),kourovka-notebook-21,,listed-unsolved
kourovka-main-15-014,catalog,Kourovka problem 15.14 (main),kourovka-notebook-21,,reported-answered-by-source
kourovka-main-15-016,catalog,Kourovka problem 15.16 (main),kourovka-notebook-21,,listed-unsolved
kourovka-main-15-019,catalog,Kourovka problem 15.19 (main),kourovka-notebook-21,,listed-unsolved
kourovka-main-15-020,catalog,Kourovka problem 15.20 (main),kourovka-notebook-21,,listed-unsolved
kourovka-main-15-021,catalog,Kourovka problem 15.21 (main),kourovka-notebook-21,,listed-unsolved
kourovka-main-15-022,catalog,Kourovka problem 15.22 (main),kourovka-notebook-21,,listed-unsolved
kourovka-main-15-023,catalog,Kourovka problem 15.23 (main),kourovka-notebook-21,,listed-unsolved
kourovka-main-15-026,catalog,Kourovka problem 15.26 (main),kourovka-notebook-21,,listed-unsolved
kourovka-main-15-028,catalog,Kourovka problem 15.28 (main),kourovka-notebook-21,,listed-unsolved
kourovka-main-15-029,catalog,Kourovka problem 15.29 (main),kourovka-notebook-21,,listed-unsolved
kourovka-main-15-030,catalog,Kourovka problem 15.30 (main),kourovka-notebook-21,,listed-unsolved
kourovka-main-15-031,catalog,Kourovka problem 15.31 (main),kourovka-notebook-21,,listed-unsolved
kourovka-main-15-032,catalog,Kourovka problem 15.32 (main),kourovka-notebook-21,,listed-unsolved
kourovka-main-15-036,catalog,Kourovka problem 15.36 (main),kourovka-notebook-21,,listed-unsolved
kourovka-main-15-037,catalog,Kourovka problem 15.37 (main),kourovka-notebook-21,,listed-unsolved
kourovka-main-15-040,catalog,Kourovka problem 15.40 (main),kourovka-notebook-21,,reported-answered-by-source
kourovka-main-15-041,catalog,Kourovka problem 15.41 (main),kourovka-notebook-21,,listed-unsolved
kourovka-main-15-042,catalog,Kourovka problem 15.42 (main),kourovka-notebook-21,,listed-unsolved
kourovka-main-15-044,catalog,Kourovka problem 15.44 (main),kourovka-notebook-21,,listed-unsolved
kourovka-main-15-045,catalog,Kourovka problem 15.45 (main),kourovka-notebook-21,,listed-unsolved
kourovka-main-15-046,catalog,Kourovka problem 15.46 (main),kourovka-notebook-21,,listed-unsolved
kourovka-main-15-047,catalog,Kourovka problem 15.47 (main),kourovka-notebook-21,,listed-unsolved
kourovka-main-15-048,catalog,Kourovka problem 15.48 (main),kourovka-notebook-21,,listed-unsolved
kourovka-main-15-050,catalog,Kourovka problem 15.50 (main),kourovka-notebook-21,,listed-unsolved
kourovka-main-15-051,catalog,Kourovka problem 15.51 (main),kourovka-notebook-21,,listed-unsolved
kourovka-main-15-052,catalog,Kourovka problem 15.52 (main),kourovka-notebook-21,,listed-unsolved
kourovka-main-15-053,catalog,Kourovka problem 15.53 (main),kourovka-notebook-21,,reported-answered-by-source
kourovka-main-15-054,catalog,Kourovka problem 15.54 (main),kourovka-notebook-21,,listed-unsolved
kourovka-main-15-055,catalog,Kourovka problem 15.55 (main),kourovka-notebook-21,,listed-unsolved
kourovka-main-15-056,catalog,Kourovka problem 15.56 (main),kourovka-notebook-21,,listed-unsolved
kourovka-main-15-057,catalog,Kourovka problem 15.57 (main),kourovka-notebook-21,,listed-unsolved
kourovka-main-15-058,catalog,Kourovka problem 15.58 (main),kourovka-notebook-21,,listed-unsolved
kourovka-main-15-059,catalog,Kourovka problem 15.59 (main),kourovka-notebook-21,,listed-unsolved
kourovka-main-15-061,catalog,Kourovka problem 15.61 (main),kourovka-notebook-21,,listed-unsolved
kourovka-main-15-063,catalog,Kourovka problem 15.63 (main),kourovka-notebook-21,,listed-unsolved
kourovka-main-15-064,catalog,Kourovka problem 15.64 (main),kourovka-notebook-21,,listed-unsolved
kourovka-main-15-065,catalog,Kourovka problem 15.65 (main),kourovka-notebook-21,,listed-unsolved
kourovka-main-15-066,catalog,Kourovka problem 15.66 (main),kourovka-notebook-21,,listed-unsolved
kourovka-main-15-067,catalog,Kourovka problem 15.67 (main),kourovka-notebook-21,,listed-unsolved
kourovka-main-15-068,catalog,Kourovka problem 15.68 (main),kourovka-notebook-21,,listed-unsolved
kourovka-main-15-069,catalog,Kourovka problem 15.69 (main),kourovka-notebook-21,,listed-unsolved
kourovka-main-15-070,catalog,Kourovka problem 15.70 (main),kourovka-notebook-21,,listed-unsolved
kourovka-main-15-071,catalog,Kourovka problem 15.71 (main),kourovka-notebook-21,,listed-unsolved
kourovka-main-15-072,catalog,Kourovka problem 15.72 (main),kourovka-notebook-21,,listed-unsolved
kourovka-main-15-073,catalog,Kourovka problem 15.73 (main),kourovka-notebook-21,,listed-unsolved
kourovka-main-15-074,catalog,Kourovka problem 15.74 (main),kourovka-notebook-21,,listed-unsolved
kourovka-main-15-075,catalog,Kourovka problem 15.75 (main),kourovka-notebook-21,,listed-unsolved
kourovka-main-15-076,catalog,Kourovka problem 15.76 (main),kourovka-notebook-21,,listed-unsolved
kourovka-main-15-077,catalog,Kourovka problem 15.77 (main),kourovka-notebook-21,,listed-unsolved
kourovka-main-15-078,catalog,Kourovka problem 15.78 (main),kourovka-notebook-21,,listed-unsolved
kourovka-main-15-080,catalog,Kourovka problem 15.80 (main),kourovka-notebook-21,,reported-answered-by-source
kourovka-main-15-082,catalog,Kourovka problem 15.82 (main),kourovka-notebook-21,,listed-unsolved
kourovka-main-15-083,catalog,Kourovka problem 15.83 (main),kourovka-notebook-21,,listed-unsolved
kourovka-main-15-084,catalog,Kourovka problem 15.84 (main),kourovka-notebook-21,,listed-unsolved
kourovka-main-15-085,catalog,Kourovka problem 15.85 (main),kourovka-notebook-21,,listed-unsolved
kourovka-main-15-087,catalog,Kourovka problem 15.87 (main),kourovka-notebook-21,,listed-unsolved
kourovka-main-15-088,catalog,Kourovka problem 15.88 (main),kourovka-notebook-21,,listed-unsolved
kourovka-main-15-089,catalog,Kourovka problem 15.89 (main),kourovka-notebook-21,,listed-unsolved
kourovka-main-15-090,catalog,Kourovka problem 15.90 (main),kourovka-notebook-21,,listed-unsolved
kourovka-main-15-091,catalog,Kourovka problem 15.91 (main),kourovka-notebook-21,,listed-unsolved
kourovka-main-15-092,catalog,Kourovka problem 15.92 (main),kourovka-notebook-21,,listed-unsolved
kourovka-main-15-093,catalog,Kourovka problem 15.93 (main),kourovka-notebook-21,,listed-unsolved
kourovka-main-15-094,catalog,Kourovka problem 15.94 (main),kourovka-notebook-21,,listed-unsolved
kourovka-main-15-095,catalog,Kourovka problem 15.95 (main),kourovka-notebook-21,,listed-unsolved
kourovka-main-15-096,catalog,Kourovka problem 15.96 (main),kourovka-notebook-21,,listed-unsolved
kourovka-main-15-097,catalog,Kourovka problem 15.97 (main),kourovka-notebook-21,,listed-unsolved
kourovka-main-15-098,catalog,Kourovka problem 15.98 (main),kourovka-notebook-21,,listed-unsolved
kourovka-main-15-099,catalog,Kourovka problem 15.99 (main),kourovka-notebook-21,,listed-unsolved
kourovka-main-15-100,catalog,Kourovka problem 15.100 (main),kourovka-notebook-21,,listed-unsolved
kourovka-main-15-101,catalog,Kourovka problem 15.101 (main),kourovka-notebook-21,,listed-unsolved
kourovka-main-15-102,catalog,Kourovka problem 15.102 (main),kourovka-notebook-21,,listed-unsolved
kourovka-main-15-103,catalog,Kourovka problem 15.103 (main),kourovka-notebook-21,,listed-unsolved
kourovka-main-15-104,catalog,Kourovka problem 15.104 (main),kourovka-notebook-21,,listed-unsolved
kourovka-main-16-001,catalog,Kourovka problem 16.1 (main),kourovka-notebook-21,,listed-unsolved
kourovka-main-16-003,catalog,Kourovka problem 16.3 (main),kourovka-notebook-21,,listed-unsolved
kourovka-main-16-004,catalog,Kourovka problem 16.4 (main),kourovka-notebook-21,,listed-unsolved
kourovka-main-16-005,catalog,Kourovka problem 16.5 (main),kourovka-notebook-21,,listed-unsolved
kourovka-main-16-006,catalog,Kourovka problem 16.6 (main),kourovka-notebook-21,,listed-unsolved
kourovka-main-16-007,catalog,Kourovka problem 16.7 (main),kourovka-notebook-21,,listed-unsolved
kourovka-main-16-009,catalog,Kourovka problem 16.9 (main),kourovka-notebook-21,,listed-unsolved
kourovka-main-16-010,catalog,Kourovka problem 16.10 (main),kourovka-notebook-21,,listed-unsolved
kourovka-main-16-011,catalog,Kourovka problem 16.11 (main),kourovka-notebook-21,,listed-unsolved
kourovka-main-16-014,catalog,Kourovka problem 16.14 (main),kourovka-notebook-21,,listed-unsolved
kourovka-main-16-015,catalog,Kourovka problem 16.15 (main),kourovka-notebook-21,,listed-unsolved
kourovka-main-16-016,catalog,Kourovka problem 16.16 (main),kourovka-notebook-21,,listed-unsolved
kourovka-main-16-018,catalog,Kourovka problem 16.18 (main),kourovka-notebook-21,,listed-unsolved
kourovka-main-16-019,catalog,Kourovka problem 16.19 (main),kourovka-notebook-21,,listed-unsolved
kourovka-main-16-020,catalog,Kourovka problem 16.20 (main),kourovka-notebook-21,,listed-unsolved
kourovka-main-16-021,catalog,Kourovka problem 16.21 (main),kourovka-notebook-21,,listed-unsolved
kourovka-main-16-022,catalog,Kourovka problem 16.22 (main),kourovka-notebook-21,,listed-unsolved
kourovka-main-16-023,catalog,Kourovka problem 16.23 (main),kourovka-notebook-21,,listed-unsolved
kourovka-main-16-026,catalog,Kourovka problem 16.26 (main),kourovka-notebook-21,,listed-unsolved
kourovka-main-16-028,catalog,Kourovka problem 16.28 (main),kourovka-notebook-21,,listed-unsolved
kourovka-main-16-029,catalog,Kourovka problem 16.29 (main),kourovka-notebook-21,,listed-unsolved
kourovka-main-16-030,catalog,Kourovka problem 16.30 (main),kourovka-notebook-21,,listed-unsolved
kourovka-main-16-032,catalog,Kourovka problem 16.32 (main),kourovka-notebook-21,,listed-unsolved
kourovka-main-16-033,catalog,Kourovka problem 16.33 (main),kourovka-notebook-21,,listed-unsolved
kourovka-main-16-034,catalog,Kourovka problem 16.34 (main),kourovka-notebook-21,,listed-unsolved
kourovka-main-16-038,catalog,Kourovka problem 16.38 (main),kourovka-notebook-21,,listed-unsolved
kourovka-main-16-039,catalog,Kourovka problem 16.39 (main),kourovka-notebook-21,,listed-unsolved
kourovka-main-16-040,catalog,Kourovka problem 16.40 (main),kourovka-notebook-21,,listed-unsolved
kourovka-main-16-041,catalog,Kourovka problem 16.41 (main),kourovka-notebook-21,,listed-unsolved
kourovka-main-16-044,catalog,Kourovka problem 16.44 (main),kourovka-notebook-21,,listed-unsolved
kourovka-main-16-045,catalog,Kourovka problem 16.45 (main),kourovka-notebook-21,,listed-unsolved
kourovka-main-16-046,catalog,Kourovka problem 16.46 (main),kourovka-notebook-21,,listed-unsolved
kourovka-main-16-047,catalog,Kourovka problem 16.47 (main),kourovka-notebook-21,,listed-unsolved
kourovka-main-16-048,catalog,Kourovka problem 16.48 (main),kourovka-notebook-21,,reported-answered-by-source
kourovka-main-16-051,catalog,Kourovka problem 16.51 (main),kourovka-notebook-21,,reported-answered-by-source
kourovka-main-16-053,catalog,Kourovka problem 16.53 (main),kourovka-notebook-21,,listed-unsolved
kourovka-main-16-056,catalog,Kourovka problem 16.56 (main),kourovka-notebook-21,,listed-unsolved
kourovka-main-16-060,catalog,Kourovka problem 16.60 (main),kourovka-notebook-21,,listed-unsolved
kourovka-main-16-063,catalog,Kourovka problem 16.63 (main),kourovka-notebook-21,,listed-unsolved
kourovka-main-16-064,catalog,Kourovka problem 16.64 (main),kourovka-notebook-21,,listed-unsolved
kourovka-main-16-066,catalog,Kourovka problem 16.66 (main),kourovka-notebook-21,,listed-unsolved
kourovka-main-16-068,catalog,Kourovka problem 16.68 (main),kourovka-notebook-21,,listed-unsolved
kourovka-main-16-069,catalog,Kourovka problem 16.69 (main),kourovka-notebook-21,,listed-unsolved
kourovka-main-16-070,catalog,Kourovka problem 16.70 (main),kourovka-notebook-21,,listed-unsolved
kourovka-main-16-072,catalog,Kourovka problem 16.72 (main),kourovka-notebook-21,,listed-unsolved
kourovka-main-16-073,catalog,Kourovka problem 16.73 (main),kourovka-notebook-21,,listed-unsolved
kourovka-main-16-074,catalog,Kourovka problem 16.74 (main),kourovka-notebook-21,,listed-unsolved
kourovka-main-16-076,catalog,Kourovka problem 16.76 (main),kourovka-notebook-21,,listed-unsolved
kourovka-main-16-077,catalog,Kourovka problem 16.77 (main),kourovka-notebook-21,,listed-unsolved
kourovka-main-16-078,catalog,Kourovka problem 16.78 (main),kourovka-notebook-21,,listed-unsolved
kourovka-main-16-080,catalog,Kourovka problem 16.80 (main),kourovka-notebook-21,,listed-unsolved
kourovka-main-16-083,catalog,Kourovka problem 16.83 (main),kourovka-notebook-21,,listed-unsolved
kourovka-main-16-084,catalog,Kourovka problem 16.84 (main),kourovka-notebook-21,,listed-unsolved
kourovka-main-16-087,catalog,Kourovka problem 16.87 (main),kourovka-notebook-21,,listed-unsolved
kourovka-main-16-088,catalog,Kourovka problem 16.88 (main),kourovka-notebook-21,,listed-unsolved
kourovka-main-16-089,catalog,Kourovka problem 16.89 (main),kourovka-notebook-21,,listed-unsolved
kourovka-main-16-090,catalog,Kourovka problem 16.90 (main),kourovka-notebook-21,,listed-unsolved
kourovka-main-16-091,catalog,Kourovka problem 16.91 (main),kourovka-notebook-21,,listed-unsolved
kourovka-main-16-092,catalog,Kourovka problem 16.92 (main),kourovka-notebook-21,,listed-unsolved
kourovka-main-16-093,catalog,Kourovka problem 16.93 (main),kourovka-notebook-21,,listed-unsolved
kourovka-main-16-094,catalog,Kourovka problem 16.94 (main),kourovka-notebook-21,,listed-unsolved
kourovka-main-16-095,catalog,Kourovka problem 16.95 (main),kourovka-notebook-21,,listed-unsolved
kourovka-main-16-096,catalog,Kourovka problem 16.96 (main),kourovka-notebook-21,,listed-unsolved
kourovka-main-16-097,catalog,Kourovka problem 16.97 (main),kourovka-notebook-21,,listed-unsolved
kourovka-main-16-098,catalog,Kourovka problem 16.98 (main),kourovka-notebook-21,,listed-unsolved
kourovka-main-16-099,catalog,Kourovka problem 16.99 (main),kourovka-notebook-21,,listed-unsolved
kourovka-main-16-100,catalog,Kourovka problem 16.100 (main),kourovka-notebook-21,,listed-unsolved
kourovka-main-16-102,catalog,Kourovka problem 16.102 (main),kourovka-notebook-21,,listed-unsolved
kourovka-main-16-105,catalog,Kourovka problem 16.105 (main),kourovka-notebook-21,,listed-unsolved
kourovka-main-16-108,catalog,Kourovka problem 16.108 (main),kourovka-notebook-21,,listed-unsolved
kourovka-main-16-110,catalog,Kourovka problem 16.110 (main),kourovka-notebook-21,,listed-unsolved
kourovka-main-16-111,catalog,Kourovka problem 16.111 (main),kourovka-notebook-21,,listed-unsolved
kourovka-main-17-001,catalog,Kourovka problem 17.1 (main),kourovka-notebook-21,,listed-unsolved
kourovka-main-17-004,catalog,Kourovka problem 17.4 (main),kourovka-notebook-21,,listed-unsolved
kourovka-main-17-005,catalog,Kourovka problem 17.5 (main),kourovka-notebook-21,,listed-unsolved
kourovka-main-17-006,catalog,Kourovka problem 17.6 (main),kourovka-notebook-21,,listed-unsolved
kourovka-main-17-007,catalog,Kourovka problem 17.7 (main),kourovka-notebook-21,,listed-unsolved
kourovka-main-17-008,catalog,Kourovka problem 17.8 (main),kourovka-notebook-21,,listed-unsolved
kourovka-main-17-009,catalog,Kourovka problem 17.9 (main),kourovka-notebook-21,,listed-unsolved
kourovka-main-17-010,catalog,Kourovka problem 17.10 (main),kourovka-notebook-21,,listed-unsolved
kourovka-main-17-011,catalog,Kourovka problem 17.11 (main),kourovka-notebook-21,,listed-unsolved
kourovka-main-17-013,catalog,Kourovka problem 17.13 (main),kourovka-notebook-21,,listed-unsolved
kourovka-main-17-015,catalog,Kourovka problem 17.15 (main),kourovka-notebook-21,,listed-unsolved
kourovka-main-17-016,catalog,Kourovka problem 17.16 (main),kourovka-notebook-21,,listed-unsolved
kourovka-main-17-018,catalog,Kourovka problem 17.18 (main),kourovka-notebook-21,,listed-unsolved
kourovka-main-17-022,catalog,Kourovka problem 17.22 (main),kourovka-notebook-21,,listed-unsolved
kourovka-main-17-023,catalog,Kourovka problem 17.23 (main),kourovka-notebook-21,,listed-unsolved
kourovka-main-17-025,catalog,Kourovka problem 17.25 (main),kourovka-notebook-21,,listed-unsolved
kourovka-main-17-026,catalog,Kourovka problem 17.26 (main),kourovka-notebook-21,,listed-unsolved
kourovka-main-17-027,catalog,Kourovka problem 17.27 (main),kourovka-notebook-21,,listed-unsolved
kourovka-main-17-030,catalog,Kourovka problem 17.30 (main),kourovka-notebook-21,,listed-unsolved
kourovka-main-17-031,catalog,Kourovka problem 17.31 (main),kourovka-notebook-21,,listed-unsolved
kourovka-main-17-032,catalog,Kourovka problem 17.32 (main),kourovka-notebook-21,,listed-unsolved
kourovka-main-17-033,catalog,Kourovka problem 17.33 (main),kourovka-notebook-21,,listed-unsolved
kourovka-main-17-034,catalog,Kourovka problem 17.34 (main),kourovka-notebook-21,,listed-unsolved
kourovka-main-17-037,catalog,Kourovka problem 17.37 (main),kourovka-notebook-21,,reported-answered-by-source
kourovka-main-17-038,catalog,Kourovka problem 17.38 (main),kourovka-notebook-21,,listed-unsolved
kourovka-main-17-039,catalog,Kourovka problem 17.39 (main),kourovka-notebook-21,,listed-unsolved
kourovka-main-17-041,catalog,Kourovka problem 17.41 (main),kourovka-notebook-21,,listed-unsolved
kourovka-main-17-042,catalog,Kourovka problem 17.42 (main),kourovka-notebook-21,,reported-answered-by-source
kourovka-main-17-043,catalog,Kourovka problem 17.43 (main),kourovka-notebook-21,,listed-unsolved
kourovka-main-17-045,catalog,Kourovka problem 17.45 (main),kourovka-notebook-21,,listed-unsolved
kourovka-main-17-047,catalog,Kourovka problem 17.47 (main),kourovka-notebook-21,,listed-unsolved
kourovka-main-17-048,catalog,Kourovka problem 17.48 (main),kourovka-notebook-21,,listed-unsolved
kourovka-main-17-049,catalog,Kourovka problem 17.49 (main),kourovka-notebook-21,,listed-unsolved
kourovka-main-17-051,catalog,Kourovka problem 17.51 (main),kourovka-notebook-21,,listed-unsolved
kourovka-main-17-052,catalog,Kourovka problem 17.52 (main),kourovka-notebook-21,,listed-unsolved
kourovka-main-17-053,catalog,Kourovka problem 17.53 (main),kourovka-notebook-21,,listed-unsolved
kourovka-main-17-054,catalog,Kourovka problem 17.54 (main),kourovka-notebook-21,,listed-unsolved
kourovka-main-17-056,catalog,Kourovka problem 17.56 (main),kourovka-notebook-21,,reported-answered-by-source
kourovka-main-17-057,catalog,Kourovka problem 17.57 (main),kourovka-notebook-21,,listed-unsolved
kourovka-main-17-058,catalog,Kourovka problem 17.58 (main),kourovka-notebook-21,,listed-unsolved
kourovka-main-17-059,catalog,Kourovka problem 17.59 (main),kourovka-notebook-21,,listed-unsolved
kourovka-main-17-060,catalog,Kourovka problem 17.60 (main),kourovka-notebook-21,,listed-unsolved
kourovka-main-17-061,catalog,Kourovka problem 17.61 (main),kourovka-notebook-21,,listed-unsolved
kourovka-main-17-062,catalog,Kourovka problem 17.62 (main),kourovka-notebook-21,,reported-answered-by-source
kourovka-main-17-063,catalog,Kourovka problem 17.63 (main),kourovka-notebook-21,,listed-unsolved
kourovka-main-17-064,catalog,Kourovka problem 17.64 (main),kourovka-notebook-21,,listed-unsolved
kourovka-main-17-065,catalog,Kourovka problem 17.65 (main),kourovka-notebook-21,,listed-unsolved
kourovka-main-17-066,catalog,Kourovka problem 17.66 (main),kourovka-notebook-21,,listed-unsolved
kourovka-main-17-068,catalog,Kourovka problem 17.68 (main),kourovka-notebook-21,,listed-unsolved
kourovka-main-17-069,catalog,Kourovka problem 17.69 (main),kourovka-notebook-21,,listed-unsolved
kourovka-main-17-070,catalog,Kourovka problem 17.70 (main),kourovka-notebook-21,,listed-unsolved
kourovka-main-17-071,catalog,Kourovka problem 17.71 (main),kourovka-notebook-21,,listed-unsolved
kourovka-main-17-072,catalog,Kourovka problem 17.72 (main),kourovka-notebook-21,,listed-unsolved
kourovka-main-17-075,catalog,Kourovka problem 17.75 (main),kourovka-notebook-21,,listed-unsolved
kourovka-main-17-076,catalog,Kourovka problem 17.76 (main),kourovka-notebook-21,,reported-answered-by-source
kourovka-main-17-078,catalog,Kourovka problem 17.78 (main),kourovka-notebook-21,,listed-unsolved
kourovka-main-17-080,catalog,Kourovka problem 17.80 (main),kourovka-notebook-21,,listed-unsolved
kourovka-main-17-081,catalog,Kourovka problem 17.81 (main),kourovka-notebook-21,,listed-unsolved
kourovka-main-17-083,catalog,Kourovka problem 17.83 (main),kourovka-notebook-21,,listed-unsolved
kourovka-main-17-084,catalog,Kourovka problem 17.84 (main),kourovka-notebook-21,,listed-unsolved
kourovka-main-17-085,catalog,Kourovka problem 17.85 (main),kourovka-notebook-21,,listed-unsolved
kourovka-main-17-086,catalog,Kourovka problem 17.86 (main),kourovka-notebook-21,,listed-unsolved
kourovka-main-17-087,catalog,Kourovka problem 17.87 (main),kourovka-notebook-21,,listed-unsolved
kourovka-main-17-088,catalog,Kourovka problem 17.88 (main),kourovka-notebook-21,,listed-unsolved
kourovka-main-17-089,catalog,Kourovka problem 17.89 (main),kourovka-notebook-21,,listed-unsolved
kourovka-main-17-090,catalog,Kourovka problem 17.90 (main),kourovka-notebook-21,,listed-unsolved
kourovka-main-17-091,catalog,Kourovka problem 17.91 (main),kourovka-notebook-21,,listed-unsolved
kourovka-main-17-093,catalog,Kourovka problem 17.93 (main),kourovka-notebook-21,,listed-unsolved
kourovka-main-17-094,catalog,Kourovka problem 17.94 (main),kourovka-notebook-21,,listed-unsolved
kourovka-main-17-095,catalog,Kourovka problem 17.95 (main),kourovka-notebook-21,,listed-unsolved
kourovka-main-17-096,catalog,Kourovka problem 17.96 (main),kourovka-notebook-21,,listed-unsolved
kourovka-main-17-097,catalog,Kourovka problem 17.97 (main),kourovka-notebook-21,,listed-unsolved
kourovka-main-17-098,catalog,Kourovka problem 17.98 (main),kourovka-notebook-21,,listed-unsolved
kourovka-main-17-099,catalog,Kourovka problem 17.99 (main),kourovka-notebook-21,,reported-answered-by-source
kourovka-main-17-100,catalog,Kourovka problem 17.100 (main),kourovka-notebook-21,,listed-unsolved
kourovka-main-17-101,catalog,Kourovka problem 17.101 (main),kourovka-notebook-21,,listed-unsolved
kourovka-main-17-102,catalog,Kourovka problem 17.102 (main),kourovka-notebook-21,,listed-unsolved
kourovka-main-17-103,catalog,Kourovka problem 17.103 (main),kourovka-notebook-21,,listed-unsolved
kourovka-main-17-104,catalog,Kourovka problem 17.104 (main),kourovka-notebook-21,,listed-unsolved
kourovka-main-17-105,catalog,Kourovka problem 17.105 (main),kourovka-notebook-21,,listed-unsolved
kourovka-main-17-107,catalog,Kourovka problem 17.107 (main),kourovka-notebook-21,,listed-unsolved
kourovka-main-17-109,catalog,Kourovka problem 17.109 (main),kourovka-notebook-21,,listed-unsolved
kourovka-main-17-110,catalog,Kourovka problem 17.110 (main),kourovka-notebook-21,,listed-unsolved
kourovka-main-17-112,catalog,Kourovka problem 17.112 (main),kourovka-notebook-21,,listed-unsolved
kourovka-main-17-113,catalog,Kourovka problem 17.113 (main),kourovka-notebook-21,,listed-unsolved
kourovka-main-17-114,catalog,Kourovka problem 17.114 (main),kourovka-notebook-21,,listed-unsolved
kourovka-main-17-115,catalog,Kourovka problem 17.115 (main),kourovka-notebook-21,,listed-unsolved
kourovka-main-17-117,catalog,Kourovka problem 17.117 (main),kourovka-notebook-21,,listed-unsolved
kourovka-main-17-118,catalog,Kourovka problem 17.118 (main),kourovka-notebook-21,,listed-unsolved
kourovka-main-17-119,catalog,Kourovka problem 17.119 (main),kourovka-notebook-21,,listed-unsolved
kourovka-main-17-120,catalog,Kourovka problem 17.120 (main),kourovka-notebook-21,,listed-unsolved
kourovka-main-17-121,catalog,Kourovka problem 17.121 (main),kourovka-notebook-21,,listed-unsolved
kourovka-main-17-122,catalog,Kourovka problem 17.122 (main),kourovka-notebook-21,,listed-unsolved
kourovka-main-17-123,catalog,Kourovka problem 17.123 (main),kourovka-notebook-21,,listed-unsolved
kourovka-main-17-124,catalog,Kourovka problem 17.124 (main),kourovka-notebook-21,,listed-unsolved
kourovka-main-17-125,catalog,Kourovka problem 17.125 (main),kourovka-notebook-21,,listed-unsolved
kourovka-main-17-126,catalog,Kourovka problem 17.126 (main),kourovka-notebook-21,,listed-unsolved
kourovka-main-17-127,catalog,Kourovka problem 17.127 (main),kourovka-notebook-21,,listed-unsolved
kourovka-main-17-128,catalog,Kourovka problem 17.128 (main),kourovka-notebook-21,,listed-unsolved
kourovka-main-18-001,catalog,Kourovka problem 18.1 (main),kourovka-notebook-21,,reported-answered-by-source
kourovka-main-18-002,catalog,Kourovka problem 18.2 (main),kourovka-notebook-21,,listed-unsolved
kourovka-main-18-003,catalog,Kourovka problem 18.3 (main),kourovka-notebook-21,,listed-unsolved
kourovka-main-18-004,catalog,Kourovka problem 18.4 (main),kourovka-notebook-21,,listed-unsolved
kourovka-main-18-005,catalog,Kourovka problem 18.5 (main),kourovka-notebook-21,,listed-unsolved
kourovka-main-18-006,catalog,Kourovka problem 18.6 (main),kourovka-notebook-21,,listed-unsolved
kourovka-main-18-007,catalog,Kourovka problem 18.7 (main),kourovka-notebook-21,,listed-unsolved
kourovka-main-18-008,catalog,Kourovka problem 18.8 (main),kourovka-notebook-21,,listed-unsolved
kourovka-main-18-010,catalog,Kourovka problem 18.10 (main),kourovka-notebook-21,,listed-unsolved
kourovka-main-18-011,catalog,Kourovka problem 18.11 (main),kourovka-notebook-21,,listed-unsolved
kourovka-main-18-012,catalog,Kourovka problem 18.12 (main),kourovka-notebook-21,,listed-unsolved
kourovka-main-18-013,catalog,Kourovka problem 18.13 (main),kourovka-notebook-21,,listed-unsolved
kourovka-main-18-014,catalog,Kourovka problem 18.14 (main),kourovka-notebook-21,,reported-answered-by-source
kourovka-main-18-016,catalog,Kourovka problem 18.16 (main),kourovka-notebook-21,,listed-unsolved
kourovka-main-18-018,catalog,Kourovka problem 18.18 (main),kourovka-notebook-21,,listed-unsolved
kourovka-main-18-019,catalog,Kourovka problem 18.19 (main),kourovka-notebook-21,,listed-unsolved
kourovka-main-18-020,catalog,Kourovka problem 18.20 (main),kourovka-notebook-21,,listed-unsolved
kourovka-main-18-021,catalog,Kourovka problem 18.21 (main),kourovka-notebook-21,,listed-unsolved
kourovka-main-18-022,catalog,Kourovka problem 18.22 (main),kourovka-notebook-21,,listed-unsolved
kourovka-main-18-024,catalog,Kourovka problem 18.24 (main),kourovka-notebook-21,,listed-unsolved
kourovka-main-18-025,catalog,Kourovka problem 18.25 (main),kourovka-notebook-21,,listed-unsolved
kourovka-main-18-026,catalog,Kourovka problem 18.26 (main),kourovka-notebook-21,,listed-unsolved
kourovka-main-18-027,catalog,Kourovka problem 18.27 (main),kourovka-notebook-21,,listed-unsolved
kourovka-main-18-028,catalog,Kourovka problem 18.28 (main),kourovka-notebook-21,,listed-unsolved
kourovka-main-18-029,catalog,Kourovka problem 18.29 (main),kourovka-notebook-21,,listed-unsolved
kourovka-main-18-034,catalog,Kourovka problem 18.34 (main),kourovka-notebook-21,,listed-unsolved
kourovka-main-18-035,catalog,Kourovka problem 18.35 (main),kourovka-notebook-21,,listed-unsolved
kourovka-main-18-036,catalog,Kourovka problem 18.36 (main),kourovka-notebook-21,,reported-answered-by-source
kourovka-main-18-037,catalog,Kourovka problem 18.37 (main),kourovka-notebook-21,,listed-unsolved
kourovka-main-18-038,catalog,Kourovka problem 18.38 (main),kourovka-notebook-21,,reported-answered-by-source
kourovka-main-18-039,catalog,Kourovka problem 18.39 (main),kourovka-notebook-21,,listed-unsolved
kourovka-main-18-040,catalog,Kourovka problem 18.40 (main),kourovka-notebook-21,,listed-unsolved
kourovka-main-18-041,catalog,Kourovka problem 18.41 (main),kourovka-notebook-21,,listed-unsolved
kourovka-main-18-042,catalog,Kourovka problem 18.42 (main),kourovka-notebook-21,,listed-unsolved
kourovka-main-18-043,catalog,Kourovka problem 18.43 (main),kourovka-notebook-21,,listed-unsolved
kourovka-main-18-044,catalog,Kourovka problem 18.44 (main),kourovka-notebook-21,,listed-unsolved
kourovka-main-18-045,catalog,Kourovka problem 18.45 (main),kourovka-notebook-21,,listed-unsolved
kourovka-main-18-046,catalog,Kourovka problem 18.46 (main),kourovka-notebook-21,,listed-unsolved
kourovka-main-18-047,catalog,Kourovka problem 18.47 (main),kourovka-notebook-21,,listed-unsolved
kourovka-main-18-048,catalog,Kourovka problem 18.48 (main),kourovka-notebook-21,,listed-unsolved
kourovka-main-18-050,catalog,Kourovka problem 18.50 (main),kourovka-notebook-21,,reported-answered-by-source
kourovka-main-18-051,catalog,Kourovka problem 18.51 (main),kourovka-notebook-21,,listed-unsolved
kourovka-main-18-053,catalog,Kourovka problem 18.53 (main),kourovka-notebook-21,,listed-unsolved
kourovka-main-18-054,catalog,Kourovka problem 18.54 (main),kourovka-notebook-21,,listed-unsolved
kourovka-main-18-055,catalog,Kourovka problem 18.55 (main),kourovka-notebook-21,,listed-unsolved
kourovka-main-18-056,catalog,Kourovka problem 18.56 (main),kourovka-notebook-21,,listed-unsolved
kourovka-main-18-058,catalog,Kourovka problem 18.58 (main),kourovka-notebook-21,,listed-unsolved
kourovka-main-18-059,catalog,Kourovka problem 18.59 (main),kourovka-notebook-21,,listed-unsolved
kourovka-main-18-060,catalog,Kourovka problem 18.60 (main),kourovka-notebook-21,,listed-unsolved
kourovka-main-18-061,catalog,Kourovka problem 18.61 (main),kourovka-notebook-21,,listed-unsolved
kourovka-main-18-062,catalog,Kourovka problem 18.62 (main),kourovka-notebook-21,,listed-unsolved
kourovka-main-18-063,catalog,Kourovka problem 18.63 (main),kourovka-notebook-21,,listed-unsolved
kourovka-main-18-064,catalog,Kourovka problem 18.64 (main),kourovka-notebook-21,,listed-unsolved
kourovka-main-18-065,catalog,Kourovka problem 18.65 (main),kourovka-notebook-21,,listed-unsolved
kourovka-main-18-066,catalog,Kourovka problem 18.66 (main),kourovka-notebook-21,,listed-unsolved
kourovka-main-18-067,catalog,Kourovka problem 18.67 (main),kourovka-notebook-21,,listed-unsolved
kourovka-main-18-068,catalog,Kourovka problem 18.68 (main),kourovka-notebook-21,,listed-unsolved
kourovka-main-18-069,catalog,Kourovka problem 18.69 (main),kourovka-notebook-21,,listed-unsolved
kourovka-main-18-070,catalog,Kourovka problem 18.70 (main),kourovka-notebook-21,,listed-unsolved
kourovka-main-18-071,catalog,Kourovka problem 18.71 (main),kourovka-notebook-21,,reported-answered-by-source
kourovka-main-18-072,catalog,Kourovka problem 18.72 (main),kourovka-notebook-21,,listed-unsolved
kourovka-main-18-073,catalog,Kourovka problem 18.73 (main),kourovka-notebook-21,,listed-unsolved
kourovka-main-18-074,catalog,Kourovka problem 18.74 (main),kourovka-notebook-21,,listed-unsolved
kourovka-main-18-076,catalog,Kourovka problem 18.76 (main),kourovka-notebook-21,,listed-unsolved
kourovka-main-18-077,catalog,Kourovka problem 18.77 (main),kourovka-notebook-21,,listed-unsolved
kourovka-main-18-078,catalog,Kourovka problem 18.78 (main),kourovka-notebook-21,,listed-unsolved
kourovka-main-18-079,catalog,Kourovka problem 18.79 (main),kourovka-notebook-21,,listed-unsolved
kourovka-main-18-080,catalog,Kourovka problem 18.80 (main),kourovka-notebook-21,,listed-unsolved
kourovka-main-18-081,catalog,Kourovka problem 18.81 (main),kourovka-notebook-21,,listed-unsolved
kourovka-main-18-083,catalog,Kourovka problem 18.83 (main),kourovka-notebook-21,,listed-unsolved
kourovka-main-18-084,catalog,Kourovka problem 18.84 (main),kourovka-notebook-21,,listed-unsolved
kourovka-main-18-085,catalog,Kourovka problem 18.85 (main),kourovka-notebook-21,,listed-unsolved
kourovka-main-18-087,catalog,Kourovka problem 18.87 (main),kourovka-notebook-21,,listed-unsolved
kourovka-main-18-088,catalog,Kourovka problem 18.88 (main),kourovka-notebook-21,,listed-unsolved
kourovka-main-18-089,catalog,Kourovka problem 18.89 (main),kourovka-notebook-21,,reported-answered-by-source
kourovka-main-18-090,catalog,Kourovka problem 18.90 (main),kourovka-notebook-21,,listed-unsolved
kourovka-main-18-092,catalog,Kourovka problem 18.92 (main),kourovka-notebook-21,,listed-unsolved
kourovka-main-18-093,catalog,Kourovka problem 18.93 (main),kourovka-notebook-21,,listed-unsolved
kourovka-main-18-096,catalog,Kourovka problem 18.96 (main),kourovka-notebook-21,,listed-unsolved
kourovka-main-18-097,catalog,Kourovka problem 18.97 (main),kourovka-notebook-21,,listed-unsolved
kourovka-main-18-098,catalog,Kourovka problem 18.98 (main),kourovka-notebook-21,,listed-unsolved
kourovka-main-18-099,catalog,Kourovka problem 18.99 (main),kourovka-notebook-21,,listed-unsolved
kourovka-main-18-100,catalog,Kourovka problem 18.100 (main),kourovka-notebook-21,,listed-unsolved
kourovka-main-18-102,catalog,Kourovka problem 18.102 (main),kourovka-notebook-21,,listed-unsolved
kourovka-main-18-103,catalog,Kourovka problem 18.103 (main),kourovka-notebook-21,,listed-unsolved
kourovka-main-18-104,catalog,Kourovka problem 18.104 (main),kourovka-notebook-21,,listed-unsolved
kourovka-main-18-105,catalog,Kourovka problem 18.105 (main),kourovka-notebook-21,,listed-unsolved
kourovka-main-18-106,catalog,Kourovka problem 18.106 (main),kourovka-notebook-21,,listed-unsolved
kourovka-main-18-107,catalog,Kourovka problem 18.107 (main),kourovka-notebook-21,,listed-unsolved
kourovka-main-18-108,catalog,Kourovka problem 18.108 (main),kourovka-notebook-21,,listed-unsolved
kourovka-main-18-109,catalog,Kourovka problem 18.109 (main),kourovka-notebook-21,,listed-unsolved
kourovka-main-18-110,catalog,Kourovka problem 18.110 (main),kourovka-notebook-21,,listed-unsolved
kourovka-main-18-111,catalog,Kourovka problem 18.111 (main),kourovka-notebook-21,,listed-unsolved
kourovka-main-18-113,catalog,Kourovka problem 18.113 (main),kourovka-notebook-21,,listed-unsolved
kourovka-main-18-114,catalog,Kourovka problem 18.114 (main),kourovka-notebook-21,,listed-unsolved
kourovka-main-18-116,catalog,Kourovka problem 18.116 (main),kourovka-notebook-21,,listed-unsolved
kourovka-main-18-117,catalog,Kourovka problem 18.117 (main),kourovka-notebook-21,,listed-unsolved
kourovka-main-18-118,catalog,Kourovka problem 18.118 (main),kourovka-notebook-21,,listed-unsolved
kourovka-main-18-119,catalog,Kourovka problem 18.119 (main),kourovka-notebook-21,,listed-unsolved
kourovka-main-18-120,catalog,Kourovka problem 18.120 (main),kourovka-notebook-21,,listed-unsolved
kourovka-main-19-001,catalog,Kourovka problem 19.1 (main),kourovka-notebook-21,,listed-unsolved
kourovka-main-19-002,catalog,Kourovka problem 19.2 (main),kourovka-notebook-21,,listed-unsolved
kourovka-main-19-003,catalog,Kourovka problem 19.3 (main),kourovka-notebook-21,,listed-unsolved
kourovka-main-19-004,catalog,Kourovka problem 19.4 (main),kourovka-notebook-21,,listed-unsolved
kourovka-main-19-005,catalog,Kourovka problem 19.5 (main),kourovka-notebook-21,,listed-unsolved
kourovka-main-19-006,catalog,Kourovka problem 19.6 (main),kourovka-notebook-21,,listed-unsolved
kourovka-main-19-007,catalog,Kourovka problem 19.7 (main),kourovka-notebook-21,,listed-unsolved
kourovka-main-19-008,catalog,Kourovka problem 19.8 (main),kourovka-notebook-21,,reported-answered-by-source
kourovka-main-19-009,catalog,Kourovka problem 19.9 (main),kourovka-notebook-21,,listed-unsolved
kourovka-main-19-010,catalog,Kourovka problem 19.10 (main),kourovka-notebook-21,,listed-unsolved
kourovka-main-19-011,catalog,Kourovka problem 19.11 (main),kourovka-notebook-21,,listed-unsolved
kourovka-main-19-012,catalog,Kourovka problem 19.12 (main),kourovka-notebook-21,,listed-unsolved
kourovka-main-19-013,catalog,Kourovka problem 19.13 (main),kourovka-notebook-21,,listed-unsolved
kourovka-main-19-014,catalog,Kourovka problem 19.14 (main),kourovka-notebook-21,,listed-unsolved
kourovka-main-19-015,catalog,Kourovka problem 19.15 (main),kourovka-notebook-21,,listed-unsolved
kourovka-main-19-016,catalog,Kourovka problem 19.16 (main),kourovka-notebook-21,,listed-unsolved
kourovka-main-19-017,catalog,Kourovka problem 19.17 (main),kourovka-notebook-21,,listed-unsolved
kourovka-main-19-018,catalog,Kourovka problem 19.18 (main),kourovka-notebook-21,,listed-unsolved
kourovka-main-19-019,catalog,Kourovka problem 19.19 (main),kourovka-notebook-21,,listed-unsolved
kourovka-main-19-020,catalog,Kourovka problem 19.20 (main),kourovka-notebook-21,,listed-unsolved
kourovka-main-19-021,catalog,Kourovka problem 19.21 (main),kourovka-notebook-21,,listed-unsolved
kourovka-main-19-022,catalog,Kourovka problem 19.22 (main),kourovka-notebook-21,,listed-unsolved
kourovka-main-19-026,catalog,Kourovka problem 19.26 (main),kourovka-notebook-21,,listed-unsolved
kourovka-main-19-027,catalog,Kourovka problem 19.27 (main),kourovka-notebook-21,,listed-unsolved
kourovka-main-19-028,catalog,Kourovka problem 19.28 (main),kourovka-notebook-21,,listed-unsolved
kourovka-main-19-029,catalog,Kourovka problem 19.29 (main),kourovka-notebook-21,,listed-unsolved
kourovka-main-19-030,catalog,Kourovka problem 19.30 (main),kourovka-notebook-21,,listed-unsolved
kourovka-main-19-031,catalog,Kourovka problem 19.31 (main),kourovka-notebook-21,,reported-answered-by-source
kourovka-main-19-032,catalog,Kourovka problem 19.32 (main),kourovka-notebook-21,,listed-unsolved
kourovka-main-19-033,catalog,Kourovka problem 19.33 (main),kourovka-notebook-21,,listed-unsolved
kourovka-main-19-034,catalog,Kourovka problem 19.34 (main),kourovka-notebook-21,,listed-unsolved
kourovka-main-19-038,catalog,Kourovka problem 19.38 (main),kourovka-notebook-21,,reported-answered-by-source
kourovka-main-19-039,catalog,Kourovka problem 19.39 (main),kourovka-notebook-21,,listed-unsolved
kourovka-main-19-041,catalog,Kourovka problem 19.41 (main),kourovka-notebook-21,,listed-unsolved
kourovka-main-19-042,catalog,Kourovka problem 19.42 (main),kourovka-notebook-21,,listed-unsolved
kourovka-main-19-043,catalog,Kourovka problem 19.43 (main),kourovka-notebook-21,,reported-answered-by-source
kourovka-main-19-044,catalog,Kourovka problem 19.44 (main),kourovka-notebook-21,,listed-unsolved
kourovka-main-19-045,catalog,Kourovka problem 19.45 (main),kourovka-notebook-21,,listed-unsolved
kourovka-main-19-046,catalog,Kourovka problem 19.46 (main),kourovka-notebook-21,,listed-unsolved
kourovka-main-19-047,catalog,Kourovka problem 19.47 (main),kourovka-notebook-21,,listed-unsolved
kourovka-main-19-048,catalog,Kourovka problem 19.48 (main),kourovka-notebook-21,,listed-unsolved
kourovka-main-19-051,catalog,Kourovka problem 19.51 (main),kourovka-notebook-21,,listed-unsolved
kourovka-main-19-052,catalog,Kourovka problem 19.52 (main),kourovka-notebook-21,,listed-unsolved
kourovka-main-19-053,catalog,Kourovka problem 19.53 (main),kourovka-notebook-21,,listed-unsolved
kourovka-main-19-054,catalog,Kourovka problem 19.54 (main),kourovka-notebook-21,,listed-unsolved
kourovka-main-19-056,catalog,Kourovka problem 19.56 (main),kourovka-notebook-21,,listed-unsolved
kourovka-main-19-057,catalog,Kourovka problem 19.57 (main),kourovka-notebook-21,,listed-unsolved
kourovka-main-19-058,catalog,Kourovka problem 19.58 (main),kourovka-notebook-21,,listed-unsolved
kourovka-main-19-059,catalog,Kourovka problem 19.59 (main),kourovka-notebook-21,,listed-unsolved
kourovka-main-19-060,catalog,Kourovka problem 19.60 (main),kourovka-notebook-21,,listed-unsolved
kourovka-main-19-061,catalog,Kourovka problem 19.61 (main),kourovka-notebook-21,,listed-unsolved
kourovka-main-19-062,catalog,Kourovka problem 19.62 (main),kourovka-notebook-21,,listed-unsolved
kourovka-main-19-063,catalog,Kourovka problem 19.63 (main),kourovka-notebook-21,,reported-answered-by-source
kourovka-main-19-064,catalog,Kourovka problem 19.64 (main),kourovka-notebook-21,,listed-unsolved
kourovka-main-19-065,catalog,Kourovka problem 19.65 (main),kourovka-notebook-21,,listed-unsolved
kourovka-main-19-066,catalog,Kourovka problem 19.66 (main),kourovka-notebook-21,,listed-unsolved
kourovka-main-19-068,catalog,Kourovka problem 19.68 (main),kourovka-notebook-21,,listed-unsolved
kourovka-main-19-069,catalog,Kourovka problem 19.69 (main),kourovka-notebook-21,,listed-unsolved
kourovka-main-19-070,catalog,Kourovka problem 19.70 (main),kourovka-notebook-21,,listed-unsolved
kourovka-main-19-071,catalog,Kourovka problem 19.71 (main),kourovka-notebook-21,,listed-unsolved
kourovka-main-19-072,catalog,Kourovka problem 19.72 (main),kourovka-notebook-21,,listed-unsolved
kourovka-main-19-073,catalog,Kourovka problem 19.73 (main),kourovka-notebook-21,,listed-unsolved
kourovka-main-19-074,catalog,Kourovka problem 19.74 (main),kourovka-notebook-21,,reported-answered-by-source
kourovka-main-19-076,catalog,Kourovka problem 19.76 (main),kourovka-notebook-21,,listed-unsolved
kourovka-main-19-077,catalog,Kourovka problem 19.77 (main),kourovka-notebook-21,,listed-unsolved
kourovka-main-19-078,catalog,Kourovka problem 19.78 (main),kourovka-notebook-21,,listed-unsolved
kourovka-main-19-079,catalog,Kourovka problem 19.79 (main),kourovka-notebook-21,,listed-unsolved
kourovka-main-19-082,catalog,Kourovka problem 19.82 (main),kourovka-notebook-21,,listed-unsolved
kourovka-main-19-083,catalog,Kourovka problem 19.83 (main),kourovka-notebook-21,,listed-unsolved
kourovka-main-19-086,catalog,Kourovka problem 19.86 (main),kourovka-notebook-21,,listed-unsolved
kourovka-main-19-089,catalog,Kourovka problem 19.89 (main),kourovka-notebook-21,,listed-unsolved
kourovka-main-19-090,catalog,Kourovka problem 19.90 (main),kourovka-notebook-21,,listed-unsolved
kourovka-main-19-091,catalog,Kourovka problem 19.91 (main),kourovka-notebook-21,,listed-unsolved
kourovka-main-19-092,catalog,Kourovka problem 19.92 (main),kourovka-notebook-21,,reported-answered-by-source
kourovka-main-19-093,catalog,Kourovka problem 19.93 (main),kourovka-notebook-21,,listed-unsolved
kourovka-main-19-094,catalog,Kourovka problem 19.94 (main),kourovka-notebook-21,,listed-unsolved
kourovka-main-19-095,catalog,Kourovka problem 19.95 (main),kourovka-notebook-21,,listed-unsolved
kourovka-main-19-096,catalog,Kourovka problem 19.96 (main),kourovka-notebook-21,,listed-unsolved
kourovka-main-19-097,catalog,Kourovka problem 19.97 (main),kourovka-notebook-21,,listed-unsolved
kourovka-main-19-099,catalog,Kourovka problem 19.99 (main),kourovka-notebook-21,,listed-unsolved
kourovka-main-19-100,catalog,Kourovka problem 19.100 (main),kourovka-notebook-21,,reported-answered-by-source
kourovka-main-19-102,catalog,Kourovka problem 19.102 (main),kourovka-notebook-21,,reported-answered-by-source
kourovka-main-19-103,catalog,Kourovka problem 19.103 (main),kourovka-notebook-21,,reported-answered-by-source
kourovka-main-19-104,catalog,Kourovka problem 19.104 (main),kourovka-notebook-21,,reported-answered-by-source
kourovka-main-19-105,catalog,Kourovka problem 19.105 (main),kourovka-notebook-21,,reported-answered-by-source
kourovka-main-19-106,catalog,Kourovka problem 19.106 (main),kourovka-notebook-21,,listed-unsolved
kourovka-main-19-107,catalog,Kourovka problem 19.107 (main),kourovka-notebook-21,,listed-unsolved
kourovka-main-19-108,catalog,Kourovka problem 19.108 (main),kourovka-notebook-21,,listed-unsolved
kourovka-main-19-110,catalog,Kourovka problem 19.110 (main),kourovka-notebook-21,,listed-unsolved
kourovka-main-19-111,catalog,Kourovka problem 19.111 (main),kourovka-notebook-21,,listed-unsolved
kourovka-main-20-001,catalog,Kourovka problem 20.1 (main),kourovka-notebook-21,,listed-unsolved
kourovka-main-20-002,catalog,Kourovka problem 20.2 (main),kourovka-notebook-21,,listed-unsolved
kourovka-main-20-003,catalog,Kourovka problem 20.3 (main),kourovka-notebook-21,,listed-unsolved
kourovka-main-20-004,catalog,Kourovka problem 20.4 (main),kourovka-notebook-21,,listed-unsolved
kourovka-main-20-005,catalog,Kourovka problem 20.5 (main),kourovka-notebook-21,,listed-unsolved
kourovka-main-20-006,catalog,Kourovka problem 20.6 (main),kourovka-notebook-21,,listed-unsolved
kourovka-main-20-007,catalog,Kourovka problem 20.7 (main),kourovka-notebook-21,,listed-unsolved
kourovka-main-20-008,catalog,Kourovka problem 20.8 (main),kourovka-notebook-21,,listed-unsolved
kourovka-main-20-009,catalog,Kourovka problem 20.9 (main),kourovka-notebook-21,,listed-unsolved
kourovka-main-20-010,catalog,Kourovka problem 20.10 (main),kourovka-notebook-21,,listed-unsolved
kourovka-main-20-011,catalog,Kourovka problem 20.11 (main),kourovka-notebook-21,,listed-unsolved
kourovka-main-20-012,catalog,Kourovka problem 20.12 (main),kourovka-notebook-21,,listed-unsolved
kourovka-main-20-013,catalog,Kourovka problem 20.13 (main),kourovka-notebook-21,,reported-answered-by-source
kourovka-main-20-014,catalog,Kourovka problem 20.14 (main),kourovka-notebook-21,,listed-unsolved
kourovka-main-20-015,catalog,Kourovka problem 20.15 (main),kourovka-notebook-21,,listed-unsolved
kourovka-main-20-016,catalog,Kourovka problem 20.16 (main),kourovka-notebook-21,,listed-unsolved
kourovka-main-20-017,catalog,Kourovka problem 20.17 (main),kourovka-notebook-21,,listed-unsolved
kourovka-main-20-018,catalog,Kourovka problem 20.18 (main),kourovka-notebook-21,,listed-unsolved
kourovka-main-20-019,catalog,Kourovka problem 20.19 (main),kourovka-notebook-21,,listed-unsolved
kourovka-main-20-020,catalog,Kourovka problem 20.20 (main),kourovka-notebook-21,,listed-unsolved
kourovka-main-20-021,catalog,Kourovka problem 20.21 (main),kourovka-notebook-21,,listed-unsolved
kourovka-main-20-022,catalog,Kourovka problem 20.22 (main),kourovka-notebook-21,,reported-answered-by-source
kourovka-main-20-023,catalog,Kourovka problem 20.23 (main),kourovka-notebook-21,,reported-answered-by-source
kourovka-main-20-024,catalog,Kourovka problem 20.24 (main),kourovka-notebook-21,,listed-unsolved
kourovka-main-20-025,catalog,Kourovka problem 20.25 (main),kourovka-notebook-21,,listed-unsolved
kourovka-main-20-026,catalog,Kourovka problem 20.26 (main),kourovka-notebook-21,,listed-unsolved
kourovka-main-20-027,catalog,Kourovka problem 20.27 (main),kourovka-notebook-21,,reported-answered-by-source
kourovka-main-20-028,catalog,Kourovka problem 20.28 (main),kourovka-notebook-21,,listed-unsolved
kourovka-main-20-029,catalog,Kourovka problem 20.29 (main),kourovka-notebook-21,,listed-unsolved
kourovka-main-20-030,catalog,Kourovka problem 20.30 (main),kourovka-notebook-21,,listed-unsolved
kourovka-main-20-031,catalog,Kourovka problem 20.31 (main),kourovka-notebook-21,,listed-unsolved
kourovka-main-20-032,catalog,Kourovka problem 20.32 (main),kourovka-notebook-21,,listed-unsolved
kourovka-main-20-033,catalog,Kourovka problem 20.33 (main),kourovka-notebook-21,,listed-unsolved
kourovka-main-20-034,catalog,Kourovka problem 20.34 (main),kourovka-notebook-21,,listed-unsolved
kourovka-main-20-035,catalog,Kourovka problem 20.35 (main),kourovka-notebook-21,,listed-unsolved
kourovka-main-20-036,catalog,Kourovka problem 20.36 (main),kourovka-notebook-21,,listed-unsolved
kourovka-main-20-037,catalog,Kourovka problem 20.37 (main),kourovka-notebook-21,,listed-unsolved
kourovka-main-20-038,catalog,Kourovka problem 20.38 (main),kourovka-notebook-21,,listed-unsolved
kourovka-main-20-039,catalog,Kourovka problem 20.39 (main),kourovka-notebook-21,,listed-unsolved
kourovka-main-20-040,catalog,Kourovka problem 20.40 (main),kourovka-notebook-21,,listed-unsolved
kourovka-main-20-041,catalog,Kourovka problem 20.41 (main),kourovka-notebook-21,,reported-answered-by-source
kourovka-main-20-042,catalog,Kourovka problem 20.42 (main),kourovka-notebook-21,,listed-unsolved
kourovka-main-20-043,catalog,Kourovka problem 20.43 (main),kourovka-notebook-21,,listed-unsolved
kourovka-main-20-044,catalog,Kourovka problem 20.44 (main),kourovka-notebook-21,,listed-unsolved
kourovka-main-20-045,catalog,Kourovka problem 20.45 (main),kourovka-notebook-21,,listed-unsolved
kourovka-main-20-046,catalog,Kourovka problem 20.46 (main),kourovka-notebook-21,,listed-unsolved
kourovka-main-20-047,catalog,Kourovka problem 20.47 (main),kourovka-notebook-21,,listed-unsolved
kourovka-main-20-048,catalog,Kourovka problem 20.48 (main),kourovka-notebook-21,,listed-unsolved
kourovka-main-20-049,catalog,Kourovka problem 20.49 (main),kourovka-notebook-21,,listed-unsolved
kourovka-main-20-050,catalog,Kourovka problem 20.50 (main),kourovka-notebook-21,,listed-unsolved
kourovka-main-20-051,catalog,Kourovka problem 20.51 (main),kourovka-notebook-21,,listed-unsolved
kourovka-main-20-052,catalog,Kourovka problem 20.52 (main),kourovka-notebook-21,,listed-unsolved
kourovka-main-20-053,catalog,Kourovka problem 20.53 (main),kourovka-notebook-21,,listed-unsolved
kourovka-main-20-054,catalog,Kourovka problem 20.54 (main),kourovka-notebook-21,,listed-unsolved
kourovka-main-20-055,catalog,Kourovka problem 20.55 (main),kourovka-notebook-21,,listed-unsolved
kourovka-main-20-056,catalog,Kourovka problem 20.56 (main),kourovka-notebook-21,,listed-unsolved
kourovka-main-20-057,catalog,Kourovka problem 20.57 (main),kourovka-notebook-21,,listed-unsolved
kourovka-main-20-058,catalog,Kourovka problem 20.58 (main),kourovka-notebook-21,,listed-unsolved
kourovka-main-20-059,catalog,Kourovka problem 20.59 (main),kourovka-notebook-21,,listed-unsolved
kourovka-main-20-060,catalog,Kourovka problem 20.60 (main),kourovka-notebook-21,,listed-unsolved
kourovka-main-20-061,catalog,Kourovka problem 20.61 (main),kourovka-notebook-21,,listed-unsolved
kourovka-main-20-062,catalog,Kourovka problem 20.62 (main),kourovka-notebook-21,,listed-unsolved
kourovka-main-20-063,catalog,Kourovka problem 20.63 (main),kourovka-notebook-21,,listed-unsolved
kourovka-main-20-064,catalog,Kourovka problem 20.64 (main),kourovka-notebook-21,,listed-unsolved
kourovka-main-20-065,catalog,Kourovka problem 20.65 (main),kourovka-notebook-21,,listed-unsolved
kourovka-main-20-066,catalog,Kourovka problem 20.66 (main),kourovka-notebook-21,,listed-unsolved
kourovka-main-20-067,catalog,Kourovka problem 20.67 (main),kourovka-notebook-21,,listed-unsolved
kourovka-main-20-068,catalog,Kourovka problem 20.68 (main),kourovka-notebook-21,,listed-unsolved
kourovka-main-20-069,catalog,Kourovka problem 20.69 (main),kourovka-notebook-21,,listed-unsolved
kourovka-main-20-070,catalog,Kourovka problem 20.70 (main),kourovka-notebook-21,,listed-unsolved
kourovka-main-20-071,catalog,Kourovka problem 20.71 (main),kourovka-notebook-21,,listed-unsolved
kourovka-main-20-072,catalog,Kourovka problem 20.72 (main),kourovka-notebook-21,,listed-unsolved
kourovka-main-20-073,catalog,Kourovka problem 20.73 (main),kourovka-notebook-21,,listed-unsolved
kourovka-main-20-074,catalog,Kourovka problem 20.74 (main),kourovka-notebook-21,,listed-unsolved
kourovka-main-20-075,catalog,Kourovka problem 20.75 (main),kourovka-notebook-21,,listed-unsolved
kourovka-main-20-076,catalog,Kourovka problem 20.76 (main),kourovka-notebook-21,,listed-unsolved
kourovka-main-20-077,catalog,Kourovka problem 20.77 (main),kourovka-notebook-21,,listed-unsolved
kourovka-main-20-078,catalog,Kourovka problem 20.78 (main),kourovka-notebook-21,,listed-unsolved
kourovka-main-20-079,catalog,Kourovka problem 20.79 (main),kourovka-notebook-21,,listed-unsolved
kourovka-main-20-080,catalog,Kourovka problem 20.80 (main),kourovka-notebook-21,,listed-unsolved
kourovka-main-20-081,catalog,Kourovka problem 20.81 (main),kourovka-notebook-21,,listed-unsolved
kourovka-main-20-082,catalog,Kourovka problem 20.82 (main),kourovka-notebook-21,,listed-unsolved
kourovka-main-20-083,catalog,Kourovka problem 20.83 (main),kourovka-notebook-21,,listed-unsolved
kourovka-main-20-084,catalog,Kourovka problem 20.84 (main),kourovka-notebook-21,,listed-unsolved
kourovka-main-20-085,catalog,Kourovka problem 20.85 (main),kourovka-notebook-21,,listed-unsolved
kourovka-main-20-086,catalog,Kourovka problem 20.86 (main),kourovka-notebook-21,,listed-unsolved
kourovka-main-20-087,catalog,Kourovka problem 20.87 (main),kourovka-notebook-21,,listed-unsolved
kourovka-main-20-088,catalog,Kourovka problem 20.88 (main),kourovka-notebook-21,,reported-answered-by-source
kourovka-main-20-089,catalog,Kourovka problem 20.89 (main),kourovka-notebook-21,,listed-unsolved
kourovka-main-20-090,catalog,Kourovka problem 20.90 (main),kourovka-notebook-21,,listed-unsolved
kourovka-main-20-091,catalog,Kourovka problem 20.91 (main),kourovka-notebook-21,,listed-unsolved
kourovka-main-20-092,catalog,Kourovka problem 20.92 (main),kourovka-notebook-21,,listed-unsolved
kourovka-main-20-093,catalog,Kourovka problem 20.93 (main),kourovka-notebook-21,,listed-unsolved
kourovka-main-20-094,catalog,Kourovka problem 20.94 (main),kourovka-notebook-21,,listed-unsolved
kourovka-main-20-095,catalog,Kourovka problem 20.95 (main),kourovka-notebook-21,,listed-unsolved
kourovka-main-20-096,catalog,Kourovka problem 20.96 (main),kourovka-notebook-21,,reported-answered-by-source
kourovka-main-20-097,catalog,Kourovka problem 20.97 (main),kourovka-notebook-21,,listed-unsolved
kourovka-main-20-098,catalog,Kourovka problem 20.98 (main),kourovka-notebook-21,,reported-answered-by-source
kourovka-main-20-099,catalog,Kourovka problem 20.99 (main),kourovka-notebook-21,,listed-unsolved
kourovka-main-20-100,catalog,Kourovka problem 20.100 (main),kourovka-notebook-21,,listed-unsolved
kourovka-main-20-101,catalog,Kourovka problem 20.101 (main),kourovka-notebook-21,,reported-answered-by-source
kourovka-main-20-102,catalog,Kourovka problem 20.102 (main),kourovka-notebook-21,,listed-unsolved
kourovka-main-20-103,catalog,Kourovka problem 20.103 (main),kourovka-notebook-21,,listed-unsolved
kourovka-main-20-104,catalog,Kourovka problem 20.104 (main),kourovka-notebook-21,,listed-unsolved
kourovka-main-20-105,catalog,Kourovka problem 20.105 (main),kourovka-notebook-21,,listed-unsolved
kourovka-main-20-106,catalog,Kourovka problem 20.106 (main),kourovka-notebook-21,,listed-unsolved
kourovka-main-20-107,catalog,Kourovka problem 20.107 (main),kourovka-notebook-21,,listed-unsolved
kourovka-main-20-108,catalog,Kourovka problem 20.108 (main),kourovka-notebook-21,,listed-unsolved
kourovka-main-20-109,catalog,Kourovka problem 20.109 (main),kourovka-notebook-21,,listed-unsolved
kourovka-main-20-110,catalog,Kourovka problem 20.110 (main),kourovka-notebook-21,,listed-unsolved
kourovka-main-20-111,catalog,Kourovka problem 20.111 (main),kourovka-notebook-21,,listed-unsolved
kourovka-main-20-112,catalog,Kourovka problem 20.112 (main),kourovka-notebook-21,,listed-unsolved
kourovka-main-20-113,catalog,Kourovka problem 20.113 (main),kourovka-notebook-21,,listed-unsolved
kourovka-main-20-114,catalog,Kourovka problem 20.114 (main),kourovka-notebook-21,,listed-unsolved
kourovka-main-20-115,catalog,Kourovka problem 20.115 (main),kourovka-notebook-21,,listed-unsolved
kourovka-main-20-116,catalog,Kourovka problem 20.116 (main),kourovka-notebook-21,,listed-unsolved
kourovka-main-20-117,catalog,Kourovka problem 20.117 (main),kourovka-notebook-21,,listed-unsolved
kourovka-main-20-118,catalog,Kourovka problem 20.118 (main),kourovka-notebook-21,,listed-unsolved
kourovka-main-20-119,catalog,Kourovka problem 20.119 (main),kourovka-notebook-21,,listed-unsolved
kourovka-main-20-120,catalog,Kourovka problem 20.120 (main),kourovka-notebook-21,,listed-unsolved
kourovka-main-20-121,catalog,Kourovka problem 20.121 (main),kourovka-notebook-21,,reported-answered-by-source
kourovka-main-20-122,catalog,Kourovka problem 20.122 (main),kourovka-notebook-21,,listed-unsolved
kourovka-main-20-123,catalog,Kourovka problem 20.123 (main),kourovka-notebook-21,,listed-unsolved
kourovka-main-20-124,catalog,Kourovka problem 20.124 (main),kourovka-notebook-21,,listed-unsolved
kourovka-main-20-125,catalog,Kourovka problem 20.125 (main),kourovka-notebook-21,,reported-answered-by-source
kourovka-main-20-126,catalog,Kourovka problem 20.126 (main),kourovka-notebook-21,,listed-unsolved
kourovka-main-21-001,catalog,Kourovka problem 21.1 (main),kourovka-notebook-21,,listed-unsolved
kourovka-main-21-002,catalog,Kourovka problem 21.2 (main),kourovka-notebook-21,,listed-unsolved
kourovka-main-21-003,catalog,Kourovka problem 21.3 (main),kourovka-notebook-21,,listed-unsolved
kourovka-main-21-004,catalog,Kourovka problem 21.4 (main),kourovka-notebook-21,,listed-unsolved
kourovka-main-21-005,catalog,Kourovka problem 21.5 (main),kourovka-notebook-21,,listed-unsolved
kourovka-main-21-006,catalog,Kourovka problem 21.6 (main),kourovka-notebook-21,,listed-unsolved
kourovka-main-21-007,catalog,Kourovka problem 21.7 (main),kourovka-notebook-21,,listed-unsolved
kourovka-main-21-008,catalog,Kourovka problem 21.8 (main),kourovka-notebook-21,,reported-answered-by-source
kourovka-main-21-009,catalog,Kourovka problem 21.9 (main),kourovka-notebook-21,,listed-unsolved
kourovka-main-21-010,catalog,Kourovka problem 21.10 (main),kourovka-notebook-21,,reported-answered-by-source
kourovka-main-21-011,catalog,Kourovka problem 21.11 (main),kourovka-notebook-21,,listed-unsolved
kourovka-main-21-012,catalog,Kourovka problem 21.12 (main),kourovka-notebook-21,,reported-answered-by-source
kourovka-main-21-013,catalog,Kourovka problem 21.13 (main),kourovka-notebook-21,,listed-unsolved
kourovka-main-21-014,catalog,Kourovka problem 21.14 (main),kourovka-notebook-21,,reported-answered-by-source
kourovka-main-21-015,catalog,Kourovka problem 21.15 (main),kourovka-notebook-21,,reported-answered-by-source
kourovka-main-21-016,catalog,Kourovka problem 21.16 (main),kourovka-notebook-21,,listed-unsolved
kourovka-main-21-017,catalog,Kourovka problem 21.17 (main),kourovka-notebook-21,,listed-unsolved
kourovka-main-21-018,catalog,Kourovka problem 21.18 (main),kourovka-notebook-21,,reported-answered-by-source
kourovka-main-21-019,catalog,Kourovka problem 21.19 (main),kourovka-notebook-21,,listed-unsolved
kourovka-main-21-020,catalog,Kourovka problem 21.20 (main),kourovka-notebook-21,,listed-unsolved
kourovka-main-21-021,catalog,Kourovka problem 21.21 (main),kourovka-notebook-21,,listed-unsolved
kourovka-main-21-022,catalog,Kourovka problem 21.22 (main),kourovka-notebook-21,,listed-unsolved
kourovka-main-21-023,catalog,Kourovka problem 21.23 (main),kourovka-notebook-21,,listed-unsolved
kourovka-main-21-024,catalog,Kourovka problem 21.24 (main),kourovka-notebook-21,,reported-answered-by-source
kourovka-main-21-025,catalog,Kourovka problem 21.25 (main),kourovka-notebook-21,,listed-unsolved
kourovka-main-21-026,catalog,Kourovka problem 21.26 (main),kourovka-notebook-21,,listed-unsolved
kourovka-main-21-027,catalog,Kourovka problem 21.27 (main),kourovka-notebook-21,,listed-unsolved
kourovka-main-21-028,catalog,Kourovka problem 21.28 (main),kourovka-notebook-21,,listed-unsolved
kourovka-main-21-029,catalog,Kourovka problem 21.29 (main),kourovka-notebook-21,,listed-unsolved
kourovka-main-21-030,catalog,Kourovka problem 21.30 (main),kourovka-notebook-21,,listed-unsolved
kourovka-main-21-031,catalog,Kourovka problem 21.31 (main),kourovka-notebook-21,,listed-unsolved
kourovka-main-21-032,catalog,Kourovka problem 21.32 (main),kourovka-notebook-21,,listed-unsolved
kourovka-main-21-033,catalog,Kourovka problem 21.33 (main),kourovka-notebook-21,,listed-unsolved
kourovka-main-21-034,catalog,Kourovka problem 21.34 (main),kourovka-notebook-21,,listed-unsolved
kourovka-main-21-035,catalog,Kourovka problem 21.35 (main),kourovka-notebook-21,,listed-unsolved
kourovka-main-21-036,catalog,Kourovka problem 21.36 (main),kourovka-notebook-21,,listed-unsolved
kourovka-main-21-037,catalog,Kourovka problem 21.37 (main),kourovka-notebook-21,,listed-unsolved
kourovka-main-21-038,catalog,Kourovka problem 21.38 (main),kourovka-notebook-21,,listed-unsolved
kourovka-main-21-039,catalog,Kourovka problem 21.39 (main),kourovka-notebook-21,,listed-unsolved
kourovka-main-21-040,catalog,Kourovka problem 21.40 (main),kourovka-notebook-21,,listed-unsolved
kourovka-main-21-041,catalog,Kourovka problem 21.41 (main),kourovka-notebook-21,,listed-unsolved
kourovka-main-21-042,catalog,Kourovka problem 21.42 (main),kourovka-notebook-21,,listed-unsolved
kourovka-main-21-043,catalog,Kourovka problem 21.43 (main),kourovka-notebook-21,,reported-answered-by-source
kourovka-main-21-044,catalog,Kourovka problem 21.44 (main),kourovka-notebook-21,,listed-unsolved
kourovka-main-21-045,catalog,Kourovka problem 21.45 (main),kourovka-notebook-21,,listed-unsolved
kourovka-main-21-046,catalog,Kourovka problem 21.46 (main),kourovka-notebook-21,,listed-unsolved
kourovka-main-21-047,catalog,Kourovka problem 21.47 (main),kourovka-notebook-21,,listed-unsolved
kourovka-main-21-048,catalog,Kourovka problem 21.48 (main),kourovka-notebook-21,,listed-unsolved
kourovka-main-21-049,catalog,Kourovka problem 21.49 (main),kourovka-notebook-21,,listed-unsolved
kourovka-main-21-050,catalog,Kourovka problem 21.50 (main),kourovka-notebook-21,,listed-unsolved
kourovka-main-21-051,catalog,Kourovka problem 21.51 (main),kourovka-notebook-21,,listed-unsolved
kourovka-main-21-052,catalog,Kourovka problem 21.52 (main),kourovka-notebook-21,,listed-unsolved
kourovka-main-21-053,catalog,Kourovka problem 21.53 (main),kourovka-notebook-21,,listed-unsolved
kourovka-main-21-054,catalog,Kourovka problem 21.54 (main),kourovka-notebook-21,,listed-unsolved
kourovka-main-21-055,catalog,Kourovka problem 21.55 (main),kourovka-notebook-21,,listed-unsolved
kourovka-main-21-056,catalog,Kourovka problem 21.56 (main),kourovka-notebook-21,,listed-unsolved
kourovka-main-21-057,catalog,Kourovka problem 21.57 (main),kourovka-notebook-21,,listed-unsolved
kourovka-main-21-058,catalog,Kourovka problem 21.58 (main),kourovka-notebook-21,,reported-answered-by-source
kourovka-main-21-059,catalog,Kourovka problem 21.59 (main),kourovka-notebook-21,,listed-unsolved
kourovka-main-21-060,catalog,Kourovka problem 21.60 (main),kourovka-notebook-21,,listed-unsolved
kourovka-main-21-061,catalog,Kourovka problem 21.61 (main),kourovka-notebook-21,,listed-unsolved
kourovka-main-21-062,catalog,Kourovka problem 21.62 (main),kourovka-notebook-21,,listed-unsolved
kourovka-main-21-063,catalog,Kourovka problem 21.63 (main),kourovka-notebook-21,,listed-unsolved
kourovka-main-21-064,catalog,Kourovka problem 21.64 (main),kourovka-notebook-21,,listed-unsolved
kourovka-main-21-065,catalog,Kourovka problem 21.65 (main),kourovka-notebook-21,,listed-unsolved
kourovka-main-21-066,catalog,Kourovka problem 21.66 (main),kourovka-notebook-21,,listed-unsolved
kourovka-main-21-067,catalog,Kourovka problem 21.67 (main),kourovka-notebook-21,,listed-unsolved
kourovka-main-21-068,catalog,Kourovka problem 21.68 (main),kourovka-notebook-21,,listed-unsolved
kourovka-main-21-069,catalog,Kourovka problem 21.69 (main),kourovka-notebook-21,,listed-unsolved
kourovka-main-21-070,catalog,Kourovka problem 21.70 (main),kourovka-notebook-21,,listed-unsolved
kourovka-main-21-071,catalog,Kourovka problem 21.71 (main),kourovka-notebook-21,,listed-unsolved
kourovka-main-21-072,catalog,Kourovka problem 21.72 (main),kourovka-notebook-21,,listed-unsolved
kourovka-main-21-073,catalog,Kourovka problem 21.73 (main),kourovka-notebook-21,,listed-unsolved
kourovka-main-21-074,catalog,Kourovka problem 21.74 (main),kourovka-notebook-21,,listed-unsolved
kourovka-main-21-075,catalog,Kourovka problem 21.75 (main),kourovka-notebook-21,,listed-unsolved
kourovka-main-21-076,catalog,Kourovka problem 21.76 (main),kourovka-notebook-21,,listed-unsolved
kourovka-main-21-077,catalog,Kourovka problem 21.77 (main),kourovka-notebook-21,,listed-unsolved
kourovka-main-21-078,catalog,Kourovka problem 21.78 (main),kourovka-notebook-21,,listed-unsolved
kourovka-main-21-079,catalog,Kourovka problem 21.79 (main),kourovka-notebook-21,,listed-unsolved
kourovka-main-21-080,catalog,Kourovka problem 21.80 (main),kourovka-notebook-21,,listed-unsolved
kourovka-main-21-081,catalog,Kourovka problem 21.81 (main),kourovka-notebook-21,,listed-unsolved
kourovka-main-21-082,catalog,Kourovka problem 21.82 (main),kourovka-notebook-21,,listed-unsolved
kourovka-main-21-083,catalog,Kourovka problem 21.83 (main),kourovka-notebook-21,,listed-unsolved
kourovka-main-21-084,catalog,Kourovka problem 21.84 (main),kourovka-notebook-21,,listed-unsolved
kourovka-main-21-085,catalog,Kourovka problem 21.85 (main),kourovka-notebook-21,,listed-unsolved
kourovka-main-21-086,catalog,Kourovka problem 21.86 (main),kourovka-notebook-21,,listed-unsolved
kourovka-main-21-087,catalog,Kourovka problem 21.87 (main),kourovka-notebook-21,,listed-unsolved
kourovka-main-21-088,catalog,Kourovka problem 21.88 (main),kourovka-notebook-21,,listed-unsolved
kourovka-main-21-089,catalog,Kourovka problem 21.89 (main),kourovka-notebook-21,,listed-unsolved
kourovka-main-21-090,catalog,Kourovka problem 21.90 (main),kourovka-notebook-21,,listed-unsolved
kourovka-main-21-091,catalog,Kourovka problem 21.91 (main),kourovka-notebook-21,,listed-unsolved
kourovka-main-21-092,catalog,Kourovka problem 21.92 (main),kourovka-notebook-21,,listed-unsolved
kourovka-main-21-093,catalog,Kourovka problem 21.93 (main),kourovka-notebook-21,,listed-unsolved
kourovka-main-21-094,catalog,Kourovka problem 21.94 (main),kourovka-notebook-21,,listed-unsolved
kourovka-main-21-095,catalog,Kourovka problem 21.95 (main),kourovka-notebook-21,,listed-unsolved
kourovka-main-21-096,catalog,Kourovka problem 21.96 (main),kourovka-notebook-21,,listed-unsolved
kourovka-main-21-097,catalog,Kourovka problem 21.97 (main),kourovka-notebook-21,,reported-answered-by-source
kourovka-main-21-098,catalog,Kourovka problem 21.98 (main),kourovka-notebook-21,,listed-unsolved
kourovka-main-21-099,catalog,Kourovka problem 21.99 (main),kourovka-notebook-21,,listed-unsolved
kourovka-main-21-100,catalog,Kourovka problem 21.100 (main),kourovka-notebook-21,,listed-unsolved
kourovka-main-21-101,catalog,Kourovka problem 21.101 (main),kourovka-notebook-21,,listed-unsolved
kourovka-main-21-102,catalog,Kourovka problem 21.102 (main),kourovka-notebook-21,,listed-unsolved
kourovka-main-21-103,catalog,Kourovka problem 21.103 (main),kourovka-notebook-21,,listed-unsolved
kourovka-main-21-104,catalog,Kourovka problem 21.104 (main),kourovka-notebook-21,,listed-unsolved
kourovka-main-21-105,catalog,Kourovka problem 21.105 (main),kourovka-notebook-21,,listed-unsolved
kourovka-main-21-106,catalog,Kourovka problem 21.106 (main),kourovka-notebook-21,,listed-unsolved
kourovka-main-21-107,catalog,Kourovka problem 21.107 (main),kourovka-notebook-21,,listed-unsolved
kourovka-main-21-108,catalog,Kourovka problem 21.108 (main),kourovka-notebook-21,,listed-unsolved
kourovka-main-21-109,catalog,Kourovka problem 21.109 (main),kourovka-notebook-21,,listed-unsolved
kourovka-main-21-110,catalog,Kourovka problem 21.110 (main),kourovka-notebook-21,,listed-unsolved
kourovka-main-21-111,catalog,Kourovka problem 21.111 (main),kourovka-notebook-21,,listed-unsolved
kourovka-main-21-112,catalog,Kourovka problem 21.112 (main),kourovka-notebook-21,,listed-unsolved
kourovka-main-21-113,catalog,Kourovka problem 21.113 (main),kourovka-notebook-21,,listed-unsolved
kourovka-main-21-114,catalog,Kourovka problem 21.114 (main),kourovka-notebook-21,,listed-unsolved
kourovka-main-21-115,catalog,Kourovka problem 21.115 (main),kourovka-notebook-21,,listed-unsolved
kourovka-main-21-116,catalog,Kourovka problem 21.116 (main),kourovka-notebook-21,,listed-unsolved
kourovka-main-21-117,catalog,Kourovka problem 21.117 (main),kourovka-notebook-21,,reported-answered-by-source
kourovka-main-21-118,catalog,Kourovka problem 21.118 (main),kourovka-notebook-21,,listed-unsolved
kourovka-main-21-119,catalog,Kourovka problem 21.119 (main),kourovka-notebook-21,,listed-unsolved
kourovka-main-21-120,catalog,Kourovka problem 21.120 (main),kourovka-notebook-21,,listed-unsolved
kourovka-main-21-121,catalog,Kourovka problem 21.121 (main),kourovka-notebook-21,,listed-unsolved
kourovka-main-21-122,catalog,Kourovka problem 21.122 (main),kourovka-notebook-21,,listed-unsolved
kourovka-main-21-123,catalog,Kourovka problem 21.123 (main),kourovka-notebook-21,,listed-unsolved
kourovka-main-21-124,catalog,Kourovka problem 21.124 (main),kourovka-notebook-21,,listed-unsolved
kourovka-main-21-125,catalog,Kourovka problem 21.125 (main),kourovka-notebook-21,,listed-unsolved
kourovka-main-21-126,catalog,Kourovka problem 21.126 (main),kourovka-notebook-21,,listed-unsolved
kourovka-main-21-127,catalog,Kourovka problem 21.127 (main),kourovka-notebook-21,,listed-unsolved
kourovka-main-21-128,catalog,Kourovka problem 21.128 (main),kourovka-notebook-21,,listed-unsolved
kourovka-main-21-129,catalog,Kourovka problem 21.129 (main),kourovka-notebook-21,,listed-unsolved
kourovka-main-21-130,catalog,Kourovka problem 21.130 (main),kourovka-notebook-21,,listed-unsolved
kourovka-main-21-131,catalog,Kourovka problem 21.131 (main),kourovka-notebook-21,,listed-unsolved
kourovka-main-21-132,catalog,Kourovka problem 21.132 (main),kourovka-notebook-21,,listed-unsolved
kourovka-main-21-133,catalog,Kourovka problem 21.133 (main),kourovka-notebook-21,,listed-unsolved
kourovka-main-21-134,catalog,Kourovka problem 21.134 (main),kourovka-notebook-21,,reported-answered-by-source
kourovka-main-21-135,catalog,Kourovka problem 21.135 (main),kourovka-notebook-21,,listed-unsolved
kourovka-main-21-136,catalog,Kourovka problem 21.136 (main),kourovka-notebook-21,,listed-unsolved
kourovka-main-21-137,catalog,Kourovka problem 21.137 (main),kourovka-notebook-21,,listed-unsolved
kourovka-main-21-138,catalog,Kourovka problem 21.138 (main),kourovka-notebook-21,,listed-unsolved
kourovka-main-21-139,catalog,Kourovka problem 21.139 (main),kourovka-notebook-21,,listed-unsolved
kourovka-main-21-140,catalog,Kourovka problem 21.140 (main),kourovka-notebook-21,,listed-unsolved
kourovka-main-21-141,catalog,Kourovka problem 21.141 (main),kourovka-notebook-21,,listed-unsolved
kourovka-main-21-142,catalog,Kourovka problem 21.142 (main),kourovka-notebook-21,,listed-unsolved
kourovka-main-21-143,catalog,Kourovka problem 21.143 (main),kourovka-notebook-21,,listed-unsolved
kourovka-main-21-144,catalog,Kourovka problem 21.144 (main),kourovka-notebook-21,,listed-unsolved
kourovka-main-21-145,catalog,Kourovka problem 21.145 (main),kourovka-notebook-21,,listed-unsolved
kourovka-main-21-146,catalog,Kourovka problem 21.146 (main),kourovka-notebook-21,,listed-unsolved
kourovka-main-21-147,catalog,Kourovka problem 21.147 (main),kourovka-notebook-21,,reported-answered-by-source
kourovka-main-21-148,catalog,Kourovka problem 21.148 (main),kourovka-notebook-21,,listed-unsolved
kourovka-main-21-149,catalog,Kourovka problem 21.149 (main),kourovka-notebook-21,,listed-unsolved
kourovka-main-21-150,catalog,Kourovka problem 21.150 (main),kourovka-notebook-21,,reported-answered-by-source
