id,source,best_known,gap_distance
codetables-gf3-100-6,codetables-nonbinary-linear-codes,63,1
codetables-gf3-101-6,codetables-nonbinary-linear-codes,64,1
codetables-gf3-102-6,codetables-nonbinary-linear-codes,65,1
codetables-gf3-104-6,codetables-nonbinary-linear-codes,66,1
codetables-gf3-115-7,codetables-nonbinary-linear-codes,72,1
codetables-gf3-118-7,codetables-nonbinary-linear-codes,74,1
codetables-gf3-119-7,codetables-nonbinary-linear-codes,75,1
codetables-gf3-122-7,codetables-nonbinary-linear-codes,77,1
codetables-gf3-123-7,codetables-nonbinary-linear-codes,78,1
codetables-gf3-126-7,codetables-nonbinary-linear-codes,80,1
codetables-gf3-127-6,codetables-nonbinary-linear-codes,81,1
codetables-gf3-128-6,codetables-nonbinary-linear-codes,82,1
codetables-gf3-128-7,codetables-nonbinary-linear-codes,81,1
codetables-gf3-129-6,codetables-nonbinary-linear-codes,83,1
codetables-gf3-131-6,codetables-nonbinary-linear-codes,84,1
codetables-gf3-132-6,codetables-nonbinary-linear-codes,85,1
codetables-gf3-132-7,codetables-nonbinary-linear-codes,83,1
codetables-gf3-133-6,codetables-nonbinary-linear-codes,86,1
codetables-gf3-133-7,codetables-nonbinary-linear-codes,84,1
codetables-gf3-135-6,codetables-nonbinary-linear-codes,87,1
codetables-gf3-136-7,codetables-nonbinary-linear-codes,86,1
codetables-gf3-137-7,codetables-nonbinary-linear-codes,87,1
codetables-gf3-138-7,codetables-nonbinary-linear-codes,88,1
codetables-gf3-139-7,codetables-nonbinary-linear-codes,89,1
codetables-gf3-140-6,codetables-nonbinary-linear-codes,90,1
codetables-gf3-142-7,codetables-nonbinary-linear-codes,90,1
codetables-gf3-143-6,codetables-nonbinary-linear-codes,92,1
codetables-gf3-145-6,codetables-nonbinary-linear-codes,93,1
codetables-gf3-145-7,codetables-nonbinary-linear-codes,92,1
codetables-gf3-146-6,codetables-nonbinary-linear-codes,94,1
codetables-gf3-147-6,codetables-nonbinary-linear-codes,95,1
codetables-gf3-147-7,codetables-nonbinary-linear-codes,93,1
codetables-gf3-148-7,codetables-nonbinary-linear-codes,94,1
codetables-gf3-149-6,codetables-nonbinary-linear-codes,96,1
codetables-gf3-149-7,codetables-nonbinary-linear-codes,95,1
codetables-gf3-150-6,codetables-nonbinary-linear-codes,97,1
codetables-gf3-151-6,codetables-nonbinary-linear-codes,98,1
codetables-gf3-151-7,codetables-nonbinary-linear-codes,96,1
codetables-gf3-152-7,codetables-nonbinary-linear-codes,97,1
codetables-gf3-153-6,codetables-nonbinary-linear-codes,99,1
codetables-gf3-153-7,codetables-nonbinary-linear-codes,98,1
codetables-gf3-155-7,codetables-nonbinary-linear-codes,99,1
codetables-gf3-167-7,codetables-nonbinary-linear-codes,107,1
codetables-gf3-169-7,codetables-nonbinary-linear-codes,108,1
codetables-gf3-181-7,codetables-nonbinary-linear-codes,116,1
codetables-gf3-182-7,codetables-nonbinary-linear-codes,117,1
codetables-gf3-191-7,codetables-nonbinary-linear-codes,123,1
codetables-gf3-192-7,codetables-nonbinary-linear-codes,124,1
codetables-gf3-193-7,codetables-nonbinary-linear-codes,125,1
codetables-gf3-194-6,codetables-nonbinary-linear-codes,126,1
codetables-gf3-195-6,codetables-nonbinary-linear-codes,127,1
codetables-gf3-195-7,codetables-nonbinary-linear-codes,126,1
codetables-gf3-196-6,codetables-nonbinary-linear-codes,128,1
codetables-gf3-198-6,codetables-nonbinary-linear-codes,129,1
codetables-gf3-199-6,codetables-nonbinary-linear-codes,130,1
codetables-gf3-200-6,codetables-nonbinary-linear-codes,131,1
codetables-gf3-202-6,codetables-nonbinary-linear-codes,132,1
codetables-gf3-208-6,codetables-nonbinary-linear-codes,135,1
codetables-gf3-208-7,codetables-nonbinary-linear-codes,134,1
codetables-gf3-209-6,codetables-nonbinary-linear-codes,136,1
codetables-gf3-209-7,codetables-nonbinary-linear-codes,135,1
codetables-gf3-210-6,codetables-nonbinary-linear-codes,137,1
codetables-gf3-212-6,codetables-nonbinary-linear-codes,138,1
codetables-gf3-213-6,codetables-nonbinary-linear-codes,139,1
codetables-gf3-214-6,codetables-nonbinary-linear-codes,140,1
codetables-gf3-216-6,codetables-nonbinary-linear-codes,141,1
codetables-gf3-217-6,codetables-nonbinary-linear-codes,142,1
codetables-gf3-218-6,codetables-nonbinary-linear-codes,143,1
codetables-gf3-22-8,codetables-nonbinary-linear-codes,9,1
codetables-gf3-221-6,codetables-nonbinary-linear-codes,144,1
codetables-gf3-221-7,codetables-nonbinary-linear-codes,143,1
codetables-gf3-222-6,codetables-nonbinary-linear-codes,145,1
codetables-gf3-222-7,codetables-nonbinary-linear-codes,144,1
codetables-gf3-223-6,codetables-nonbinary-linear-codes,146,1
codetables-gf3-225-6,codetables-nonbinary-linear-codes,147,1
codetables-gf3-226-6,codetables-nonbinary-linear-codes,148,1
codetables-gf3-227-6,codetables-nonbinary-linear-codes,149,1
codetables-gf3-229-6,codetables-nonbinary-linear-codes,150,1
codetables-gf3-23-8,codetables-nonbinary-linear-codes,10,1
codetables-gf3-23-9,codetables-nonbinary-linear-codes,9,1
codetables-gf3-233-6,codetables-nonbinary-linear-codes,153,1
codetables-gf3-234-6,codetables-nonbinary-linear-codes,154,1
codetables-gf3-235-7,codetables-nonbinary-linear-codes,152,1
codetables-gf3-236-7,codetables-nonbinary-linear-codes,153,1
codetables-gf3-24-10,codetables-nonbinary-linear-codes,9,1
codetables-gf3-24-9,codetables-nonbinary-linear-codes,10,1
codetables-gf3-241-10,codetables-nonbinary-linear-codes,152,1
codetables-gf3-242-10,codetables-nonbinary-linear-codes,153,1
codetables-gf3-242-11,codetables-nonbinary-linear-codes,152,1
codetables-gf3-243-11,codetables-nonbinary-linear-codes,153,1
codetables-gf3-25-10,codetables-nonbinary-linear-codes,10,1
codetables-gf3-25-11,codetables-nonbinary-linear-codes,9,1
codetables-gf3-26-10,codetables-nonbinary-linear-codes,10,1
codetables-gf3-26-12,codetables-nonbinary-linear-codes,9,1
codetables-gf3-27-10,codetables-nonbinary-linear-codes,11,1
codetables-gf3-27-11,codetables-nonbinary-linear-codes,10,1
codetables-gf3-28-11,codetables-nonbinary-linear-codes,11,1
codetables-gf3-28-12,codetables-nonbinary-linear-codes,10,1
codetables-gf3-28-9,codetables-nonbinary-linear-codes,12,1
codetables-gf3-29-10,codetables-nonbinary-linear-codes,12,1
codetables-gf3-29-12,codetables-nonbinary-linear-codes,11,1
codetables-gf3-29-9,codetables-nonbinary-linear-codes,13,1
codetables-gf3-30-10,codetables-nonbinary-linear-codes,13,1
codetables-gf3-30-11,codetables-nonbinary-linear-codes,12,1
codetables-gf3-30-9,codetables-nonbinary-linear-codes,14,1
codetables-gf3-31-10,codetables-nonbinary-linear-codes,14,1
codetables-gf3-31-12,codetables-nonbinary-linear-codes,12,1
codetables-gf3-31-8,codetables-nonbinary-linear-codes,15,1
codetables-gf3-32-7,codetables-nonbinary-linear-codes,17,1
codetables-gf3-32-8,codetables-nonbinary-linear-codes,16,1
codetables-gf3-32-9,codetables-nonbinary-linear-codes,15,1
codetables-gf3-33-10,codetables-nonbinary-linear-codes,15,1
codetables-gf3-33-6,codetables-nonbinary-linear-codes,18,1
codetables-gf3-33-8,codetables-nonbinary-linear-codes,17,1
codetables-gf3-33-9,codetables-nonbinary-linear-codes,16,1
codetables-gf3-34-10,codetables-nonbinary-linear-codes,16,1
codetables-gf3-34-6,codetables-nonbinary-linear-codes,19,1
codetables-gf3-34-7,codetables-nonbinary-linear-codes,18,1
codetables-gf3-34-9,codetables-nonbinary-linear-codes,17,1
codetables-gf3-35-10,codetables-nonbinary-linear-codes,17,1
codetables-gf3-35-7,codetables-nonbinary-linear-codes,19,1
codetables-gf3-36-8,codetables-nonbinary-linear-codes,18,1
codetables-gf3-37-11,codetables-nonbinary-linear-codes,17,1
codetables-gf3-37-12,codetables-nonbinary-linear-codes,16,1
codetables-gf3-37-8,codetables-nonbinary-linear-codes,19,1
codetables-gf3-37-9,codetables-nonbinary-linear-codes,18,1
codetables-gf3-38-10,codetables-nonbinary-linear-codes,18,1
codetables-gf3-38-12,codetables-nonbinary-linear-codes,17,1
codetables-gf3-38-8,codetables-nonbinary-linear-codes,20,1
codetables-gf3-39-11,codetables-nonbinary-linear-codes,18,1
codetables-gf3-39-7,codetables-nonbinary-linear-codes,21,1
codetables-gf3-40-12,codetables-nonbinary-linear-codes,18,1
codetables-gf3-40-7,codetables-nonbinary-linear-codes,22,1
codetables-gf3-40-8,codetables-nonbinary-linear-codes,21,1
codetables-gf3-40-9,codetables-nonbinary-linear-codes,20,1
codetables-gf3-41-10,codetables-nonbinary-linear-codes,20,1
codetables-gf3-41-7,codetables-nonbinary-linear-codes,23,1
codetables-gf3-41-8,codetables-nonbinary-linear-codes,22,1
codetables-gf3-41-9,codetables-nonbinary-linear-codes,21,1
codetables-gf3-42-10,codetables-nonbinary-linear-codes,21,1
codetables-gf3-43-7,codetables-nonbinary-linear-codes,24,1
codetables-gf3-43-8,codetables-nonbinary-linear-codes,23,1
codetables-gf3-44-8,codetables-nonbinary-linear-codes,24,1
codetables-gf3-44-9,codetables-nonbinary-linear-codes,23,1
codetables-gf3-45-9,codetables-nonbinary-linear-codes,24,1
codetables-gf3-46-10,codetables-nonbinary-linear-codes,23,1
codetables-gf3-46-6,codetables-nonbinary-linear-codes,27,1
codetables-gf3-46-7,codetables-nonbinary-linear-codes,26,1
codetables-gf3-46-8,codetables-nonbinary-linear-codes,25,1
codetables-gf3-47-10,codetables-nonbinary-linear-codes,24,1
codetables-gf3-47-8,codetables-nonbinary-linear-codes,26,1
codetables-gf3-48-7,codetables-nonbinary-linear-codes,27,1
codetables-gf3-49-7,codetables-nonbinary-linear-codes,28,1
codetables-gf3-49-8,codetables-nonbinary-linear-codes,27,1
codetables-gf3-49-9,codetables-nonbinary-linear-codes,26,1
codetables-gf3-50-7,codetables-nonbinary-linear-codes,29,1
codetables-gf3-50-9,codetables-nonbinary-linear-codes,27,1
codetables-gf3-52-7,codetables-nonbinary-linear-codes,30,1
codetables-gf3-52-8,codetables-nonbinary-linear-codes,29,1
codetables-gf3-53-8,codetables-nonbinary-linear-codes,30,1
codetables-gf3-55-7,codetables-nonbinary-linear-codes,32,1
codetables-gf3-55-9,codetables-nonbinary-linear-codes,30,1
codetables-gf3-56-7,codetables-nonbinary-linear-codes,33,1
codetables-gf3-58-7,codetables-nonbinary-linear-codes,34,1
codetables-gf3-59-7,codetables-nonbinary-linear-codes,35,1
codetables-gf3-60-6,codetables-nonbinary-linear-codes,36,1
codetables-gf3-61-6,codetables-nonbinary-linear-codes,37,1
codetables-gf3-61-7,codetables-nonbinary-linear-codes,36,1
codetables-gf3-62-6,codetables-nonbinary-linear-codes,38,1
codetables-gf3-62-8,codetables-nonbinary-linear-codes,35,1
codetables-gf3-63-8,codetables-nonbinary-linear-codes,36,1
codetables-gf3-63-9,codetables-nonbinary-linear-codes,35,1
codetables-gf3-64-6,codetables-nonbinary-linear-codes,39,1
codetables-gf3-64-7,codetables-nonbinary-linear-codes,38,1
codetables-gf3-64-8,codetables-nonbinary-linear-codes,37,1
codetables-gf3-64-9,codetables-nonbinary-linear-codes,36,1
codetables-gf3-65-6,codetables-nonbinary-linear-codes,40,1
codetables-gf3-65-7,codetables-nonbinary-linear-codes,39,1
codetables-gf3-66-6,codetables-nonbinary-linear-codes,41,1
codetables-gf3-66-8,codetables-nonbinary-linear-codes,38,1
codetables-gf3-67-8,codetables-nonbinary-linear-codes,39,1
codetables-gf3-68-6,codetables-nonbinary-linear-codes,42,1
codetables-gf3-69-6,codetables-nonbinary-linear-codes,42,1
codetables-gf3-69-7,codetables-nonbinary-linear-codes,41,1
codetables-gf3-70-6,codetables-nonbinary-linear-codes,43,1
codetables-gf3-70-7,codetables-nonbinary-linear-codes,42,1
codetables-gf3-71-6,codetables-nonbinary-linear-codes,44,1
codetables-gf3-73-6,codetables-nonbinary-linear-codes,45,1
codetables-gf3-73-7,codetables-nonbinary-linear-codes,44,1
codetables-gf3-74-6,codetables-nonbinary-linear-codes,46,1
codetables-gf3-75-6,codetables-nonbinary-linear-codes,47,1
codetables-gf3-75-7,codetables-nonbinary-linear-codes,45,1
codetables-gf3-75-8,codetables-nonbinary-linear-codes,44,1
codetables-gf3-76-7,codetables-nonbinary-linear-codes,46,1
codetables-gf3-76-8,codetables-nonbinary-linear-codes,45,1
codetables-gf3-77-6,codetables-nonbinary-linear-codes,48,1
codetables-gf3-77-7,codetables-nonbinary-linear-codes,47,1
codetables-gf3-78-6,codetables-nonbinary-linear-codes,49,1
codetables-gf3-79-6,codetables-nonbinary-linear-codes,50,1
codetables-gf3-79-8,codetables-nonbinary-linear-codes,47,1
codetables-gf3-80-8,codetables-nonbinary-linear-codes,48,1
codetables-gf3-80-9,codetables-nonbinary-linear-codes,47,1
codetables-gf3-81-9,codetables-nonbinary-linear-codes,48,1
codetables-gf3-82-8,codetables-nonbinary-linear-codes,49,1
codetables-gf3-83-8,codetables-nonbinary-linear-codes,50,1
codetables-gf3-83-9,codetables-nonbinary-linear-codes,49,1
codetables-gf3-84-8,codetables-nonbinary-linear-codes,51,1
codetables-gf3-84-9,codetables-nonbinary-linear-codes,50,1
codetables-gf3-85-8,codetables-nonbinary-linear-codes,51,1
codetables-gf3-85-9,codetables-nonbinary-linear-codes,51,1
codetables-gf3-86-8,codetables-nonbinary-linear-codes,52,1
codetables-gf3-86-9,codetables-nonbinary-linear-codes,51,1
codetables-gf3-87-6,codetables-nonbinary-linear-codes,54,1
codetables-gf3-87-8,codetables-nonbinary-linear-codes,53,1
codetables-gf3-87-9,codetables-nonbinary-linear-codes,52,1
codetables-gf3-88-6,codetables-nonbinary-linear-codes,55,1
codetables-gf3-88-7,codetables-nonbinary-linear-codes,54,1
codetables-gf3-88-9,codetables-nonbinary-linear-codes,53,1
codetables-gf3-89-11,codetables-nonbinary-linear-codes,51,1
codetables-gf3-89-6,codetables-nonbinary-linear-codes,56,1
codetables-gf3-89-8,codetables-nonbinary-linear-codes,54,1
codetables-gf3-91-6,codetables-nonbinary-linear-codes,57,1
codetables-gf3-91-7,codetables-nonbinary-linear-codes,56,1
codetables-gf3-91-9,codetables-nonbinary-linear-codes,54,1
codetables-gf3-92-6,codetables-nonbinary-linear-codes,58,1
codetables-gf3-92-7,codetables-nonbinary-linear-codes,57,1
codetables-gf3-93-6,codetables-nonbinary-linear-codes,59,1
codetables-gf3-95-6,codetables-nonbinary-linear-codes,60,1
codetables-gf3-95-7,codetables-nonbinary-linear-codes,59,1
codetables-gf3-97-7,codetables-nonbinary-linear-codes,60,1
codetables-gf3-98-7,codetables-nonbinary-linear-codes,61,1
codetables-gf3-99-7,codetables-nonbinary-linear-codes,62,1
codetables-gf4-100-5,codetables-nonbinary-linear-codes,72,1
codetables-gf4-101-5,codetables-nonbinary-linear-codes,73,1
codetables-gf4-101-6,codetables-nonbinary-linear-codes,71,1
codetables-gf4-102-6,codetables-nonbinary-linear-codes,72,1
codetables-gf4-103-5,codetables-nonbinary-linear-codes,74,1
codetables-gf4-104-5,codetables-nonbinary-linear-codes,75,1
codetables-gf4-106-6,codetables-nonbinary-linear-codes,75,1
codetables-gf4-107-6,codetables-nonbinary-linear-codes,76,1
codetables-gf4-111-5,codetables-nonbinary-linear-codes,80,1
codetables-gf4-111-6,codetables-nonbinary-linear-codes,79,1
codetables-gf4-112-5,codetables-nonbinary-linear-codes,81,1
codetables-gf4-113-5,codetables-nonbinary-linear-codes,82,1
codetables-gf4-113-6,codetables-nonbinary-linear-codes,80,1
codetables-gf4-114-5,codetables-nonbinary-linear-codes,83,1
codetables-gf4-114-6,codetables-nonbinary-linear-codes,81,1
codetables-gf4-115-6,codetables-nonbinary-linear-codes,82,1
codetables-gf4-116-6,codetables-nonbinary-linear-codes,83,1
codetables-gf4-118-6,codetables-nonbinary-linear-codes,84,1
codetables-gf4-119-6,codetables-nonbinary-linear-codes,85,1
codetables-gf4-120-6,codetables-nonbinary-linear-codes,86,1
codetables-gf4-121-6,codetables-nonbinary-linear-codes,87,1
codetables-gf4-122-5,codetables-nonbinary-linear-codes,88,1
codetables-gf4-123-5,codetables-nonbinary-linear-codes,89,1
codetables-gf4-123-6,codetables-nonbinary-linear-codes,88,1
codetables-gf4-124-5,codetables-nonbinary-linear-codes,90,1
codetables-gf4-125-5,codetables-nonbinary-linear-codes,91,1
codetables-gf4-127-5,codetables-nonbinary-linear-codes,92,1
codetables-gf4-127-6,codetables-nonbinary-linear-codes,91,1
codetables-gf4-128-5,codetables-nonbinary-linear-codes,93,1
codetables-gf4-128-6,codetables-nonbinary-linear-codes,92,1
codetables-gf4-129-5,codetables-nonbinary-linear-codes,94,1
codetables-gf4-129-6,codetables-nonbinary-linear-codes,93,1
codetables-gf4-130-5,codetables-nonbinary-linear-codes,95,1
codetables-gf4-130-6,codetables-nonbinary-linear-codes,94,1
codetables-gf4-131-6,codetables-nonbinary-linear-codes,95,1
codetables-gf4-133-5,codetables-nonbinary-linear-codes,96,1
codetables-gf4-134-5,codetables-nonbinary-linear-codes,97,1
codetables-gf4-134-6,codetables-nonbinary-linear-codes,96,1
codetables-gf4-135-5,codetables-nonbinary-linear-codes,98,1
codetables-gf4-136-5,codetables-nonbinary-linear-codes,99,1
codetables-gf4-138-5,codetables-nonbinary-linear-codes,100,1
codetables-gf4-138-6,codetables-nonbinary-linear-codes,99,1
codetables-gf4-139-5,codetables-nonbinary-linear-codes,101,1
codetables-gf4-139-6,codetables-nonbinary-linear-codes,100,1
codetables-gf4-140-5,codetables-nonbinary-linear-codes,102,1
codetables-gf4-141-5,codetables-nonbinary-linear-codes,103,1
codetables-gf4-143-5,codetables-nonbinary-linear-codes,104,1
codetables-gf4-143-6,codetables-nonbinary-linear-codes,103,1
codetables-gf4-144-5,codetables-nonbinary-linear-codes,105,1
codetables-gf4-144-6,codetables-nonbinary-linear-codes,104,1
codetables-gf4-145-5,codetables-nonbinary-linear-codes,106,1
codetables-gf4-146-5,codetables-nonbinary-linear-codes,107,1
codetables-gf4-148-5,codetables-nonbinary-linear-codes,108,1
codetables-gf4-149-5,codetables-nonbinary-linear-codes,109,1
codetables-gf4-150-5,codetables-nonbinary-linear-codes,110,1
codetables-gf4-151-5,codetables-nonbinary-linear-codes,111,1
codetables-gf4-154-6,codetables-nonbinary-linear-codes,111,1
codetables-gf4-155-6,codetables-nonbinary-linear-codes,112,1
codetables-gf4-156-5,codetables-nonbinary-linear-codes,114,1
codetables-gf4-157-5,codetables-nonbinary-linear-codes,115,1
codetables-gf4-159-6,codetables-nonbinary-linear-codes,115,1
codetables-gf4-160-6,codetables-nonbinary-linear-codes,116,1
codetables-gf4-164-6,codetables-nonbinary-linear-codes,119,1
codetables-gf4-165-6,codetables-nonbinary-linear-codes,120,1
codetables-gf4-166-5,codetables-nonbinary-linear-codes,122,1
codetables-gf4-167-5,codetables-nonbinary-linear-codes,123,1
codetables-gf4-175-5,codetables-nonbinary-linear-codes,128,1
codetables-gf4-176-5,codetables-nonbinary-linear-codes,129,1
codetables-gf4-176-6,codetables-nonbinary-linear-codes,127,1
codetables-gf4-177-5,codetables-nonbinary-linear-codes,130,1
codetables-gf4-177-6,codetables-nonbinary-linear-codes,128,1
codetables-gf4-178-5,codetables-nonbinary-linear-codes,131,1
codetables-gf4-180-5,codetables-nonbinary-linear-codes,132,1
codetables-gf4-181-5,codetables-nonbinary-linear-codes,133,1
codetables-gf4-181-6,codetables-nonbinary-linear-codes,131,1
codetables-gf4-182-5,codetables-nonbinary-linear-codes,134,1
codetables-gf4-182-6,codetables-nonbinary-linear-codes,132,1
codetables-gf4-183-5,codetables-nonbinary-linear-codes,135,1
codetables-gf4-185-5,codetables-nonbinary-linear-codes,136,1
codetables-gf4-186-5,codetables-nonbinary-linear-codes,137,1
codetables-gf4-186-6,codetables-nonbinary-linear-codes,135,1
codetables-gf4-187-6,codetables-nonbinary-linear-codes,136,1
codetables-gf4-19-8,codetables-nonbinary-linear-codes,8,1
codetables-gf4-197-6,codetables-nonbinary-linear-codes,143,1
codetables-gf4-198-6,codetables-nonbinary-linear-codes,144,1
codetables-gf4-20-9,codetables-nonbinary-linear-codes,8,1
codetables-gf4-202-6,codetables-nonbinary-linear-codes,147,1
codetables-gf4-203-6,codetables-nonbinary-linear-codes,148,1
codetables-gf4-207-6,codetables-nonbinary-linear-codes,151,1
codetables-gf4-208-6,codetables-nonbinary-linear-codes,152,1
codetables-gf4-218-6,codetables-nonbinary-linear-codes,159,1
codetables-gf4-219-6,codetables-nonbinary-linear-codes,160,1
codetables-gf4-22-6,codetables-nonbinary-linear-codes,12,1
codetables-gf4-23-7,codetables-nonbinary-linear-codes,12,1
codetables-gf4-238-5,codetables-nonbinary-linear-codes,176,1
codetables-gf4-239-6,codetables-nonbinary-linear-codes,175,1
codetables-gf4-24-8,codetables-nonbinary-linear-codes,12,1
codetables-gf4-240-6,codetables-nonbinary-linear-codes,176,1
codetables-gf4-244-6,codetables-nonbinary-linear-codes,179,1
codetables-gf4-245-6,codetables-nonbinary-linear-codes,180,1
codetables-gf4-249-6,codetables-nonbinary-linear-codes,183,1
codetables-gf4-25-8,codetables-nonbinary-linear-codes,12,1
codetables-gf4-25-9,codetables-nonbinary-linear-codes,12,1
codetables-gf4-250-6,codetables-nonbinary-linear-codes,184,1
codetables-gf4-251-7,codetables-nonbinary-linear-codes,183,1
codetables-gf4-252-7,codetables-nonbinary-linear-codes,184,1
codetables-gf4-253-7,codetables-nonbinary-linear-codes,185,1
codetables-gf4-254-6,codetables-nonbinary-linear-codes,187,1
codetables-gf4-254-7,codetables-nonbinary-linear-codes,186,1
codetables-gf4-255-6,codetables-nonbinary-linear-codes,188,1
codetables-gf4-255-7,codetables-nonbinary-linear-codes,187,1
codetables-gf4-26-7,codetables-nonbinary-linear-codes,14,1
codetables-gf4-26-8,codetables-nonbinary-linear-codes,13,1
codetables-gf4-26-9,codetables-nonbinary-linear-codes,12,1
codetables-gf4-27-7,codetables-nonbinary-linear-codes,15,1
codetables-gf4-27-8,codetables-nonbinary-linear-codes,14,1
codetables-gf4-27-9,codetables-nonbinary-linear-codes,13,1
codetables-gf4-28-8,codetables-nonbinary-linear-codes,15,1
codetables-gf4-28-9,codetables-nonbinary-linear-codes,14,1
codetables-gf4-29-7,codetables-nonbinary-linear-codes,16,1
codetables-gf4-29-9,codetables-nonbinary-linear-codes,15,1
codetables-gf4-30-6,codetables-nonbinary-linear-codes,18,1
codetables-gf4-30-7,codetables-nonbinary-linear-codes,17,1
codetables-gf4-30-8,codetables-nonbinary-linear-codes,16,1
codetables-gf4-31-6,codetables-nonbinary-linear-codes,19,1
codetables-gf4-31-7,codetables-nonbinary-linear-codes,18,1
codetables-gf4-31-8,codetables-nonbinary-linear-codes,17,1
codetables-gf4-31-9,codetables-nonbinary-linear-codes,16,1
codetables-gf4-32-7,codetables-nonbinary-linear-codes,19,1
codetables-gf4-32-8,codetables-nonbinary-linear-codes,18,1
codetables-gf4-33-6,codetables-nonbinary-linear-codes,20,1
codetables-gf4-34-6,codetables-nonbinary-linear-codes,21,1
codetables-gf4-34-7,codetables-nonbinary-linear-codes,20,1
codetables-gf4-34-8,codetables-nonbinary-linear-codes,19,1
codetables-gf4-35-6,codetables-nonbinary-linear-codes,22,1
codetables-gf4-35-7,codetables-nonbinary-linear-codes,21,1
codetables-gf4-35-8,codetables-nonbinary-linear-codes,20,1
codetables-gf4-36-6,codetables-nonbinary-linear-codes,23,1
codetables-gf4-36-7,codetables-nonbinary-linear-codes,22,1
codetables-gf4-38-6,codetables-nonbinary-linear-codes,24,1
codetables-gf4-38-7,codetables-nonbinary-linear-codes,23,1
codetables-gf4-39-6,codetables-nonbinary-linear-codes,25,1
codetables-gf4-39-7,codetables-nonbinary-linear-codes,24,1
codetables-gf4-40-6,codetables-nonbinary-linear-codes,26,1
codetables-gf4-42-7,codetables-nonbinary-linear-codes,26,1
codetables-gf4-43-6,codetables-nonbinary-linear-codes,28,1
codetables-gf4-43-7,codetables-nonbinary-linear-codes,27,1
codetables-gf4-43-8,codetables-nonbinary-linear-codes,26,1
codetables-gf4-44-5,codetables-nonbinary-linear-codes,30,1
codetables-gf4-44-6,codetables-nonbinary-linear-codes,29,1
codetables-gf4-44-8,codetables-nonbinary-linear-codes,27,1
codetables-gf4-46-6,codetables-nonbinary-linear-codes,30,1
codetables-gf4-46-7,codetables-nonbinary-linear-codes,29,1
codetables-gf4-47-6,codetables-nonbinary-linear-codes,31,1
codetables-gf4-47-7,codetables-nonbinary-linear-codes,30,1
codetables-gf4-48-7,codetables-nonbinary-linear-codes,31,1
codetables-gf4-49-6,codetables-nonbinary-linear-codes,32,1
codetables-gf4-50-6,codetables-nonbinary-linear-codes,33,1
codetables-gf4-50-7,codetables-nonbinary-linear-codes,32,1
codetables-gf4-50-8,codetables-nonbinary-linear-codes,31,1
codetables-gf4-51-6,codetables-nonbinary-linear-codes,34,1
codetables-gf4-51-8,codetables-nonbinary-linear-codes,32,1
codetables-gf4-51-9,codetables-nonbinary-linear-codes,31,1
codetables-gf4-52-6,codetables-nonbinary-linear-codes,35,1
codetables-gf4-52-9,codetables-nonbinary-linear-codes,32,1
codetables-gf4-54-6,codetables-nonbinary-linear-codes,36,1
codetables-gf4-54-7,codetables-nonbinary-linear-codes,35,1
codetables-gf4-55-7,codetables-nonbinary-linear-codes,36,1
codetables-gf4-56-8,codetables-nonbinary-linear-codes,35,1
codetables-gf4-57-8,codetables-nonbinary-linear-codes,36,1
codetables-gf4-58-5,codetables-nonbinary-linear-codes,40,1
codetables-gf4-58-6,codetables-nonbinary-linear-codes,39,1
codetables-gf4-58-8,codetables-nonbinary-linear-codes,37,1
codetables-gf4-59-5,codetables-nonbinary-linear-codes,41,1
codetables-gf4-59-7,codetables-nonbinary-linear-codes,39,1
codetables-gf4-59-8,codetables-nonbinary-linear-codes,38,1
codetables-gf4-60-5,codetables-nonbinary-linear-codes,42,1
codetables-gf4-60-8,codetables-nonbinary-linear-codes,39,1
codetables-gf4-61-5,codetables-nonbinary-linear-codes,43,1
codetables-gf4-63-5,codetables-nonbinary-linear-codes,44,1
codetables-gf4-64-5,codetables-nonbinary-linear-codes,45,1
codetables-gf4-65-5,codetables-nonbinary-linear-codes,46,1
codetables-gf4-65-6,codetables-nonbinary-linear-codes,44,1
codetables-gf4-66-5,codetables-nonbinary-linear-codes,47,1
codetables-gf4-66-6,codetables-nonbinary-linear-codes,45,1
codetables-gf4-66-7,codetables-nonbinary-linear-codes,44,1
codetables-gf4-67-6,codetables-nonbinary-linear-codes,46,1
codetables-gf4-67-7,codetables-nonbinary-linear-codes,45,1
codetables-gf4-67-8,codetables-nonbinary-linear-codes,44,1
codetables-gf4-68-6,codetables-nonbinary-linear-codes,47,1
codetables-gf4-68-7,codetables-nonbinary-linear-codes,46,1
codetables-gf4-69-7,codetables-nonbinary-linear-codes,47,1
codetables-gf4-70-6,codetables-nonbinary-linear-codes,48,1
codetables-gf4-71-6,codetables-nonbinary-linear-codes,49,1
codetables-gf4-71-7,codetables-nonbinary-linear-codes,48,1
codetables-gf4-71-8,codetables-nonbinary-linear-codes,47,1
codetables-gf4-72-6,codetables-nonbinary-linear-codes,50,1
codetables-gf4-72-8,codetables-nonbinary-linear-codes,48,1
codetables-gf4-73-6,codetables-nonbinary-linear-codes,51,1
codetables-gf4-74-7,codetables-nonbinary-linear-codes,50,1
codetables-gf4-75-7,codetables-nonbinary-linear-codes,51,1
codetables-gf4-77-7,codetables-nonbinary-linear-codes,52,1
codetables-gf4-79-5,codetables-nonbinary-linear-codes,56,1
codetables-gf4-80-5,codetables-nonbinary-linear-codes,57,1
codetables-gf4-80-6,codetables-nonbinary-linear-codes,56,1
codetables-gf4-81-5,codetables-nonbinary-linear-codes,58,1
codetables-gf4-82-5,codetables-nonbinary-linear-codes,59,1
codetables-gf4-82-6,codetables-nonbinary-linear-codes,57,1
codetables-gf4-83-6,codetables-nonbinary-linear-codes,58,1
codetables-gf4-84-5,codetables-nonbinary-linear-codes,60,1
codetables-gf4-84-6,codetables-nonbinary-linear-codes,59,1
codetables-gf4-85-5,codetables-nonbinary-linear-codes,61,1
codetables-gf4-86-6,codetables-nonbinary-linear-codes,60,1
codetables-gf4-87-6,codetables-nonbinary-linear-codes,61,1
codetables-gf4-88-6,codetables-nonbinary-linear-codes,62,1
codetables-gf4-89-6,codetables-nonbinary-linear-codes,63,1
codetables-gf4-90-5,codetables-nonbinary-linear-codes,64,1
codetables-gf4-91-5,codetables-nonbinary-linear-codes,65,1
codetables-gf4-92-5,codetables-nonbinary-linear-codes,66,1
codetables-gf4-92-6,codetables-nonbinary-linear-codes,64,1
codetables-gf4-93-5,codetables-nonbinary-linear-codes,67,1
codetables-gf4-95-5,codetables-nonbinary-linear-codes,68,1
codetables-gf4-96-5,codetables-nonbinary-linear-codes,69,1
codetables-gf4-96-6,codetables-nonbinary-linear-codes,67,1
codetables-gf4-97-6,codetables-nonbinary-linear-codes,68,1
codetables-gf5-100-6,codetables-nonbinary-linear-codes,75,1
codetables-gf5-100-7,codetables-nonbinary-linear-codes,74,1
codetables-gf5-102-5,codetables-nonbinary-linear-codes,78,1
codetables-gf5-103-4,codetables-nonbinary-linear-codes,80,1
codetables-gf5-103-5,codetables-nonbinary-linear-codes,79,1
codetables-gf5-104-4,codetables-nonbinary-linear-codes,81,1
codetables-gf5-104-5,codetables-nonbinary-linear-codes,80,1
codetables-gf5-104-6,codetables-nonbinary-linear-codes,78,1
codetables-gf5-105-6,codetables-nonbinary-linear-codes,79,1
codetables-gf5-106-5,codetables-nonbinary-linear-codes,81,1
codetables-gf5-106-6,codetables-nonbinary-linear-codes,80,1
codetables-gf5-107-5,codetables-nonbinary-linear-codes,82,1
codetables-gf5-108-5,codetables-nonbinary-linear-codes,83,1
codetables-gf5-109-5,codetables-nonbinary-linear-codes,84,1
codetables-gf5-111-5,codetables-nonbinary-linear-codes,85,1
codetables-gf5-116-5,codetables-nonbinary-linear-codes,89,1
codetables-gf5-117-5,codetables-nonbinary-linear-codes,90,1
codetables-gf5-119-6,codetables-nonbinary-linear-codes,90,1
codetables-gf5-119-7,codetables-nonbinary-linear-codes,89,1
codetables-gf5-120-6,codetables-nonbinary-linear-codes,91,1
codetables-gf5-120-7,codetables-nonbinary-linear-codes,90,1
codetables-gf5-120-8,codetables-nonbinary-linear-codes,89,1
codetables-gf5-121-6,codetables-nonbinary-linear-codes,92,1
codetables-gf5-121-7,codetables-nonbinary-linear-codes,91,1
codetables-gf5-121-8,codetables-nonbinary-linear-codes,90,1
codetables-gf5-122-6,codetables-nonbinary-linear-codes,93,1
codetables-gf5-122-7,codetables-nonbinary-linear-codes,92,1
codetables-gf5-122-8,codetables-nonbinary-linear-codes,91,1
codetables-gf5-123-6,codetables-nonbinary-linear-codes,94,1
codetables-gf5-123-7,codetables-nonbinary-linear-codes,93,1
codetables-gf5-123-8,codetables-nonbinary-linear-codes,92,1
codetables-gf5-124-5,codetables-nonbinary-linear-codes,96,1
codetables-gf5-125-5,codetables-nonbinary-linear-codes,97,1
codetables-gf5-125-6,codetables-nonbinary-linear-codes,95,1
codetables-gf5-126-5,codetables-nonbinary-linear-codes,98,1
codetables-gf5-126-7,codetables-nonbinary-linear-codes,95,1
codetables-gf5-127-5,codetables-nonbinary-linear-codes,99,1
codetables-gf5-127-8,codetables-nonbinary-linear-codes,95,1
codetables-gf5-128-7,codetables-nonbinary-linear-codes,96,1
codetables-gf5-129-6,codetables-nonbinary-linear-codes,98,1
codetables-gf5-129-7,codetables-nonbinary-linear-codes,97,1
codetables-gf5-130-5,codetables-nonbinary-linear-codes,100,1
codetables-gf5-130-6,codetables-nonbinary-linear-codes,99,1
codetables-gf5-130-7,codetables-nonbinary-linear-codes,98,1
codetables-gf5-16-5,codetables-nonbinary-linear-codes,9,1
codetables-gf5-16-6,codetables-nonbinary-linear-codes,8,1
codetables-gf5-17-6,codetables-nonbinary-linear-codes,9,1
codetables-gf5-17-7,codetables-nonbinary-linear-codes,8,1
codetables-gf5-17-8,codetables-nonbinary-linear-codes,7,1
codetables-gf5-18-7,codetables-nonbinary-linear-codes,9,1
codetables-gf5-18-8,codetables-nonbinary-linear-codes,8,1
codetables-gf5-19-8,codetables-nonbinary-linear-codes,9,1
codetables-gf5-20-7,codetables-nonbinary-linear-codes,10,1
codetables-gf5-20-8,codetables-nonbinary-linear-codes,9,1
codetables-gf5-21-5,codetables-nonbinary-linear-codes,13,1
codetables-gf5-21-6,codetables-nonbinary-linear-codes,12,1
codetables-gf5-21-7,codetables-nonbinary-linear-codes,11,1
codetables-gf5-21-8,codetables-nonbinary-linear-codes,10,1
codetables-gf5-22-5,codetables-nonbinary-linear-codes,14,1
codetables-gf5-22-6,codetables-nonbinary-linear-codes,13,1
codetables-gf5-22-7,codetables-nonbinary-linear-codes,12,1
codetables-gf5-22-8,codetables-nonbinary-linear-codes,11,1
codetables-gf5-23-6,codetables-nonbinary-linear-codes,14,1
codetables-gf5-23-7,codetables-nonbinary-linear-codes,13,1
codetables-gf5-23-8,codetables-nonbinary-linear-codes,12,1
codetables-gf5-24-7,codetables-nonbinary-linear-codes,14,1
codetables-gf5-24-8,codetables-nonbinary-linear-codes,13,1
codetables-gf5-25-8,codetables-nonbinary-linear-codes,14,1
codetables-gf5-26-5,codetables-nonbinary-linear-codes,17,1
codetables-gf5-26-6,codetables-nonbinary-linear-codes,16,1
codetables-gf5-26-8,codetables-nonbinary-linear-codes,14,1
codetables-gf5-27-5,codetables-nonbinary-linear-codes,18,1
codetables-gf5-27-6,codetables-nonbinary-linear-codes,17,1
codetables-gf5-27-7,codetables-nonbinary-linear-codes,16,1
codetables-gf5-27-8,codetables-nonbinary-linear-codes,15,1
codetables-gf5-28-5,codetables-nonbinary-linear-codes,19,1
codetables-gf5-28-6,codetables-nonbinary-linear-codes,18,1
codetables-gf5-28-7,codetables-nonbinary-linear-codes,17,1
codetables-gf5-29-6,codetables-nonbinary-linear-codes,19,1
codetables-gf5-30-5,codetables-nonbinary-linear-codes,20,1
codetables-gf5-31-5,codetables-nonbinary-linear-codes,21,1
codetables-gf5-31-6,codetables-nonbinary-linear-codes,20,1
codetables-gf5-31-7,codetables-nonbinary-linear-codes,19,1
codetables-gf5-32-5,codetables-nonbinary-linear-codes,22,1
codetables-gf5-32-6,codetables-nonbinary-linear-codes,21,1
codetables-gf5-32-7,codetables-nonbinary-linear-codes,20,1
codetables-gf5-33-5,codetables-nonbinary-linear-codes,23,1
codetables-gf5-33-6,codetables-nonbinary-linear-codes,22,1
codetables-gf5-33-7,codetables-nonbinary-linear-codes,21,1
codetables-gf5-34-6,codetables-nonbinary-linear-codes,23,1
codetables-gf5-34-7,codetables-nonbinary-linear-codes,22,1
codetables-gf5-35-5,codetables-nonbinary-linear-codes,24,1
codetables-gf5-35-7,codetables-nonbinary-linear-codes,23,1
codetables-gf5-36-5,codetables-nonbinary-linear-codes,25,1
codetables-gf5-36-6,codetables-nonbinary-linear-codes,24,1
codetables-gf5-37-5,codetables-nonbinary-linear-codes,26,1
codetables-gf5-37-6,codetables-nonbinary-linear-codes,25,1
codetables-gf5-37-7,codetables-nonbinary-linear-codes,24,1
codetables-gf5-38-5,codetables-nonbinary-linear-codes,27,1
codetables-gf5-38-6,codetables-nonbinary-linear-codes,26,1
codetables-gf5-39-5,codetables-nonbinary-linear-codes,28,1
codetables-gf5-39-6,codetables-nonbinary-linear-codes,27,1
codetables-gf5-40-5,codetables-nonbinary-linear-codes,29,1
codetables-gf5-40-6,codetables-nonbinary-linear-codes,28,1
codetables-gf5-41-4,codetables-nonbinary-linear-codes,30,1
codetables-gf5-42-4,codetables-nonbinary-linear-codes,31,1
codetables-gf5-42-5,codetables-nonbinary-linear-codes,30,1
codetables-gf5-43-5,codetables-nonbinary-linear-codes,31,1
codetables-gf5-44-5,codetables-nonbinary-linear-codes,31,1
codetables-gf5-44-6,codetables-nonbinary-linear-codes,30,1
codetables-gf5-45-5,codetables-nonbinary-linear-codes,32,1
codetables-gf5-46-5,codetables-nonbinary-linear-codes,33,1
codetables-gf5-47-4,codetables-nonbinary-linear-codes,35,1
codetables-gf5-47-5,codetables-nonbinary-linear-codes,34,1
codetables-gf5-48-4,codetables-nonbinary-linear-codes,36,1
codetables-gf5-48-5,codetables-nonbinary-linear-codes,35,1
codetables-gf5-49-5,codetables-nonbinary-linear-codes,36,1
codetables-gf5-49-6,codetables-nonbinary-linear-codes,34,1
codetables-gf5-54-6,codetables-nonbinary-linear-codes,38,1
codetables-gf5-55-5,codetables-nonbinary-linear-codes,40,1
codetables-gf5-55-6,codetables-nonbinary-linear-codes,39,1
codetables-gf5-56-5,codetables-nonbinary-linear-codes,41,1
codetables-gf5-56-6,codetables-nonbinary-linear-codes,40,1
codetables-gf5-57-5,codetables-nonbinary-linear-codes,42,1
codetables-gf5-58-5,codetables-nonbinary-linear-codes,43,1
codetables-gf5-59-5,codetables-nonbinary-linear-codes,44,1
codetables-gf5-60-6,codetables-nonbinary-linear-codes,43,1
codetables-gf5-61-5,codetables-nonbinary-linear-codes,45,1
codetables-gf5-61-6,codetables-nonbinary-linear-codes,44,1
codetables-gf5-62-5,codetables-nonbinary-linear-codes,46,1
codetables-gf5-62-6,codetables-nonbinary-linear-codes,45,1
codetables-gf5-63-5,codetables-nonbinary-linear-codes,47,1
codetables-gf5-64-5,codetables-nonbinary-linear-codes,48,1
codetables-gf5-65-5,codetables-nonbinary-linear-codes,49,1
codetables-gf5-67-5,codetables-nonbinary-linear-codes,50,1
codetables-gf5-68-6,codetables-nonbinary-linear-codes,49,1
codetables-gf5-72-5,codetables-nonbinary-linear-codes,54,1
codetables-gf5-80-5,codetables-nonbinary-linear-codes,60,1
codetables-gf5-81-5,codetables-nonbinary-linear-codes,61,1
codetables-gf5-82-5,codetables-nonbinary-linear-codes,62,1
codetables-gf5-83-5,codetables-nonbinary-linear-codes,63,1
codetables-gf5-84-5,codetables-nonbinary-linear-codes,64,1
codetables-gf5-86-5,codetables-nonbinary-linear-codes,65,1
codetables-gf5-87-5,codetables-nonbinary-linear-codes,66,1
codetables-gf5-88-5,codetables-nonbinary-linear-codes,67,1
codetables-gf5-89-5,codetables-nonbinary-linear-codes,68,1
codetables-gf5-90-5,codetables-nonbinary-linear-codes,69,1
codetables-gf5-92-5,codetables-nonbinary-linear-codes,70,1
codetables-gf5-94-6,codetables-nonbinary-linear-codes,70,1
codetables-gf5-97-5,codetables-nonbinary-linear-codes,74,1
codetables-gf5-98-5,codetables-nonbinary-linear-codes,75,1
codetables-gf5-99-6,codetables-nonbinary-linear-codes,74,1
codetables-gf7-18-7,codetables-nonbinary-linear-codes,9,1
codetables-gf7-19-7,codetables-nonbinary-linear-codes,10,1
codetables-gf7-20-6,codetables-nonbinary-linear-codes,12,1
codetables-gf7-20-7,codetables-nonbinary-linear-codes,11,1
codetables-gf7-21-4,codetables-nonbinary-linear-codes,15,1
codetables-gf7-21-5,codetables-nonbinary-linear-codes,14,1
codetables-gf7-21-6,codetables-nonbinary-linear-codes,13,1
codetables-gf7-21-7,codetables-nonbinary-linear-codes,12,1
codetables-gf7-22-4,codetables-nonbinary-linear-codes,16,1
codetables-gf7-22-5,codetables-nonbinary-linear-codes,15,1
codetables-gf7-22-6,codetables-nonbinary-linear-codes,14,1
codetables-gf7-22-7,codetables-nonbinary-linear-codes,13,1
codetables-gf7-23-4,codetables-nonbinary-linear-codes,17,1
codetables-gf7-23-5,codetables-nonbinary-linear-codes,16,1
codetables-gf7-23-6,codetables-nonbinary-linear-codes,15,1
codetables-gf7-24-5,codetables-nonbinary-linear-codes,17,1
codetables-gf7-24-6,codetables-nonbinary-linear-codes,16,1
codetables-gf7-25-5,codetables-nonbinary-linear-codes,17,1
codetables-gf7-26-5,codetables-nonbinary-linear-codes,18,1
codetables-gf7-26-6,codetables-nonbinary-linear-codes,17,1
codetables-gf7-27-5,codetables-nonbinary-linear-codes,19,1
codetables-gf7-27-6,codetables-nonbinary-linear-codes,18,1
codetables-gf7-27-7,codetables-nonbinary-linear-codes,17,1
codetables-gf7-28-4,codetables-nonbinary-linear-codes,21,1
codetables-gf7-28-5,codetables-nonbinary-linear-codes,20,1
codetables-gf7-28-6,codetables-nonbinary-linear-codes,19,1
codetables-gf7-28-7,codetables-nonbinary-linear-codes,18,1
codetables-gf7-29-4,codetables-nonbinary-linear-codes,22,1
codetables-gf7-29-5,codetables-nonbinary-linear-codes,21,1
codetables-gf7-29-7,codetables-nonbinary-linear-codes,19,1
codetables-gf7-30-4,codetables-nonbinary-linear-codes,23,1
codetables-gf7-30-5,codetables-nonbinary-linear-codes,22,1
codetables-gf7-31-5,codetables-nonbinary-linear-codes,22,1
codetables-gf7-32-5,codetables-nonbinary-linear-codes,23,1
codetables-gf7-32-6,codetables-nonbinary-linear-codes,22,1
codetables-gf7-33-5,codetables-nonbinary-linear-codes,24,1
codetables-gf7-33-6,codetables-nonbinary-linear-codes,23,1
codetables-gf7-34-4,codetables-nonbinary-linear-codes,26,1
codetables-gf7-34-5,codetables-nonbinary-linear-codes,25,1
codetables-gf7-35-4,codetables-nonbinary-linear-codes,27,1
codetables-gf7-35-5,codetables-nonbinary-linear-codes,26,1
codetables-gf7-36-4,codetables-nonbinary-linear-codes,28,1
codetables-gf7-36-5,codetables-nonbinary-linear-codes,27,1
codetables-gf7-37-4,codetables-nonbinary-linear-codes,29,1
codetables-gf7-37-5,codetables-nonbinary-linear-codes,27,1
codetables-gf7-38-5,codetables-nonbinary-linear-codes,28,1
codetables-gf7-38-6,codetables-nonbinary-linear-codes,27,1
codetables-gf7-39-5,codetables-nonbinary-linear-codes,29,1
codetables-gf7-40-5,codetables-nonbinary-linear-codes,30,1
codetables-gf7-41-5,codetables-nonbinary-linear-codes,31,1
codetables-gf7-42-5,codetables-nonbinary-linear-codes,32,1
codetables-gf7-45-5,codetables-nonbinary-linear-codes,34,1
codetables-gf7-46-5,codetables-nonbinary-linear-codes,35,1
codetables-gf7-47-5,codetables-nonbinary-linear-codes,36,1
codetables-gf7-48-5,codetables-nonbinary-linear-codes,37,1
codetables-gf7-53-5,codetables-nonbinary-linear-codes,41,1
codetables-gf7-54-5,codetables-nonbinary-linear-codes,42,1
codetables-gf7-59-4,codetables-nonbinary-linear-codes,48,1
codetables-gf7-60-5,codetables-nonbinary-linear-codes,47,1
codetables-gf7-62-4,codetables-nonbinary-linear-codes,50,1
codetables-gf7-63-4,codetables-nonbinary-linear-codes,51,1
codetables-gf7-64-4,codetables-nonbinary-linear-codes,52,1
codetables-gf7-65-4,codetables-nonbinary-linear-codes,53,1
codetables-gf7-66-4,codetables-nonbinary-linear-codes,54,1
codetables-gf7-67-4,codetables-nonbinary-linear-codes,55,1
codetables-gf7-69-4,codetables-nonbinary-linear-codes,56,1
codetables-gf7-70-4,codetables-nonbinary-linear-codes,57,1
codetables-gf7-71-4,codetables-nonbinary-linear-codes,58,1
codetables-gf7-72-4,codetables-nonbinary-linear-codes,59,1
codetables-gf7-73-4,codetables-nonbinary-linear-codes,60,1
codetables-gf7-74-4,codetables-nonbinary-linear-codes,61,1
codetables-gf7-75-4,codetables-nonbinary-linear-codes,62,1
codetables-gf7-76-4,codetables-nonbinary-linear-codes,62,1
codetables-gf7-77-4,codetables-nonbinary-linear-codes,63,1
codetables-gf7-78-4,codetables-nonbinary-linear-codes,64,1
codetables-gf7-79-4,codetables-nonbinary-linear-codes,65,1
codetables-gf7-80-4,codetables-nonbinary-linear-codes,66,1
codetables-gf7-81-4,codetables-nonbinary-linear-codes,67,1
codetables-gf7-82-4,codetables-nonbinary-linear-codes,68,1
codetables-gf7-85-4,codetables-nonbinary-linear-codes,70,1
codetables-gf7-86-4,codetables-nonbinary-linear-codes,71,1
codetables-gf7-87-4,codetables-nonbinary-linear-codes,72,1
codetables-gf7-88-4,codetables-nonbinary-linear-codes,73,1
codetables-gf7-89-4,codetables-nonbinary-linear-codes,74,1
codetables-gf7-90-4,codetables-nonbinary-linear-codes,75,1
codetables-gf7-93-4,codetables-nonbinary-linear-codes,77,1
codetables-gf7-94-4,codetables-nonbinary-linear-codes,78,1
codetables-gf7-95-4,codetables-nonbinary-linear-codes,79,1
codetables-gf7-96-4,codetables-nonbinary-linear-codes,80,1
codetables-gf7-97-4,codetables-nonbinary-linear-codes,81,1
codetables-gf8-100-4,codetables-nonbinary-linear-codes,85,1
codetables-gf8-104-4,codetables-nonbinary-linear-codes,88,1
codetables-gf8-105-4,codetables-nonbinary-linear-codes,89,1
codetables-gf8-106-4,codetables-nonbinary-linear-codes,90,1
codetables-gf8-107-4,codetables-nonbinary-linear-codes,91,1
codetables-gf8-108-4,codetables-nonbinary-linear-codes,92,1
codetables-gf8-109-4,codetables-nonbinary-linear-codes,93,1
codetables-gf8-110-4,codetables-nonbinary-linear-codes,94,1
codetables-gf8-21-5,codetables-nonbinary-linear-codes,14,1
codetables-gf8-21-6,codetables-nonbinary-linear-codes,13,1
codetables-gf8-22-5,codetables-nonbinary-linear-codes,15,1
codetables-gf8-22-6,codetables-nonbinary-linear-codes,14,1
codetables-gf8-23-5,codetables-nonbinary-linear-codes,16,1
codetables-gf8-23-6,codetables-nonbinary-linear-codes,15,1
codetables-gf8-24-5,codetables-nonbinary-linear-codes,17,1
codetables-gf8-24-6,codetables-nonbinary-linear-codes,16,1
codetables-gf8-25-5,codetables-nonbinary-linear-codes,18,1
codetables-gf8-25-6,codetables-nonbinary-linear-codes,17,1
codetables-gf8-26-4,codetables-nonbinary-linear-codes,20,1
codetables-gf8-26-5,codetables-nonbinary-linear-codes,19,1
codetables-gf8-28-5,codetables-nonbinary-linear-codes,20,1
codetables-gf8-29-5,codetables-nonbinary-linear-codes,21,1
codetables-gf8-29-6,codetables-nonbinary-linear-codes,20,1
codetables-gf8-30-5,codetables-nonbinary-linear-codes,22,1
codetables-gf8-30-6,codetables-nonbinary-linear-codes,21,1
codetables-gf8-31-4,codetables-nonbinary-linear-codes,24,1
codetables-gf8-31-5,codetables-nonbinary-linear-codes,23,1
codetables-gf8-32-4,codetables-nonbinary-linear-codes,25,1
codetables-gf8-32-5,codetables-nonbinary-linear-codes,24,1
codetables-gf8-33-4,codetables-nonbinary-linear-codes,26,1
codetables-gf8-34-4,codetables-nonbinary-linear-codes,27,1
codetables-gf8-36-5,codetables-nonbinary-linear-codes,27,1
codetables-gf8-37-5,codetables-nonbinary-linear-codes,28,1
codetables-gf8-37-6,codetables-nonbinary-linear-codes,27,1
codetables-gf8-38-5,codetables-nonbinary-linear-codes,29,1
codetables-gf8-38-6,codetables-nonbinary-linear-codes,28,1
codetables-gf8-40-4,codetables-nonbinary-linear-codes,32,1
codetables-gf8-41-4,codetables-nonbinary-linear-codes,33,1
codetables-gf8-41-5,codetables-nonbinary-linear-codes,31,1
codetables-gf8-42-4,codetables-nonbinary-linear-codes,34,1
codetables-gf8-42-5,codetables-nonbinary-linear-codes,32,1
codetables-gf8-43-4,codetables-nonbinary-linear-codes,35,1
codetables-gf8-43-5,codetables-nonbinary-linear-codes,33,1
codetables-gf8-44-5,codetables-nonbinary-linear-codes,34,1
codetables-gf8-45-5,codetables-nonbinary-linear-codes,35,1
codetables-gf8-46-4,codetables-nonbinary-linear-codes,37,1
codetables-gf8-46-5,codetables-nonbinary-linear-codes,36,1
codetables-gf8-47-4,codetables-nonbinary-linear-codes,38,1
codetables-gf8-47-5,codetables-nonbinary-linear-codes,37,1
codetables-gf8-48-4,codetables-nonbinary-linear-codes,39,1
codetables-gf8-48-5,codetables-nonbinary-linear-codes,38,1
codetables-gf8-49-4,codetables-nonbinary-linear-codes,40,1
codetables-gf8-50-4,codetables-nonbinary-linear-codes,41,1
codetables-gf8-50-5,codetables-nonbinary-linear-codes,39,1
codetables-gf8-51-5,codetables-nonbinary-linear-codes,40,1
codetables-gf8-52-5,codetables-nonbinary-linear-codes,41,1
codetables-gf8-53-5,codetables-nonbinary-linear-codes,42,1
codetables-gf8-59-5,codetables-nonbinary-linear-codes,47,1
codetables-gf8-60-5,codetables-nonbinary-linear-codes,48,1
codetables-gf8-68-5,codetables-nonbinary-linear-codes,55,1
codetables-gf8-69-5,codetables-nonbinary-linear-codes,56,1
codetables-gf8-81-4,codetables-nonbinary-linear-codes,68,1
codetables-gf8-82-4,codetables-nonbinary-linear-codes,69,1
codetables-gf8-83-4,codetables-nonbinary-linear-codes,70,1
codetables-gf8-84-4,codetables-nonbinary-linear-codes,71,1
codetables-gf8-86-4,codetables-nonbinary-linear-codes,72,1
codetables-gf8-87-4,codetables-nonbinary-linear-codes,73,1
codetables-gf8-88-4,codetables-nonbinary-linear-codes,74,1
codetables-gf8-89-4,codetables-nonbinary-linear-codes,75,1
codetables-gf8-90-4,codetables-nonbinary-linear-codes,76,1
codetables-gf8-91-4,codetables-nonbinary-linear-codes,77,1
codetables-gf8-92-4,codetables-nonbinary-linear-codes,78,1
codetables-gf8-95-4,codetables-nonbinary-linear-codes,80,1
codetables-gf8-96-4,codetables-nonbinary-linear-codes,81,1
codetables-gf8-97-4,codetables-nonbinary-linear-codes,82,1
codetables-gf8-98-4,codetables-nonbinary-linear-codes,83,1
codetables-gf8-99-4,codetables-nonbinary-linear-codes,84,1
codetables-gf9-100-4,codetables-nonbinary-linear-codes,86,1
codetables-gf9-101-4,codetables-nonbinary-linear-codes,87,1
codetables-gf9-102-4,codetables-nonbinary-linear-codes,88,1
codetables-gf9-104-4,codetables-nonbinary-linear-codes,89,1
codetables-gf9-105-4,codetables-nonbinary-linear-codes,90,1
codetables-gf9-106-4,codetables-nonbinary-linear-codes,91,1
codetables-gf9-107-4,codetables-nonbinary-linear-codes,92,1
codetables-gf9-108-4,codetables-nonbinary-linear-codes,93,1
codetables-gf9-109-4,codetables-nonbinary-linear-codes,94,1
codetables-gf9-114-4,codetables-nonbinary-linear-codes,98,1
codetables-gf9-115-4,codetables-nonbinary-linear-codes,99,1
codetables-gf9-116-4,codetables-nonbinary-linear-codes,100,1
codetables-gf9-117-4,codetables-nonbinary-linear-codes,101,1
codetables-gf9-118-4,codetables-nonbinary-linear-codes,102,1
codetables-gf9-124-4,codetables-nonbinary-linear-codes,107,1
codetables-gf9-125-4,codetables-nonbinary-linear-codes,108,1
codetables-gf9-18-3,codetables-nonbinary-linear-codes,14,1
codetables-gf9-19-3,codetables-nonbinary-linear-codes,15,1
codetables-gf9-20-3,codetables-nonbinary-linear-codes,16,1
codetables-gf9-21-3,codetables-nonbinary-linear-codes,17,1
codetables-gf9-22-5,codetables-nonbinary-linear-codes,15,1
codetables-gf9-22-6,codetables-nonbinary-linear-codes,14,1
codetables-gf9-23-5,codetables-nonbinary-linear-codes,16,1
codetables-gf9-23-6,codetables-nonbinary-linear-codes,15,1
codetables-gf9-24-5,codetables-nonbinary-linear-codes,17,1
codetables-gf9-24-6,codetables-nonbinary-linear-codes,16,1
codetables-gf9-25-4,codetables-nonbinary-linear-codes,19,1
codetables-gf9-25-5,codetables-nonbinary-linear-codes,18,1
codetables-gf9-25-6,codetables-nonbinary-linear-codes,17,1
codetables-gf9-26-4,codetables-nonbinary-linear-codes,20,1
codetables-gf9-26-5,codetables-nonbinary-linear-codes,19,1
codetables-gf9-26-6,codetables-nonbinary-linear-codes,18,1
codetables-gf9-27-4,codetables-nonbinary-linear-codes,21,1
codetables-gf9-27-5,codetables-nonbinary-linear-codes,20,1
codetables-gf9-27-6,codetables-nonbinary-linear-codes,19,1
codetables-gf9-28-4,codetables-nonbinary-linear-codes,22,1
codetables-gf9-28-5,codetables-nonbinary-linear-codes,21,1
codetables-gf9-28-6,codetables-nonbinary-linear-codes,20,1
codetables-gf9-29-3,codetables-nonbinary-linear-codes,24,1
codetables-gf9-29-4,codetables-nonbinary-linear-codes,23,1
codetables-gf9-30-3,codetables-nonbinary-linear-codes,25,1
codetables-gf9-30-4,codetables-nonbinary-linear-codes,24,1
codetables-gf9-31-3,codetables-nonbinary-linear-codes,26,1
codetables-gf9-31-4,codetables-nonbinary-linear-codes,25,1
codetables-gf9-32-4,codetables-nonbinary-linear-codes,26,1
codetables-gf9-34-5,codetables-nonbinary-linear-codes,26,1
codetables-gf9-37-4,codetables-nonbinary-linear-codes,30,1
codetables-gf9-38-4,codetables-nonbinary-linear-codes,31,1
codetables-gf9-40-5,codetables-nonbinary-linear-codes,31,1
codetables-gf9-41-5,codetables-nonbinary-linear-codes,32,1
codetables-gf9-42-4,codetables-nonbinary-linear-codes,34,1
codetables-gf9-43-4,codetables-nonbinary-linear-codes,35,1
codetables-gf9-44-4,codetables-nonbinary-linear-codes,36,1
codetables-gf9-45-4,codetables-nonbinary-linear-codes,37,1
codetables-gf9-45-5,codetables-nonbinary-linear-codes,35,1
codetables-gf9-46-4,codetables-nonbinary-linear-codes,38,1
codetables-gf9-46-5,codetables-nonbinary-linear-codes,36,1
codetables-gf9-47-4,codetables-nonbinary-linear-codes,39,1
codetables-gf9-47-5,codetables-nonbinary-linear-codes,37,1
codetables-gf9-48-4,codetables-nonbinary-linear-codes,40,1
codetables-gf9-48-5,codetables-nonbinary-linear-codes,38,1
codetables-gf9-50-4,codetables-nonbinary-linear-codes,41,1
codetables-gf9-51-4,codetables-nonbinary-linear-codes,42,1
codetables-gf9-52-4,codetables-nonbinary-linear-codes,43,1
codetables-gf9-53-4,codetables-nonbinary-linear-codes,44,1
codetables-gf9-54-4,codetables-nonbinary-linear-codes,45,1
codetables-gf9-55-4,codetables-nonbinary-linear-codes,46,1
codetables-gf9-55-5,codetables-nonbinary-linear-codes,44,1
codetables-gf9-56-3,codetables-nonbinary-linear-codes,48,1
codetables-gf9-56-4,codetables-nonbinary-linear-codes,47,1
codetables-gf9-56-5,codetables-nonbinary-linear-codes,45,1
codetables-gf9-57-3,codetables-nonbinary-linear-codes,49,1
codetables-gf9-57-4,codetables-nonbinary-linear-codes,48,1
codetables-gf9-58-3,codetables-nonbinary-linear-codes,50,1
codetables-gf9-58-4,codetables-nonbinary-linear-codes,49,1
codetables-gf9-59-3,codetables-nonbinary-linear-codes,51,1
codetables-gf9-60-3,codetables-nonbinary-linear-codes,52,1
codetables-gf9-61-3,codetables-nonbinary-linear-codes,53,1
codetables-gf9-63-4,codetables-nonbinary-linear-codes,53,1
codetables-gf9-64-4,codetables-nonbinary-linear-codes,54,1
codetables-gf9-65-4,codetables-nonbinary-linear-codes,55,1
codetables-gf9-66-3,codetables-nonbinary-linear-codes,57,1
codetables-gf9-66-4,codetables-nonbinary-linear-codes,56,1
codetables-gf9-67-3,codetables-nonbinary-linear-codes,58,1
codetables-gf9-67-4,codetables-nonbinary-linear-codes,57,1
codetables-gf9-68-3,codetables-nonbinary-linear-codes,59,1
codetables-gf9-68-4,codetables-nonbinary-linear-codes,58,1
codetables-gf9-69-3,codetables-nonbinary-linear-codes,60,1
codetables-gf9-69-4,codetables-nonbinary-linear-codes,59,1
codetables-gf9-70-3,codetables-nonbinary-linear-codes,61,1
codetables-gf9-70-4,codetables-nonbinary-linear-codes,60,1
codetables-gf9-71-3,codetables-nonbinary-linear-codes,62,1
codetables-gf9-71-4,codetables-nonbinary-linear-codes,61,1
codetables-gf9-72-4,codetables-nonbinary-linear-codes,62,1
codetables-gf9-93-4,codetables-nonbinary-linear-codes,80,1
codetables-gf9-95-4,codetables-nonbinary-linear-codes,81,1
codetables-gf9-96-4,codetables-nonbinary-linear-codes,82,1
codetables-gf9-97-4,codetables-nonbinary-linear-codes,83,1
codetables-gf9-98-4,codetables-nonbinary-linear-codes,84,1
codetables-gf9-99-4,codetables-nonbinary-linear-codes,85,1
codetables-gf3-100-8,codetables-nonbinary-linear-codes,60,2
codetables-gf3-102-8,codetables-nonbinary-linear-codes,61,2
codetables-gf3-103-8,codetables-nonbinary-linear-codes,62,2
codetables-gf3-104-8,codetables-nonbinary-linear-codes,63,2
codetables-gf3-109-8,codetables-nonbinary-linear-codes,66,2
codetables-gf3-116-7,codetables-nonbinary-linear-codes,72,2
codetables-gf3-117-7,codetables-nonbinary-linear-codes,73,2
codetables-gf3-118-8,codetables-nonbinary-linear-codes,72,2
codetables-gf3-120-7,codetables-nonbinary-linear-codes,75,2
codetables-gf3-120-9,codetables-nonbinary-linear-codes,72,2
codetables-gf3-121-10,codetables-nonbinary-linear-codes,72,2
codetables-gf3-121-7,codetables-nonbinary-linear-codes,76,2
codetables-gf3-124-7,codetables-nonbinary-linear-codes,78,2
codetables-gf3-125-7,codetables-nonbinary-linear-codes,79,2
codetables-gf3-129-7,codetables-nonbinary-linear-codes,81,2
codetables-gf3-131-7,codetables-nonbinary-linear-codes,82,2
codetables-gf3-134-7,codetables-nonbinary-linear-codes,84,2
codetables-gf3-135-7,codetables-nonbinary-linear-codes,85,2
codetables-gf3-136-8,codetables-nonbinary-linear-codes,84,2
codetables-gf3-139-8,codetables-nonbinary-linear-codes,86,2
codetables-gf3-140-8,codetables-nonbinary-linear-codes,87,2
codetables-gf3-141-6,codetables-nonbinary-linear-codes,90,2
codetables-gf3-142-6,codetables-nonbinary-linear-codes,91,2
codetables-gf3-142-8,codetables-nonbinary-linear-codes,88,2
codetables-gf3-143-7,codetables-nonbinary-linear-codes,90,2
codetables-gf3-143-8,codetables-nonbinary-linear-codes,89,2
codetables-gf3-144-7,codetables-nonbinary-linear-codes,91,2
codetables-gf3-144-8,codetables-nonbinary-linear-codes,90,2
codetables-gf3-145-8,codetables-nonbinary-linear-codes,90,2
codetables-gf3-154-8,codetables-nonbinary-linear-codes,96,2
codetables-gf3-156-7,codetables-nonbinary-linear-codes,99,2
codetables-gf3-158-7,codetables-nonbinary-linear-codes,100,2
codetables-gf3-159-7,codetables-nonbinary-linear-codes,101,2
codetables-gf3-160-7,codetables-nonbinary-linear-codes,102,2
codetables-gf3-162-7,codetables-nonbinary-linear-codes,103,2
codetables-gf3-163-7,codetables-nonbinary-linear-codes,104,2
codetables-gf3-164-7,codetables-nonbinary-linear-codes,105,2
codetables-gf3-165-7,codetables-nonbinary-linear-codes,105,2
codetables-gf3-166-7,codetables-nonbinary-linear-codes,106,2
codetables-gf3-170-7,codetables-nonbinary-linear-codes,108,2
codetables-gf3-172-7,codetables-nonbinary-linear-codes,109,2
codetables-gf3-172-8,codetables-nonbinary-linear-codes,108,2
codetables-gf3-173-7,codetables-nonbinary-linear-codes,110,2
codetables-gf3-174-7,codetables-nonbinary-linear-codes,111,2
codetables-gf3-176-7,codetables-nonbinary-linear-codes,112,2
codetables-gf3-177-7,codetables-nonbinary-linear-codes,113,2
codetables-gf3-178-7,codetables-nonbinary-linear-codes,114,2
codetables-gf3-180-7,codetables-nonbinary-linear-codes,115,2
codetables-gf3-183-7,codetables-nonbinary-linear-codes,117,2
codetables-gf3-185-7,codetables-nonbinary-linear-codes,118,2
codetables-gf3-186-7,codetables-nonbinary-linear-codes,119,2
codetables-gf3-187-7,codetables-nonbinary-linear-codes,120,2
codetables-gf3-188-7,codetables-nonbinary-linear-codes,121,2
codetables-gf3-189-7,codetables-nonbinary-linear-codes,121,2
codetables-gf3-190-7,codetables-nonbinary-linear-codes,122,2
codetables-gf3-196-7,codetables-nonbinary-linear-codes,126,2
codetables-gf3-199-7,codetables-nonbinary-linear-codes,127,2
codetables-gf3-200-7,codetables-nonbinary-linear-codes,128,2
codetables-gf3-201-7,codetables-nonbinary-linear-codes,129,2
codetables-gf3-203-7,codetables-nonbinary-linear-codes,130,2
codetables-gf3-204-7,codetables-nonbinary-linear-codes,131,2
codetables-gf3-205-7,codetables-nonbinary-linear-codes,132,2
codetables-gf3-207-7,codetables-nonbinary-linear-codes,133,2
codetables-gf3-210-7,codetables-nonbinary-linear-codes,135,2
codetables-gf3-212-7,codetables-nonbinary-linear-codes,136,2
codetables-gf3-213-7,codetables-nonbinary-linear-codes,137,2
codetables-gf3-214-7,codetables-nonbinary-linear-codes,138,2
codetables-gf3-216-7,codetables-nonbinary-linear-codes,139,2
codetables-gf3-217-7,codetables-nonbinary-linear-codes,140,2
codetables-gf3-218-7,codetables-nonbinary-linear-codes,141,2
codetables-gf3-220-7,codetables-nonbinary-linear-codes,142,2
codetables-gf3-223-7,codetables-nonbinary-linear-codes,144,2
codetables-gf3-223-8,codetables-nonbinary-linear-codes,142,2
codetables-gf3-224-8,codetables-nonbinary-linear-codes,143,2
codetables-gf3-225-8,codetables-nonbinary-linear-codes,144,2
codetables-gf3-231-7,codetables-nonbinary-linear-codes,149,2
codetables-gf3-232-7,codetables-nonbinary-linear-codes,150,2
codetables-gf3-234-7,codetables-nonbinary-linear-codes,151,2
codetables-gf3-237-7,codetables-nonbinary-linear-codes,153,2
codetables-gf3-238-10,codetables-nonbinary-linear-codes,149,2
codetables-gf3-239-10,codetables-nonbinary-linear-codes,150,2
codetables-gf3-239-11,codetables-nonbinary-linear-codes,149,2
codetables-gf3-239-7,codetables-nonbinary-linear-codes,154,2
codetables-gf3-239-9,codetables-nonbinary-linear-codes,151,2
codetables-gf3-240-10,codetables-nonbinary-linear-codes,151,2
codetables-gf3-240-11,codetables-nonbinary-linear-codes,150,2
codetables-gf3-240-9,codetables-nonbinary-linear-codes,152,2
codetables-gf3-241-11,codetables-nonbinary-linear-codes,151,2
codetables-gf3-241-9,codetables-nonbinary-linear-codes,153,2
codetables-gf3-243-10,codetables-nonbinary-linear-codes,153,2
codetables-gf3-243-8,codetables-nonbinary-linear-codes,156,2
codetables-gf3-26-11,codetables-nonbinary-linear-codes,9,2
codetables-gf3-27-12,codetables-nonbinary-linear-codes,9,2
codetables-gf3-31-11,codetables-nonbinary-linear-codes,12,2
codetables-gf3-32-11,codetables-nonbinary-linear-codes,13,2
codetables-gf3-32-12,codetables-nonbinary-linear-codes,12,2
codetables-gf3-33-11,codetables-nonbinary-linear-codes,13,2
codetables-gf3-33-12,codetables-nonbinary-linear-codes,13,2
codetables-gf3-34-11,codetables-nonbinary-linear-codes,14,2
codetables-gf3-34-12,codetables-nonbinary-linear-codes,13,2
codetables-gf3-35-11,codetables-nonbinary-linear-codes,15,2
codetables-gf3-35-12,codetables-nonbinary-linear-codes,14,2
codetables-gf3-36-11,codetables-nonbinary-linear-codes,16,2
codetables-gf3-36-12,codetables-nonbinary-linear-codes,15,2
codetables-gf3-38-9,codetables-nonbinary-linear-codes,18,2
codetables-gf3-39-10,codetables-nonbinary-linear-codes,18,2
codetables-gf3-39-9,codetables-nonbinary-linear-codes,19,2
codetables-gf3-40-10,codetables-nonbinary-linear-codes,19,2
codetables-gf3-40-11,codetables-nonbinary-linear-codes,18,2
codetables-gf3-41-12,codetables-nonbinary-linear-codes,18,2
codetables-gf3-42-11,codetables-nonbinary-linear-codes,19,2
codetables-gf3-42-8,codetables-nonbinary-linear-codes,22,2
codetables-gf3-42-9,codetables-nonbinary-linear-codes,21,2
codetables-gf3-43-10,codetables-nonbinary-linear-codes,21,2
codetables-gf3-43-11,codetables-nonbinary-linear-codes,20,2
codetables-gf3-43-9,codetables-nonbinary-linear-codes,22,2
codetables-gf3-44-11,codetables-nonbinary-linear-codes,21,2
codetables-gf3-44-7,codetables-nonbinary-linear-codes,24,2
codetables-gf3-45-10,codetables-nonbinary-linear-codes,22,2
codetables-gf3-45-7,codetables-nonbinary-linear-codes,25,2
codetables-gf3-45-8,codetables-nonbinary-linear-codes,24,2
codetables-gf3-46-9,codetables-nonbinary-linear-codes,24,2
codetables-gf3-47-11,codetables-nonbinary-linear-codes,22,2
codetables-gf3-47-9,codetables-nonbinary-linear-codes,24,2
codetables-gf3-48-10,codetables-nonbinary-linear-codes,24,2
codetables-gf3-48-11,codetables-nonbinary-linear-codes,23,2
codetables-gf3-48-9,codetables-nonbinary-linear-codes,25,2
codetables-gf3-49-11,codetables-nonbinary-linear-codes,24,2
codetables-gf3-50-10,codetables-nonbinary-linear-codes,25,2
codetables-gf3-50-8,codetables-nonbinary-linear-codes,27,2
codetables-gf3-51-10,codetables-nonbinary-linear-codes,26,2
codetables-gf3-51-8,codetables-nonbinary-linear-codes,28,2
codetables-gf3-51-9,codetables-nonbinary-linear-codes,27,2
codetables-gf3-52-10,codetables-nonbinary-linear-codes,27,2
codetables-gf3-53-11,codetables-nonbinary-linear-codes,26,2
codetables-gf3-53-7,codetables-nonbinary-linear-codes,30,2
codetables-gf3-53-9,codetables-nonbinary-linear-codes,28,2
codetables-gf3-54-11,codetables-nonbinary-linear-codes,27,2
codetables-gf3-54-7,codetables-nonbinary-linear-codes,31,2
codetables-gf3-54-8,codetables-nonbinary-linear-codes,30,2
codetables-gf3-54-9,codetables-nonbinary-linear-codes,29,2
codetables-gf3-55-8,codetables-nonbinary-linear-codes,30,2
codetables-gf3-56-10,codetables-nonbinary-linear-codes,29,2
codetables-gf3-56-8,codetables-nonbinary-linear-codes,31,2
codetables-gf3-56-9,codetables-nonbinary-linear-codes,30,2
codetables-gf3-57-10,codetables-nonbinary-linear-codes,30,2
codetables-gf3-57-7,codetables-nonbinary-linear-codes,33,2
codetables-gf3-57-8,codetables-nonbinary-linear-codes,32,2
codetables-gf3-58-8,codetables-nonbinary-linear-codes,33,2
codetables-gf3-58-9,codetables-nonbinary-linear-codes,31,2
codetables-gf3-59-8,codetables-nonbinary-linear-codes,33,2
codetables-gf3-59-9,codetables-nonbinary-linear-codes,32,2
codetables-gf3-60-9,codetables-nonbinary-linear-codes,33,2
codetables-gf3-61-8,codetables-nonbinary-linear-codes,34,2
codetables-gf3-62-10,codetables-nonbinary-linear-codes,33,2
codetables-gf3-62-7,codetables-nonbinary-linear-codes,36,2
codetables-gf3-62-9,codetables-nonbinary-linear-codes,34,2
codetables-gf3-63-7,codetables-nonbinary-linear-codes,37,2
codetables-gf3-64-10,codetables-nonbinary-linear-codes,34,2
codetables-gf3-65-10,codetables-nonbinary-linear-codes,35,2
codetables-gf3-65-8,codetables-nonbinary-linear-codes,37,2
codetables-gf3-65-9,codetables-nonbinary-linear-codes,36,2
codetables-gf3-66-10,codetables-nonbinary-linear-codes,36,2
codetables-gf3-66-7,codetables-nonbinary-linear-codes,39,2
codetables-gf3-67-7,codetables-nonbinary-linear-codes,39,2
codetables-gf3-67-9,codetables-nonbinary-linear-codes,37,2
codetables-gf3-68-7,codetables-nonbinary-linear-codes,40,2
codetables-gf3-68-8,codetables-nonbinary-linear-codes,39,2
codetables-gf3-68-9,codetables-nonbinary-linear-codes,38,2
codetables-gf3-69-9,codetables-nonbinary-linear-codes,39,2
codetables-gf3-70-8,codetables-nonbinary-linear-codes,40,2
codetables-gf3-71-7,codetables-nonbinary-linear-codes,42,2
codetables-gf3-71-8,codetables-nonbinary-linear-codes,41,2
codetables-gf3-72-7,codetables-nonbinary-linear-codes,43,2
codetables-gf3-72-8,codetables-nonbinary-linear-codes,42,2
codetables-gf3-73-8,codetables-nonbinary-linear-codes,42,2
codetables-gf3-74-8,codetables-nonbinary-linear-codes,43,2
codetables-gf3-74-9,codetables-nonbinary-linear-codes,42,2
codetables-gf3-76-9,codetables-nonbinary-linear-codes,43,2
codetables-gf3-77-11,codetables-nonbinary-linear-codes,42,2
codetables-gf3-77-8,codetables-nonbinary-linear-codes,45,2
codetables-gf3-77-9,codetables-nonbinary-linear-codes,44,2
codetables-gf3-78-12,codetables-nonbinary-linear-codes,42,2
codetables-gf3-78-8,codetables-nonbinary-linear-codes,46,2
codetables-gf3-78-9,codetables-nonbinary-linear-codes,45,2
codetables-gf3-79-9,codetables-nonbinary-linear-codes,46,2
codetables-gf3-80-11,codetables-nonbinary-linear-codes,44,2
codetables-gf3-81-11,codetables-nonbinary-linear-codes,45,2
codetables-gf3-81-8,codetables-nonbinary-linear-codes,48,2
codetables-gf3-82-9,codetables-nonbinary-linear-codes,48,2
codetables-gf3-83-11,codetables-nonbinary-linear-codes,46,2
codetables-gf3-84-10,codetables-nonbinary-linear-codes,48,2
codetables-gf3-84-11,codetables-nonbinary-linear-codes,47,2
codetables-gf3-85-11,codetables-nonbinary-linear-codes,48,2
codetables-gf3-86-11,codetables-nonbinary-linear-codes,48,2
codetables-gf3-87-10,codetables-nonbinary-linear-codes,50,2
codetables-gf3-87-11,codetables-nonbinary-linear-codes,49,2
codetables-gf3-88-10,codetables-nonbinary-linear-codes,51,2
codetables-gf3-88-11,codetables-nonbinary-linear-codes,50,2
codetables-gf3-89-7,codetables-nonbinary-linear-codes,54,2
codetables-gf3-90-11,codetables-nonbinary-linear-codes,51,2
codetables-gf3-90-7,codetables-nonbinary-linear-codes,55,2
codetables-gf3-90-8,codetables-nonbinary-linear-codes,54,2
codetables-gf3-91-10,codetables-nonbinary-linear-codes,52,2
codetables-gf3-91-8,codetables-nonbinary-linear-codes,54,2
codetables-gf3-92-10,codetables-nonbinary-linear-codes,53,2
codetables-gf3-92-11,codetables-nonbinary-linear-codes,52,2
codetables-gf3-92-9,codetables-nonbinary-linear-codes,54,2
codetables-gf3-93-11,codetables-nonbinary-linear-codes,53,2
codetables-gf3-93-7,codetables-nonbinary-linear-codes,57,2
codetables-gf3-94-7,codetables-nonbinary-linear-codes,58,2
codetables-gf3-94-8,codetables-nonbinary-linear-codes,56,2
codetables-gf3-95-11,codetables-nonbinary-linear-codes,54,2
codetables-gf3-95-8,codetables-nonbinary-linear-codes,57,2
codetables-gf4-100-6,codetables-nonbinary-linear-codes,70,2
codetables-gf4-103-6,codetables-nonbinary-linear-codes,72,2
codetables-gf4-104-6,codetables-nonbinary-linear-codes,73,2
codetables-gf4-105-6,codetables-nonbinary-linear-codes,74,2
codetables-gf4-105-7,codetables-nonbinary-linear-codes,72,2
codetables-gf4-108-6,codetables-nonbinary-linear-codes,76,2
codetables-gf4-108-7,codetables-nonbinary-linear-codes,74,2
codetables-gf4-109-6,codetables-nonbinary-linear-codes,77,2
codetables-gf4-109-7,codetables-nonbinary-linear-codes,75,2
codetables-gf4-110-6,codetables-nonbinary-linear-codes,78,2
codetables-gf4-110-7,codetables-nonbinary-linear-codes,76,2
codetables-gf4-120-7,codetables-nonbinary-linear-codes,83,2
codetables-gf4-121-7,codetables-nonbinary-linear-codes,84,2
codetables-gf4-124-6,codetables-nonbinary-linear-codes,88,2
codetables-gf4-124-7,codetables-nonbinary-linear-codes,86,2
codetables-gf4-125-6,codetables-nonbinary-linear-codes,89,2
codetables-gf4-125-7,codetables-nonbinary-linear-codes,87,2
codetables-gf4-126-6,codetables-nonbinary-linear-codes,90,2
codetables-gf4-126-7,codetables-nonbinary-linear-codes,88,2
codetables-gf4-132-7,codetables-nonbinary-linear-codes,92,2
codetables-gf4-135-6,codetables-nonbinary-linear-codes,96,2
codetables-gf4-136-6,codetables-nonbinary-linear-codes,97,2
codetables-gf4-137-6,codetables-nonbinary-linear-codes,98,2
codetables-gf4-140-6,codetables-nonbinary-linear-codes,100,2
codetables-gf4-141-6,codetables-nonbinary-linear-codes,101,2
codetables-gf4-142-6,codetables-nonbinary-linear-codes,102,2
codetables-gf4-145-6,codetables-nonbinary-linear-codes,104,2
codetables-gf4-146-6,codetables-nonbinary-linear-codes,105,2
codetables-gf4-147-6,codetables-nonbinary-linear-codes,106,2
codetables-gf4-148-6,codetables-nonbinary-linear-codes,106,2
codetables-gf4-149-6,codetables-nonbinary-linear-codes,107,2
codetables-gf4-150-6,codetables-nonbinary-linear-codes,108,2
codetables-gf4-153-6,codetables-nonbinary-linear-codes,110,2
codetables-gf4-156-6,codetables-nonbinary-linear-codes,112,2
codetables-gf4-157-6,codetables-nonbinary-linear-codes,113,2
codetables-gf4-158-6,codetables-nonbinary-linear-codes,114,2
codetables-gf4-161-6,codetables-nonbinary-linear-codes,116,2
codetables-gf4-162-6,codetables-nonbinary-linear-codes,117,2
codetables-gf4-163-6,codetables-nonbinary-linear-codes,118,2
codetables-gf4-166-6,codetables-nonbinary-linear-codes,120,2
codetables-gf4-169-6,codetables-nonbinary-linear-codes,122,2
codetables-gf4-170-6,codetables-nonbinary-linear-codes,122,2
codetables-gf4-171-6,codetables-nonbinary-linear-codes,123,2
codetables-gf4-172-6,codetables-nonbinary-linear-codes,124,2
codetables-gf4-175-6,codetables-nonbinary-linear-codes,126,2
codetables-gf4-178-6,codetables-nonbinary-linear-codes,128,2
codetables-gf4-179-6,codetables-nonbinary-linear-codes,129,2
codetables-gf4-180-6,codetables-nonbinary-linear-codes,130,2
codetables-gf4-183-6,codetables-nonbinary-linear-codes,132,2
codetables-gf4-184-6,codetables-nonbinary-linear-codes,133,2
codetables-gf4-185-6,codetables-nonbinary-linear-codes,134,2
codetables-gf4-188-6,codetables-nonbinary-linear-codes,136,2
codetables-gf4-191-6,codetables-nonbinary-linear-codes,138,2
codetables-gf4-192-6,codetables-nonbinary-linear-codes,139,2
codetables-gf4-193-6,codetables-nonbinary-linear-codes,140,2
codetables-gf4-196-6,codetables-nonbinary-linear-codes,142,2
codetables-gf4-199-6,codetables-nonbinary-linear-codes,144,2
codetables-gf4-200-6,codetables-nonbinary-linear-codes,145,2
codetables-gf4-201-6,codetables-nonbinary-linear-codes,146,2
codetables-gf4-204-6,codetables-nonbinary-linear-codes,148,2
codetables-gf4-205-6,codetables-nonbinary-linear-codes,149,2
codetables-gf4-206-6,codetables-nonbinary-linear-codes,150,2
codetables-gf4-209-6,codetables-nonbinary-linear-codes,152,2
codetables-gf4-212-6,codetables-nonbinary-linear-codes,154,2
codetables-gf4-213-6,codetables-nonbinary-linear-codes,155,2
codetables-gf4-214-6,codetables-nonbinary-linear-codes,156,2
codetables-gf4-217-6,codetables-nonbinary-linear-codes,158,2
codetables-gf4-220-6,codetables-nonbinary-linear-codes,160,2
codetables-gf4-223-6,codetables-nonbinary-linear-codes,162,2
codetables-gf4-224-6,codetables-nonbinary-linear-codes,163,2
codetables-gf4-225-6,codetables-nonbinary-linear-codes,164,2
codetables-gf4-228-6,codetables-nonbinary-linear-codes,166,2
codetables-gf4-229-6,codetables-nonbinary-linear-codes,167,2
codetables-gf4-230-6,codetables-nonbinary-linear-codes,168,2
codetables-gf4-233-6,codetables-nonbinary-linear-codes,170,2
codetables-gf4-234-6,codetables-nonbinary-linear-codes,171,2
codetables-gf4-235-6,codetables-nonbinary-linear-codes,172,2
codetables-gf4-238-6,codetables-nonbinary-linear-codes,174,2
codetables-gf4-241-6,codetables-nonbinary-linear-codes,176,2
codetables-gf4-241-7,codetables-nonbinary-linear-codes,174,2
codetables-gf4-242-6,codetables-nonbinary-linear-codes,177,2
codetables-gf4-242-7,codetables-nonbinary-linear-codes,175,2
codetables-gf4-243-6,codetables-nonbinary-linear-codes,178,2
codetables-gf4-246-6,codetables-nonbinary-linear-codes,180,2
codetables-gf4-246-7,codetables-nonbinary-linear-codes,178,2
codetables-gf4-247-6,codetables-nonbinary-linear-codes,181,2
codetables-gf4-247-7,codetables-nonbinary-linear-codes,179,2
codetables-gf4-248-6,codetables-nonbinary-linear-codes,182,2
codetables-gf4-248-7,codetables-nonbinary-linear-codes,180,2
codetables-gf4-249-7,codetables-nonbinary-linear-codes,181,2
codetables-gf4-250-7,codetables-nonbinary-linear-codes,182,2
codetables-gf4-251-6,codetables-nonbinary-linear-codes,184,2
codetables-gf4-252-6,codetables-nonbinary-linear-codes,185,2
codetables-gf4-253-6,codetables-nonbinary-linear-codes,186,2
codetables-gf4-256-6,codetables-nonbinary-linear-codes,188,2
codetables-gf4-32-9,codetables-nonbinary-linear-codes,16,2
codetables-gf4-33-8,codetables-nonbinary-linear-codes,18,2
codetables-gf4-33-9,codetables-nonbinary-linear-codes,17,2
codetables-gf4-34-9,codetables-nonbinary-linear-codes,18,2
codetables-gf4-35-9,codetables-nonbinary-linear-codes,18,2
codetables-gf4-36-8,codetables-nonbinary-linear-codes,20,2
codetables-gf4-36-9,codetables-nonbinary-linear-codes,19,2
codetables-gf4-37-7,codetables-nonbinary-linear-codes,22,2
codetables-gf4-37-8,codetables-nonbinary-linear-codes,21,2
codetables-gf4-37-9,codetables-nonbinary-linear-codes,20,2
codetables-gf4-39-8,codetables-nonbinary-linear-codes,22,2
codetables-gf4-39-9,codetables-nonbinary-linear-codes,21,2
codetables-gf4-40-7,codetables-nonbinary-linear-codes,24,2
codetables-gf4-40-8,codetables-nonbinary-linear-codes,23,2
codetables-gf4-40-9,codetables-nonbinary-linear-codes,22,2
codetables-gf4-41-7,codetables-nonbinary-linear-codes,25,2
codetables-gf4-41-8,codetables-nonbinary-linear-codes,24,2
codetables-gf4-41-9,codetables-nonbinary-linear-codes,22,2
codetables-gf4-42-8,codetables-nonbinary-linear-codes,25,2
codetables-gf4-42-9,codetables-nonbinary-linear-codes,23,2
codetables-gf4-43-9,codetables-nonbinary-linear-codes,24,2
codetables-gf4-44-7,codetables-nonbinary-linear-codes,27,2
codetables-gf4-45-7,codetables-nonbinary-linear-codes,28,2
codetables-gf4-45-8,codetables-nonbinary-linear-codes,27,2
codetables-gf4-46-9,codetables-nonbinary-linear-codes,26,2
codetables-gf4-47-8,codetables-nonbinary-linear-codes,28,2
codetables-gf4-47-9,codetables-nonbinary-linear-codes,27,2
codetables-gf4-48-8,codetables-nonbinary-linear-codes,29,2
codetables-gf4-48-9,codetables-nonbinary-linear-codes,28,2
codetables-gf4-49-8,codetables-nonbinary-linear-codes,30,2
codetables-gf4-49-9,codetables-nonbinary-linear-codes,29,2
codetables-gf4-50-9,codetables-nonbinary-linear-codes,30,2
codetables-gf4-51-7,codetables-nonbinary-linear-codes,32,2
codetables-gf4-52-7,codetables-nonbinary-linear-codes,33,2
codetables-gf4-52-8,codetables-nonbinary-linear-codes,32,2
codetables-gf4-53-7,codetables-nonbinary-linear-codes,34,2
codetables-gf4-53-9,codetables-nonbinary-linear-codes,32,2
codetables-gf4-54-8,codetables-nonbinary-linear-codes,33,2
codetables-gf4-54-9,codetables-nonbinary-linear-codes,32,2
codetables-gf4-55-6,codetables-nonbinary-linear-codes,36,2
codetables-gf4-55-8,codetables-nonbinary-linear-codes,34,2
codetables-gf4-56-6,codetables-nonbinary-linear-codes,37,2
codetables-gf4-56-7,codetables-nonbinary-linear-codes,36,2
codetables-gf4-57-6,codetables-nonbinary-linear-codes,38,2
codetables-gf4-57-7,codetables-nonbinary-linear-codes,37,2
codetables-gf4-57-9,codetables-nonbinary-linear-codes,34,2
codetables-gf4-58-7,codetables-nonbinary-linear-codes,38,2
codetables-gf4-68-8,codetables-nonbinary-linear-codes,44,2
codetables-gf4-69-8,codetables-nonbinary-linear-codes,45,2
codetables-gf4-70-8,codetables-nonbinary-linear-codes,46,2
codetables-gf4-70-9,codetables-nonbinary-linear-codes,44,2
codetables-gf4-72-7,codetables-nonbinary-linear-codes,48,2
codetables-gf4-73-7,codetables-nonbinary-linear-codes,49,2
codetables-gf4-73-8,codetables-nonbinary-linear-codes,48,2
codetables-gf4-77-8,codetables-nonbinary-linear-codes,50,2
codetables-gf4-78-7,codetables-nonbinary-linear-codes,52,2
codetables-gf4-79-7,codetables-nonbinary-linear-codes,53,2
codetables-gf4-80-7,codetables-nonbinary-linear-codes,54,2
codetables-gf4-81-6,codetables-nonbinary-linear-codes,56,2
codetables-gf4-81-7,codetables-nonbinary-linear-codes,54,2
codetables-gf4-82-7,codetables-nonbinary-linear-codes,55,2
codetables-gf4-83-7,codetables-nonbinary-linear-codes,56,2
codetables-gf4-86-7,codetables-nonbinary-linear-codes,58,2
codetables-gf4-87-7,codetables-nonbinary-linear-codes,59,2
codetables-gf4-88-7,codetables-nonbinary-linear-codes,60,2
codetables-gf4-89-7,codetables-nonbinary-linear-codes,60,2
codetables-gf4-92-7,codetables-nonbinary-linear-codes,62,2
codetables-gf4-93-6,codetables-nonbinary-linear-codes,64,2
codetables-gf4-93-7,codetables-nonbinary-linear-codes,63,2
codetables-gf4-94-6,codetables-nonbinary-linear-codes,65,2
codetables-gf4-94-7,codetables-nonbinary-linear-codes,64,2
codetables-gf4-95-6,codetables-nonbinary-linear-codes,66,2
codetables-gf4-98-6,codetables-nonbinary-linear-codes,68,2
codetables-gf4-99-6,codetables-nonbinary-linear-codes,69,2
codetables-gf5-100-5,codetables-nonbinary-linear-codes,76,2
codetables-gf5-101-5,codetables-nonbinary-linear-codes,77,2
codetables-gf5-101-6,codetables-nonbinary-linear-codes,75,2
codetables-gf5-101-7,codetables-nonbinary-linear-codes,74,2
codetables-gf5-102-6,codetables-nonbinary-linear-codes,76,2
codetables-gf5-102-7,codetables-nonbinary-linear-codes,75,2
codetables-gf5-103-6,codetables-nonbinary-linear-codes,77,2
codetables-gf5-105-5,codetables-nonbinary-linear-codes,80,2
codetables-gf5-105-7,codetables-nonbinary-linear-codes,77,2
codetables-gf5-106-7,codetables-nonbinary-linear-codes,78,2
codetables-gf5-107-6,codetables-nonbinary-linear-codes,80,2
codetables-gf5-109-6,codetables-nonbinary-linear-codes,81,2
codetables-gf5-109-7,codetables-nonbinary-linear-codes,80,2
codetables-gf5-110-6,codetables-nonbinary-linear-codes,82,2
codetables-gf5-112-5,codetables-nonbinary-linear-codes,85,2
codetables-gf5-113-5,codetables-nonbinary-linear-codes,86,2
codetables-gf5-114-5,codetables-nonbinary-linear-codes,87,2
codetables-gf5-114-6,codetables-nonbinary-linear-codes,85,2
codetables-gf5-114-7,codetables-nonbinary-linear-codes,84,2
codetables-gf5-115-5,codetables-nonbinary-linear-codes,88,2
codetables-gf5-115-6,codetables-nonbinary-linear-codes,86,2
codetables-gf5-115-7,codetables-nonbinary-linear-codes,85,2
codetables-gf5-115-8,codetables-nonbinary-linear-codes,84,2
codetables-gf5-116-6,codetables-nonbinary-linear-codes,87,2
codetables-gf5-116-7,codetables-nonbinary-linear-codes,86,2
codetables-gf5-116-8,codetables-nonbinary-linear-codes,85,2
codetables-gf5-117-6,codetables-nonbinary-linear-codes,88,2
codetables-gf5-117-7,codetables-nonbinary-linear-codes,87,2
codetables-gf5-117-8,codetables-nonbinary-linear-codes,86,2
codetables-gf5-118-5,codetables-nonbinary-linear-codes,90,2
codetables-gf5-118-6,codetables-nonbinary-linear-codes,89,2
codetables-gf5-118-7,codetables-nonbinary-linear-codes,88,2
codetables-gf5-118-8,codetables-nonbinary-linear-codes,87,2
codetables-gf5-119-5,codetables-nonbinary-linear-codes,91,2
codetables-gf5-119-8,codetables-nonbinary-linear-codes,88,2
codetables-gf5-120-5,codetables-nonbinary-linear-codes,92,2
codetables-gf5-121-5,codetables-nonbinary-linear-codes,93,2
codetables-gf5-122-5,codetables-nonbinary-linear-codes,94,2
codetables-gf5-123-5,codetables-nonbinary-linear-codes,95,2
codetables-gf5-126-6,codetables-nonbinary-linear-codes,95,2
codetables-gf5-127-6,codetables-nonbinary-linear-codes,96,2
codetables-gf5-127-7,codetables-nonbinary-linear-codes,95,2
codetables-gf5-128-6,codetables-nonbinary-linear-codes,97,2
codetables-gf5-128-8,codetables-nonbinary-linear-codes,95,2
codetables-gf5-129-8,codetables-nonbinary-linear-codes,95,2
codetables-gf5-130-8,codetables-nonbinary-linear-codes,96,2
codetables-gf5-28-8,codetables-nonbinary-linear-codes,15,2
codetables-gf5-29-7,codetables-nonbinary-linear-codes,17,2
codetables-gf5-29-8,codetables-nonbinary-linear-codes,16,2
codetables-gf5-30-7,codetables-nonbinary-linear-codes,18,2
codetables-gf5-32-8,codetables-nonbinary-linear-codes,18,2
codetables-gf5-37-8,codetables-nonbinary-linear-codes,22,2
codetables-gf5-38-7,codetables-nonbinary-linear-codes,24,2
codetables-gf5-39-7,codetables-nonbinary-linear-codes,25,2
codetables-gf5-39-8,codetables-nonbinary-linear-codes,23,2
codetables-gf5-40-8,codetables-nonbinary-linear-codes,24,2
codetables-gf5-42-7,codetables-nonbinary-linear-codes,27,2
codetables-gf5-43-7,codetables-nonbinary-linear-codes,28,2
codetables-gf5-44-7,codetables-nonbinary-linear-codes,28,2
codetables-gf5-45-6,codetables-nonbinary-linear-codes,30,2
codetables-gf5-45-7,codetables-nonbinary-linear-codes,29,2
codetables-gf5-46-6,codetables-nonbinary-linear-codes,31,2
codetables-gf5-46-7,codetables-nonbinary-linear-codes,30,2
codetables-gf5-47-6,codetables-nonbinary-linear-codes,32,2
codetables-gf5-48-6,codetables-nonbinary-linear-codes,33,2
codetables-gf5-50-6,codetables-nonbinary-linear-codes,34,2
codetables-gf5-50-7,codetables-nonbinary-linear-codes,33,2
codetables-gf5-51-6,codetables-nonbinary-linear-codes,35,2
codetables-gf5-52-6,codetables-nonbinary-linear-codes,36,2
codetables-gf5-53-6,codetables-nonbinary-linear-codes,37,2
codetables-gf5-57-6,codetables-nonbinary-linear-codes,40,2
codetables-gf5-58-6,codetables-nonbinary-linear-codes,41,2
codetables-gf5-59-6,codetables-nonbinary-linear-codes,42,2
codetables-gf5-63-6,codetables-nonbinary-linear-codes,45,2
codetables-gf5-65-6,codetables-nonbinary-linear-codes,46,2
codetables-gf5-66-6,codetables-nonbinary-linear-codes,47,2
codetables-gf5-67-6,codetables-nonbinary-linear-codes,48,2
codetables-gf5-68-5,codetables-nonbinary-linear-codes,50,2
codetables-gf5-69-5,codetables-nonbinary-linear-codes,51,2
codetables-gf5-69-6,codetables-nonbinary-linear-codes,49,2
codetables-gf5-69-7,codetables-nonbinary-linear-codes,48,2
codetables-gf5-70-5,codetables-nonbinary-linear-codes,52,2
codetables-gf5-70-6,codetables-nonbinary-linear-codes,50,2
codetables-gf5-70-7,codetables-nonbinary-linear-codes,49,2
codetables-gf5-70-8,codetables-nonbinary-linear-codes,48,2
codetables-gf5-71-5,codetables-nonbinary-linear-codes,53,2
codetables-gf5-71-6,codetables-nonbinary-linear-codes,51,2
codetables-gf5-71-7,codetables-nonbinary-linear-codes,50,2
codetables-gf5-71-8,codetables-nonbinary-linear-codes,49,2
codetables-gf5-72-8,codetables-nonbinary-linear-codes,50,2
codetables-gf5-74-6,codetables-nonbinary-linear-codes,53,2
codetables-gf5-75-6,codetables-nonbinary-linear-codes,54,2
codetables-gf5-76-6,codetables-nonbinary-linear-codes,55,2
codetables-gf5-80-6,codetables-nonbinary-linear-codes,58,2
codetables-gf5-81-6,codetables-nonbinary-linear-codes,59,2
codetables-gf5-82-6,codetables-nonbinary-linear-codes,60,2
codetables-gf5-84-6,codetables-nonbinary-linear-codes,61,2
codetables-gf5-85-6,codetables-nonbinary-linear-codes,62,2
codetables-gf5-86-6,codetables-nonbinary-linear-codes,63,2
codetables-gf5-87-6,codetables-nonbinary-linear-codes,64,2
codetables-gf5-88-6,codetables-nonbinary-linear-codes,65,2
codetables-gf5-89-6,codetables-nonbinary-linear-codes,65,2
codetables-gf5-90-6,codetables-nonbinary-linear-codes,66,2
codetables-gf5-91-6,codetables-nonbinary-linear-codes,67,2
codetables-gf5-92-6,codetables-nonbinary-linear-codes,68,2
codetables-gf5-93-5,codetables-nonbinary-linear-codes,70,2
codetables-gf5-93-6,codetables-nonbinary-linear-codes,69,2
codetables-gf5-94-5,codetables-nonbinary-linear-codes,71,2
codetables-gf5-95-5,codetables-nonbinary-linear-codes,72,2
codetables-gf5-95-6,codetables-nonbinary-linear-codes,70,2
codetables-gf5-95-7,codetables-nonbinary-linear-codes,69,2
codetables-gf5-96-5,codetables-nonbinary-linear-codes,73,2
codetables-gf5-96-6,codetables-nonbinary-linear-codes,71,2
codetables-gf5-96-7,codetables-nonbinary-linear-codes,70,2
codetables-gf5-97-6,codetables-nonbinary-linear-codes,72,2
codetables-gf5-97-7,codetables-nonbinary-linear-codes,71,2
codetables-gf5-98-6,codetables-nonbinary-linear-codes,73,2
codetables-gf5-98-7,codetables-nonbinary-linear-codes,72,2
codetables-gf5-99-5,codetables-nonbinary-linear-codes,75,2
codetables-gf5-99-7,codetables-nonbinary-linear-codes,73,2
codetables-gf7-100-5,codetables-nonbinary-linear-codes,81,2
codetables-gf7-23-7,codetables-nonbinary-linear-codes,13,2
codetables-gf7-24-7,codetables-nonbinary-linear-codes,14,2
codetables-gf7-25-6,codetables-nonbinary-linear-codes,16,2
codetables-gf7-25-7,codetables-nonbinary-linear-codes,15,2
codetables-gf7-26-7,codetables-nonbinary-linear-codes,16,2
codetables-gf7-29-6,codetables-nonbinary-linear-codes,19,2
codetables-gf7-30-6,codetables-nonbinary-linear-codes,20,2
codetables-gf7-30-7,codetables-nonbinary-linear-codes,19,2
codetables-gf7-31-6,codetables-nonbinary-linear-codes,21,2
codetables-gf7-31-7,codetables-nonbinary-linear-codes,19,2
codetables-gf7-32-7,codetables-nonbinary-linear-codes,20,2
codetables-gf7-33-7,codetables-nonbinary-linear-codes,21,2
codetables-gf7-34-6,codetables-nonbinary-linear-codes,23,2
codetables-gf7-34-7,codetables-nonbinary-linear-codes,22,2
codetables-gf7-35-6,codetables-nonbinary-linear-codes,24,2
codetables-gf7-35-7,codetables-nonbinary-linear-codes,23,2
codetables-gf7-36-6,codetables-nonbinary-linear-codes,25,2
codetables-gf7-36-7,codetables-nonbinary-linear-codes,24,2
codetables-gf7-37-6,codetables-nonbinary-linear-codes,26,2
codetables-gf7-39-6,codetables-nonbinary-linear-codes,27,2
codetables-gf7-39-7,codetables-nonbinary-linear-codes,26,2
codetables-gf7-40-6,codetables-nonbinary-linear-codes,28,2
codetables-gf7-40-7,codetables-nonbinary-linear-codes,27,2
codetables-gf7-41-6,codetables-nonbinary-linear-codes,29,2
codetables-gf7-41-7,codetables-nonbinary-linear-codes,28,2
codetables-gf7-42-6,codetables-nonbinary-linear-codes,30,2
codetables-gf7-42-7,codetables-nonbinary-linear-codes,29,2
codetables-gf7-43-5,codetables-nonbinary-linear-codes,32,2
codetables-gf7-43-6,codetables-nonbinary-linear-codes,31,2
codetables-gf7-43-7,codetables-nonbinary-linear-codes,30,2
codetables-gf7-44-5,codetables-nonbinary-linear-codes,33,2
codetables-gf7-46-6,codetables-nonbinary-linear-codes,33,2
codetables-gf7-47-6,codetables-nonbinary-linear-codes,34,2
codetables-gf7-47-7,codetables-nonbinary-linear-codes,33,2
codetables-gf7-48-6,codetables-nonbinary-linear-codes,35,2
codetables-gf7-48-7,codetables-nonbinary-linear-codes,34,2
codetables-gf7-49-5,codetables-nonbinary-linear-codes,37,2
codetables-gf7-49-6,codetables-nonbinary-linear-codes,36,2
codetables-gf7-50-5,codetables-nonbinary-linear-codes,38,2
codetables-gf7-50-6,codetables-nonbinary-linear-codes,37,2
codetables-gf7-51-5,codetables-nonbinary-linear-codes,39,2
codetables-gf7-52-5,codetables-nonbinary-linear-codes,40,2
codetables-gf7-54-6,codetables-nonbinary-linear-codes,40,2
codetables-gf7-55-5,codetables-nonbinary-linear-codes,42,2
codetables-gf7-55-6,codetables-nonbinary-linear-codes,41,2
codetables-gf7-56-5,codetables-nonbinary-linear-codes,43,2
codetables-gf7-56-6,codetables-nonbinary-linear-codes,42,2
codetables-gf7-57-5,codetables-nonbinary-linear-codes,44,2
codetables-gf7-58-5,codetables-nonbinary-linear-codes,45,2
codetables-gf7-59-5,codetables-nonbinary-linear-codes,46,2
codetables-gf7-61-5,codetables-nonbinary-linear-codes,47,2
codetables-gf7-62-5,codetables-nonbinary-linear-codes,48,2
codetables-gf7-63-5,codetables-nonbinary-linear-codes,49,2
codetables-gf7-64-5,codetables-nonbinary-linear-codes,50,2
codetables-gf7-65-5,codetables-nonbinary-linear-codes,51,2
codetables-gf7-66-5,codetables-nonbinary-linear-codes,52,2
codetables-gf7-67-5,codetables-nonbinary-linear-codes,52,2
codetables-gf7-68-5,codetables-nonbinary-linear-codes,53,2
codetables-gf7-69-5,codetables-nonbinary-linear-codes,54,2
codetables-gf7-70-5,codetables-nonbinary-linear-codes,55,2
codetables-gf7-71-5,codetables-nonbinary-linear-codes,56,2
codetables-gf7-71-6,codetables-nonbinary-linear-codes,54,2
codetables-gf7-72-5,codetables-nonbinary-linear-codes,57,2
codetables-gf7-72-6,codetables-nonbinary-linear-codes,55,2
codetables-gf7-74-5,codetables-nonbinary-linear-codes,58,2
codetables-gf7-75-5,codetables-nonbinary-linear-codes,59,2
codetables-gf7-76-5,codetables-nonbinary-linear-codes,60,2
codetables-gf7-77-5,codetables-nonbinary-linear-codes,61,2
codetables-gf7-78-5,codetables-nonbinary-linear-codes,62,2
codetables-gf7-79-5,codetables-nonbinary-linear-codes,63,2
codetables-gf7-81-5,codetables-nonbinary-linear-codes,64,2
codetables-gf7-82-5,codetables-nonbinary-linear-codes,65,2
codetables-gf7-83-5,codetables-nonbinary-linear-codes,66,2
codetables-gf7-84-5,codetables-nonbinary-linear-codes,67,2
codetables-gf7-85-5,codetables-nonbinary-linear-codes,68,2
codetables-gf7-86-5,codetables-nonbinary-linear-codes,68,2
codetables-gf7-87-5,codetables-nonbinary-linear-codes,69,2
codetables-gf7-88-5,codetables-nonbinary-linear-codes,70,2
codetables-gf7-89-5,codetables-nonbinary-linear-codes,71,2
codetables-gf7-90-5,codetables-nonbinary-linear-codes,72,2
codetables-gf7-91-5,codetables-nonbinary-linear-codes,73,2
codetables-gf7-94-5,codetables-nonbinary-linear-codes,75,2
codetables-gf7-95-5,codetables-nonbinary-linear-codes,76,2
codetables-gf7-96-5,codetables-nonbinary-linear-codes,77,2
codetables-gf7-97-5,codetables-nonbinary-linear-codes,78,2
codetables-gf7-98-5,codetables-nonbinary-linear-codes,79,2
codetables-gf7-99-5,codetables-nonbinary-linear-codes,80,2
codetables-gf8-102-5,codetables-nonbinary-linear-codes,84,2
codetables-gf8-114-5,codetables-nonbinary-linear-codes,94,2
codetables-gf8-115-5,codetables-nonbinary-linear-codes,95,2
codetables-gf8-115-6,codetables-nonbinary-linear-codes,94,2
codetables-gf8-116-5,codetables-nonbinary-linear-codes,96,2
codetables-gf8-116-6,codetables-nonbinary-linear-codes,95,2
codetables-gf8-117-5,codetables-nonbinary-linear-codes,97,2
codetables-gf8-117-6,codetables-nonbinary-linear-codes,96,2
codetables-gf8-118-5,codetables-nonbinary-linear-codes,98,2
codetables-gf8-119-5,codetables-nonbinary-linear-codes,99,2
codetables-gf8-120-5,codetables-nonbinary-linear-codes,100,2
codetables-gf8-123-5,codetables-nonbinary-linear-codes,102,2
codetables-gf8-124-5,codetables-nonbinary-linear-codes,103,2
codetables-gf8-125-5,codetables-nonbinary-linear-codes,104,2
codetables-gf8-26-6,codetables-nonbinary-linear-codes,17,2
codetables-gf8-27-5,codetables-nonbinary-linear-codes,19,2
codetables-gf8-27-6,codetables-nonbinary-linear-codes,18,2
codetables-gf8-28-6,codetables-nonbinary-linear-codes,19,2
codetables-gf8-31-6,codetables-nonbinary-linear-codes,21,2
codetables-gf8-32-6,codetables-nonbinary-linear-codes,22,2
codetables-gf8-33-5,codetables-nonbinary-linear-codes,24,2
codetables-gf8-33-6,codetables-nonbinary-linear-codes,23,2
codetables-gf8-34-5,codetables-nonbinary-linear-codes,25,2
codetables-gf8-34-6,codetables-nonbinary-linear-codes,24,2
codetables-gf8-35-5,codetables-nonbinary-linear-codes,26,2
codetables-gf8-35-6,codetables-nonbinary-linear-codes,25,2
codetables-gf8-36-6,codetables-nonbinary-linear-codes,26,2
codetables-gf8-39-5,codetables-nonbinary-linear-codes,29,2
codetables-gf8-39-6,codetables-nonbinary-linear-codes,28,2
codetables-gf8-40-5,codetables-nonbinary-linear-codes,30,2
codetables-gf8-40-6,codetables-nonbinary-linear-codes,29,2
codetables-gf8-41-6,codetables-nonbinary-linear-codes,30,2
codetables-gf8-42-6,codetables-nonbinary-linear-codes,30,2
codetables-gf8-43-6,codetables-nonbinary-linear-codes,31,2
codetables-gf8-44-6,codetables-nonbinary-linear-codes,32,2
codetables-gf8-45-6,codetables-nonbinary-linear-codes,33,2
codetables-gf8-46-6,codetables-nonbinary-linear-codes,34,2
codetables-gf8-47-6,codetables-nonbinary-linear-codes,35,2
codetables-gf8-48-6,codetables-nonbinary-linear-codes,36,2
codetables-gf8-49-5,codetables-nonbinary-linear-codes,38,2
codetables-gf8-51-6,codetables-nonbinary-linear-codes,38,2
codetables-gf8-52-6,codetables-nonbinary-linear-codes,39,2
codetables-gf8-53-6,codetables-nonbinary-linear-codes,40,2
codetables-gf8-54-5,codetables-nonbinary-linear-codes,42,2
codetables-gf8-54-6,codetables-nonbinary-linear-codes,41,2
codetables-gf8-55-5,codetables-nonbinary-linear-codes,43,2
codetables-gf8-55-6,codetables-nonbinary-linear-codes,42,2
codetables-gf8-56-5,codetables-nonbinary-linear-codes,44,2
codetables-gf8-56-6,codetables-nonbinary-linear-codes,43,2
codetables-gf8-57-5,codetables-nonbinary-linear-codes,45,2
codetables-gf8-57-6,codetables-nonbinary-linear-codes,44,2
codetables-gf8-58-5,codetables-nonbinary-linear-codes,46,2
codetables-gf8-60-6,codetables-nonbinary-linear-codes,46,2
codetables-gf8-61-5,codetables-nonbinary-linear-codes,48,2
codetables-gf8-61-6,codetables-nonbinary-linear-codes,47,2
codetables-gf8-62-5,codetables-nonbinary-linear-codes,49,2
codetables-gf8-62-6,codetables-nonbinary-linear-codes,48,2
codetables-gf8-63-5,codetables-nonbinary-linear-codes,50,2
codetables-gf8-63-6,codetables-nonbinary-linear-codes,49,2
codetables-gf8-64-5,codetables-nonbinary-linear-codes,51,2
codetables-gf8-64-6,codetables-nonbinary-linear-codes,50,2
codetables-gf8-65-5,codetables-nonbinary-linear-codes,52,2
codetables-gf8-65-6,codetables-nonbinary-linear-codes,51,2
codetables-gf8-66-5,codetables-nonbinary-linear-codes,53,2
codetables-gf8-66-6,codetables-nonbinary-linear-codes,52,2
codetables-gf8-67-5,codetables-nonbinary-linear-codes,54,2
codetables-gf8-69-6,codetables-nonbinary-linear-codes,54,2
codetables-gf8-70-5,codetables-nonbinary-linear-codes,56,2
codetables-gf8-70-6,codetables-nonbinary-linear-codes,55,2
codetables-gf8-71-5,codetables-nonbinary-linear-codes,57,2
codetables-gf8-71-6,codetables-nonbinary-linear-codes,56,2
codetables-gf8-72-5,codetables-nonbinary-linear-codes,58,2
codetables-gf8-72-6,codetables-nonbinary-linear-codes,57,2
codetables-gf8-73-5,codetables-nonbinary-linear-codes,59,2
codetables-gf8-73-6,codetables-nonbinary-linear-codes,58,2
codetables-gf8-74-5,codetables-nonbinary-linear-codes,60,2
codetables-gf8-77-5,codetables-nonbinary-linear-codes,62,2
codetables-gf8-78-5,codetables-nonbinary-linear-codes,63,2
codetables-gf8-79-5,codetables-nonbinary-linear-codes,64,2
codetables-gf8-80-5,codetables-nonbinary-linear-codes,65,2
codetables-gf8-81-5,codetables-nonbinary-linear-codes,66,2
codetables-gf8-86-5,codetables-nonbinary-linear-codes,70,2
codetables-gf8-87-5,codetables-nonbinary-linear-codes,71,2
codetables-gf8-88-5,codetables-nonbinary-linear-codes,72,2
codetables-gf8-89-5,codetables-nonbinary-linear-codes,73,2
codetables-gf8-90-5,codetables-nonbinary-linear-codes,74,2
codetables-gf8-94-5,codetables-nonbinary-linear-codes,77,2
codetables-gf8-95-5,codetables-nonbinary-linear-codes,78,2
codetables-gf9-103-4,codetables-nonbinary-linear-codes,88,2
codetables-gf9-110-4,codetables-nonbinary-linear-codes,94,2
codetables-gf9-111-4,codetables-nonbinary-linear-codes,95,2
codetables-gf9-112-4,codetables-nonbinary-linear-codes,96,2
codetables-gf9-113-4,codetables-nonbinary-linear-codes,97,2
codetables-gf9-119-4,codetables-nonbinary-linear-codes,102,2
codetables-gf9-120-4,codetables-nonbinary-linear-codes,103,2
codetables-gf9-121-4,codetables-nonbinary-linear-codes,104,2
codetables-gf9-122-4,codetables-nonbinary-linear-codes,105,2
codetables-gf9-123-4,codetables-nonbinary-linear-codes,106,2
codetables-gf9-126-4,codetables-nonbinary-linear-codes,108,2
codetables-gf9-126-5,codetables-nonbinary-linear-codes,106,2
codetables-gf9-127-4,codetables-nonbinary-linear-codes,109,2
codetables-gf9-127-5,codetables-nonbinary-linear-codes,107,2
codetables-gf9-128-4,codetables-nonbinary-linear-codes,110,2
codetables-gf9-129-4,codetables-nonbinary-linear-codes,111,2
codetables-gf9-130-4,codetables-nonbinary-linear-codes,112,2
codetables-gf9-29-5,codetables-nonbinary-linear-codes,21,2
codetables-gf9-29-6,codetables-nonbinary-linear-codes,20,2
codetables-gf9-30-5,codetables-nonbinary-linear-codes,22,2
codetables-gf9-30-6,codetables-nonbinary-linear-codes,21,2
codetables-gf9-31-5,codetables-nonbinary-linear-codes,23,2
codetables-gf9-32-5,codetables-nonbinary-linear-codes,24,2
codetables-gf9-33-5,codetables-nonbinary-linear-codes,25,2
codetables-gf9-35-5,codetables-nonbinary-linear-codes,26,2
codetables-gf9-35-6,codetables-nonbinary-linear-codes,25,2
codetables-gf9-36-5,codetables-nonbinary-linear-codes,27,2
codetables-gf9-36-6,codetables-nonbinary-linear-codes,26,2
codetables-gf9-37-5,codetables-nonbinary-linear-codes,28,2
codetables-gf9-37-6,codetables-nonbinary-linear-codes,27,2
codetables-gf9-38-5,codetables-nonbinary-linear-codes,29,2
codetables-gf9-39-5,codetables-nonbinary-linear-codes,30,2
codetables-gf9-41-6,codetables-nonbinary-linear-codes,30,2
codetables-gf9-42-5,codetables-nonbinary-linear-codes,32,2
codetables-gf9-42-6,codetables-nonbinary-linear-codes,31,2
codetables-gf9-43-5,codetables-nonbinary-linear-codes,33,2
codetables-gf9-43-6,codetables-nonbinary-linear-codes,32,2
codetables-gf9-44-5,codetables-nonbinary-linear-codes,34,2
codetables-gf9-46-6,codetables-nonbinary-linear-codes,34,2
codetables-gf9-47-6,codetables-nonbinary-linear-codes,35,2
codetables-gf9-48-6,codetables-nonbinary-linear-codes,36,2
codetables-gf9-49-4,codetables-nonbinary-linear-codes,40,2
codetables-gf9-49-5,codetables-nonbinary-linear-codes,38,2
codetables-gf9-49-6,codetables-nonbinary-linear-codes,37,2
codetables-gf9-50-5,codetables-nonbinary-linear-codes,39,2
codetables-gf9-51-5,codetables-nonbinary-linear-codes,40,2
codetables-gf9-52-5,codetables-nonbinary-linear-codes,41,2
codetables-gf9-53-5,codetables-nonbinary-linear-codes,42,2
codetables-gf9-54-5,codetables-nonbinary-linear-codes,43,2
codetables-gf9-56-6,codetables-nonbinary-linear-codes,43,2
codetables-gf9-57-5,codetables-nonbinary-linear-codes,45,2
codetables-gf9-58-5,codetables-nonbinary-linear-codes,46,2
codetables-gf9-59-4,codetables-nonbinary-linear-codes,49,2
codetables-gf9-59-5,codetables-nonbinary-linear-codes,47,2
codetables-gf9-60-4,codetables-nonbinary-linear-codes,50,2
codetables-gf9-60-5,codetables-nonbinary-linear-codes,48,2
codetables-gf9-61-4,codetables-nonbinary-linear-codes,51,2
codetables-gf9-61-5,codetables-nonbinary-linear-codes,49,2
codetables-gf9-62-4,codetables-nonbinary-linear-codes,52,2
codetables-gf9-62-5,codetables-nonbinary-linear-codes,50,2
codetables-gf9-63-5,codetables-nonbinary-linear-codes,51,2
codetables-gf9-65-5,codetables-nonbinary-linear-codes,52,2
codetables-gf9-66-5,codetables-nonbinary-linear-codes,53,2
codetables-gf9-67-5,codetables-nonbinary-linear-codes,54,2
codetables-gf9-68-5,codetables-nonbinary-linear-codes,55,2
codetables-gf9-69-5,codetables-nonbinary-linear-codes,56,2
codetables-gf9-70-5,codetables-nonbinary-linear-codes,57,2
codetables-gf9-71-5,codetables-nonbinary-linear-codes,58,2
codetables-gf9-75-5,codetables-nonbinary-linear-codes,61,2
codetables-gf9-76-5,codetables-nonbinary-linear-codes,62,2
codetables-gf9-77-5,codetables-nonbinary-linear-codes,63,2
codetables-gf9-78-5,codetables-nonbinary-linear-codes,64,2
codetables-gf9-85-5,codetables-nonbinary-linear-codes,70,2
codetables-gf9-86-5,codetables-nonbinary-linear-codes,71,2
codetables-gf3-100-9,codetables-nonbinary-linear-codes,58,3
codetables-gf3-101-8,codetables-nonbinary-linear-codes,60,3
codetables-gf3-101-9,codetables-nonbinary-linear-codes,59,3
codetables-gf3-102-9,codetables-nonbinary-linear-codes,60,3
codetables-gf3-103-9,codetables-nonbinary-linear-codes,60,3
codetables-gf3-105-8,codetables-nonbinary-linear-codes,63,3
codetables-gf3-106-8,codetables-nonbinary-linear-codes,63,3
codetables-gf3-107-8,codetables-nonbinary-linear-codes,64,3
codetables-gf3-107-9,codetables-nonbinary-linear-codes,63,3
codetables-gf3-108-8,codetables-nonbinary-linear-codes,65,3
codetables-gf3-110-8,codetables-nonbinary-linear-codes,66,3
codetables-gf3-112-8,codetables-nonbinary-linear-codes,67,3
codetables-gf3-112-9,codetables-nonbinary-linear-codes,66,3
codetables-gf3-113-8,codetables-nonbinary-linear-codes,68,3
codetables-gf3-114-8,codetables-nonbinary-linear-codes,69,3
codetables-gf3-115-8,codetables-nonbinary-linear-codes,69,3
codetables-gf3-116-8,codetables-nonbinary-linear-codes,70,3
codetables-gf3-117-8,codetables-nonbinary-linear-codes,71,3
codetables-gf3-117-9,codetables-nonbinary-linear-codes,69,3
codetables-gf3-118-10,codetables-nonbinary-linear-codes,69,3
codetables-gf3-118-9,codetables-nonbinary-linear-codes,70,3
codetables-gf3-119-10,codetables-nonbinary-linear-codes,70,3
codetables-gf3-119-8,codetables-nonbinary-linear-codes,72,3
codetables-gf3-119-9,codetables-nonbinary-linear-codes,71,3
codetables-gf3-120-10,codetables-nonbinary-linear-codes,71,3
codetables-gf3-121-8,codetables-nonbinary-linear-codes,73,3
codetables-gf3-121-9,codetables-nonbinary-linear-codes,72,3
codetables-gf3-122-10,codetables-nonbinary-linear-codes,72,3
codetables-gf3-122-8,codetables-nonbinary-linear-codes,74,3
codetables-gf3-123-8,codetables-nonbinary-linear-codes,75,3
codetables-gf3-124-8,codetables-nonbinary-linear-codes,75,3
codetables-gf3-127-8,codetables-nonbinary-linear-codes,77,3
codetables-gf3-128-8,codetables-nonbinary-linear-codes,78,3
codetables-gf3-129-8,codetables-nonbinary-linear-codes,78,3
codetables-gf3-130-7,codetables-nonbinary-linear-codes,81,3
codetables-gf3-130-8,codetables-nonbinary-linear-codes,79,3
codetables-gf3-130-9,codetables-nonbinary-linear-codes,78,3
codetables-gf3-131-8,codetables-nonbinary-linear-codes,80,3
codetables-gf3-132-8,codetables-nonbinary-linear-codes,81,3
codetables-gf3-133-8,codetables-nonbinary-linear-codes,81,3
codetables-gf3-133-9,codetables-nonbinary-linear-codes,80,3
codetables-gf3-134-8,codetables-nonbinary-linear-codes,82,3
codetables-gf3-134-9,codetables-nonbinary-linear-codes,81,3
codetables-gf3-135-8,codetables-nonbinary-linear-codes,83,3
codetables-gf3-135-9,codetables-nonbinary-linear-codes,81,3
codetables-gf3-137-8,codetables-nonbinary-linear-codes,84,3
codetables-gf3-138-8,codetables-nonbinary-linear-codes,85,3
codetables-gf3-141-8,codetables-nonbinary-linear-codes,87,3
codetables-gf3-146-8,codetables-nonbinary-linear-codes,90,3
codetables-gf3-147-8,codetables-nonbinary-linear-codes,90,3
codetables-gf3-148-8,codetables-nonbinary-linear-codes,91,3
codetables-gf3-149-8,codetables-nonbinary-linear-codes,92,3
codetables-gf3-150-8,codetables-nonbinary-linear-codes,93,3
codetables-gf3-151-8,codetables-nonbinary-linear-codes,93,3
codetables-gf3-152-8,codetables-nonbinary-linear-codes,94,3
codetables-gf3-153-8,codetables-nonbinary-linear-codes,95,3
codetables-gf3-155-8,codetables-nonbinary-linear-codes,96,3
codetables-gf3-157-7,codetables-nonbinary-linear-codes,99,3
codetables-gf3-160-8,codetables-nonbinary-linear-codes,99,3
codetables-gf3-161-7,codetables-nonbinary-linear-codes,102,3
codetables-gf3-162-9,codetables-nonbinary-linear-codes,99,3
codetables-gf3-163-8,codetables-nonbinary-linear-codes,101,3
codetables-gf3-164-8,codetables-nonbinary-linear-codes,102,3
codetables-gf3-166-8,codetables-nonbinary-linear-codes,103,3
codetables-gf3-167-8,codetables-nonbinary-linear-codes,104,3
codetables-gf3-168-8,codetables-nonbinary-linear-codes,105,3
codetables-gf3-169-8,codetables-nonbinary-linear-codes,105,3
codetables-gf3-170-8,codetables-nonbinary-linear-codes,106,3
codetables-gf3-171-7,codetables-nonbinary-linear-codes,108,3
codetables-gf3-171-8,codetables-nonbinary-linear-codes,107,3
codetables-gf3-173-8,codetables-nonbinary-linear-codes,108,3
codetables-gf3-175-7,codetables-nonbinary-linear-codes,111,3
codetables-gf3-176-9,codetables-nonbinary-linear-codes,108,3
codetables-gf3-178-8,codetables-nonbinary-linear-codes,111,3
codetables-gf3-179-7,codetables-nonbinary-linear-codes,114,3
codetables-gf3-181-8,codetables-nonbinary-linear-codes,113,3
codetables-gf3-182-8,codetables-nonbinary-linear-codes,114,3
codetables-gf3-184-7,codetables-nonbinary-linear-codes,117,3
codetables-gf3-187-8,codetables-nonbinary-linear-codes,117,3
codetables-gf3-196-8,codetables-nonbinary-linear-codes,123,3
codetables-gf3-197-7,codetables-nonbinary-linear-codes,126,3
codetables-gf3-197-8,codetables-nonbinary-linear-codes,124,3
codetables-gf3-198-7,codetables-nonbinary-linear-codes,126,3
codetables-gf3-198-8,codetables-nonbinary-linear-codes,125,3
codetables-gf3-199-8,codetables-nonbinary-linear-codes,126,3
codetables-gf3-200-8,codetables-nonbinary-linear-codes,126,3
codetables-gf3-202-7,codetables-nonbinary-linear-codes,129,3
codetables-gf3-206-7,codetables-nonbinary-linear-codes,132,3
codetables-gf3-210-8,codetables-nonbinary-linear-codes,132,3
codetables-gf3-211-7,codetables-nonbinary-linear-codes,135,3
codetables-gf3-211-8,codetables-nonbinary-linear-codes,133,3
codetables-gf3-212-8,codetables-nonbinary-linear-codes,134,3
codetables-gf3-213-8,codetables-nonbinary-linear-codes,135,3
codetables-gf3-214-8,codetables-nonbinary-linear-codes,135,3
codetables-gf3-215-7,codetables-nonbinary-linear-codes,138,3
codetables-gf3-218-8,codetables-nonbinary-linear-codes,138,3
codetables-gf3-219-7,codetables-nonbinary-linear-codes,141,3
codetables-gf3-221-8,codetables-nonbinary-linear-codes,140,3
codetables-gf3-222-8,codetables-nonbinary-linear-codes,141,3
codetables-gf3-224-7,codetables-nonbinary-linear-codes,144,3
codetables-gf3-224-9,codetables-nonbinary-linear-codes,140,3
codetables-gf3-225-7,codetables-nonbinary-linear-codes,144,3
codetables-gf3-225-9,codetables-nonbinary-linear-codes,141,3
codetables-gf3-226-7,codetables-nonbinary-linear-codes,145,3
codetables-gf3-226-8,codetables-nonbinary-linear-codes,144,3
codetables-gf3-227-7,codetables-nonbinary-linear-codes,146,3
codetables-gf3-227-8,codetables-nonbinary-linear-codes,144,3
codetables-gf3-228-7,codetables-nonbinary-linear-codes,147,3
codetables-gf3-229-7,codetables-nonbinary-linear-codes,147,3
codetables-gf3-229-9,codetables-nonbinary-linear-codes,144,3
codetables-gf3-230-7,codetables-nonbinary-linear-codes,148,3
codetables-gf3-230-9,codetables-nonbinary-linear-codes,144,3
codetables-gf3-233-7,codetables-nonbinary-linear-codes,150,3
codetables-gf3-233-9,codetables-nonbinary-linear-codes,146,3
codetables-gf3-234-9,codetables-nonbinary-linear-codes,147,3
codetables-gf3-235-10,codetables-nonbinary-linear-codes,146,3
codetables-gf3-236-10,codetables-nonbinary-linear-codes,147,3
codetables-gf3-236-11,codetables-nonbinary-linear-codes,146,3
codetables-gf3-236-8,codetables-nonbinary-linear-codes,150,3
codetables-gf3-237-10,codetables-nonbinary-linear-codes,148,3
codetables-gf3-237-11,codetables-nonbinary-linear-codes,147,3
codetables-gf3-238-11,codetables-nonbinary-linear-codes,148,3
codetables-gf3-238-7,codetables-nonbinary-linear-codes,153,3
codetables-gf3-238-9,codetables-nonbinary-linear-codes,150,3
codetables-gf3-240-7,codetables-nonbinary-linear-codes,154,3
codetables-gf3-240-8,codetables-nonbinary-linear-codes,153,3
codetables-gf3-241-7,codetables-nonbinary-linear-codes,155,3
codetables-gf3-241-8,codetables-nonbinary-linear-codes,154,3
codetables-gf3-242-7,codetables-nonbinary-linear-codes,156,3
codetables-gf3-242-8,codetables-nonbinary-linear-codes,155,3
codetables-gf3-242-9,codetables-nonbinary-linear-codes,153,3
codetables-gf3-243-7,codetables-nonbinary-linear-codes,156,3
codetables-gf3-41-11,codetables-nonbinary-linear-codes,18,3
codetables-gf3-42-12,codetables-nonbinary-linear-codes,18,3
codetables-gf3-43-12,codetables-nonbinary-linear-codes,18,3
codetables-gf3-44-10,codetables-nonbinary-linear-codes,21,3
codetables-gf3-44-12,codetables-nonbinary-linear-codes,19,3
codetables-gf3-45-11,codetables-nonbinary-linear-codes,21,3
codetables-gf3-45-12,codetables-nonbinary-linear-codes,20,3
codetables-gf3-46-11,codetables-nonbinary-linear-codes,21,3
codetables-gf3-46-12,codetables-nonbinary-linear-codes,21,3
codetables-gf3-47-12,codetables-nonbinary-linear-codes,21,3
codetables-gf3-48-12,codetables-nonbinary-linear-codes,21,3
codetables-gf3-49-10,codetables-nonbinary-linear-codes,24,3
codetables-gf3-49-12,codetables-nonbinary-linear-codes,22,3
codetables-gf3-50-11,codetables-nonbinary-linear-codes,24,3
codetables-gf3-50-12,codetables-nonbinary-linear-codes,23,3
codetables-gf3-51-11,codetables-nonbinary-linear-codes,24,3
codetables-gf3-51-12,codetables-nonbinary-linear-codes,24,3
codetables-gf3-52-11,codetables-nonbinary-linear-codes,25,3
codetables-gf3-52-12,codetables-nonbinary-linear-codes,24,3
codetables-gf3-52-9,codetables-nonbinary-linear-codes,27,3
codetables-gf3-53-10,codetables-nonbinary-linear-codes,27,3
codetables-gf3-54-10,codetables-nonbinary-linear-codes,27,3
codetables-gf3-54-12,codetables-nonbinary-linear-codes,25,3
codetables-gf3-55-10,codetables-nonbinary-linear-codes,28,3
codetables-gf3-55-11,codetables-nonbinary-linear-codes,27,3
codetables-gf3-55-12,codetables-nonbinary-linear-codes,26,3
codetables-gf3-56-11,codetables-nonbinary-linear-codes,27,3
codetables-gf3-56-12,codetables-nonbinary-linear-codes,27,3
codetables-gf3-57-11,codetables-nonbinary-linear-codes,28,3
codetables-gf3-57-12,codetables-nonbinary-linear-codes,27,3
codetables-gf3-57-9,codetables-nonbinary-linear-codes,30,3
codetables-gf3-58-10,codetables-nonbinary-linear-codes,30,3
codetables-gf3-58-11,codetables-nonbinary-linear-codes,29,3
codetables-gf3-59-10,codetables-nonbinary-linear-codes,30,3
codetables-gf3-59-11,codetables-nonbinary-linear-codes,30,3
codetables-gf3-60-10,codetables-nonbinary-linear-codes,31,3
codetables-gf3-60-11,codetables-nonbinary-linear-codes,30,3
codetables-gf3-60-8,codetables-nonbinary-linear-codes,33,3
codetables-gf3-61-10,codetables-nonbinary-linear-codes,32,3
codetables-gf3-61-11,codetables-nonbinary-linear-codes,31,3
codetables-gf3-61-9,codetables-nonbinary-linear-codes,33,3
codetables-gf3-63-10,codetables-nonbinary-linear-codes,33,3
codetables-gf3-63-11,codetables-nonbinary-linear-codes,32,3
codetables-gf3-64-11,codetables-nonbinary-linear-codes,33,3
codetables-gf3-65-11,codetables-nonbinary-linear-codes,33,3
codetables-gf3-66-12,codetables-nonbinary-linear-codes,33,3
codetables-gf3-66-9,codetables-nonbinary-linear-codes,36,3
codetables-gf3-67-10,codetables-nonbinary-linear-codes,36,3
codetables-gf3-68-10,codetables-nonbinary-linear-codes,36,3
codetables-gf3-68-11,codetables-nonbinary-linear-codes,35,3
codetables-gf3-69-11,codetables-nonbinary-linear-codes,36,3
codetables-gf3-69-8,codetables-nonbinary-linear-codes,39,3
codetables-gf3-70-9,codetables-nonbinary-linear-codes,39,3
codetables-gf3-71-9,codetables-nonbinary-linear-codes,39,3
codetables-gf3-72-10,codetables-nonbinary-linear-codes,39,3
codetables-gf3-72-9,codetables-nonbinary-linear-codes,40,3
codetables-gf3-73-9,codetables-nonbinary-linear-codes,41,3
codetables-gf3-74-11,codetables-nonbinary-linear-codes,39,3
codetables-gf3-75-10,codetables-nonbinary-linear-codes,41,3
codetables-gf3-75-11,codetables-nonbinary-linear-codes,40,3
codetables-gf3-75-12,codetables-nonbinary-linear-codes,39,3
codetables-gf3-75-9,codetables-nonbinary-linear-codes,42,3
codetables-gf3-76-10,codetables-nonbinary-linear-codes,42,3
codetables-gf3-76-11,codetables-nonbinary-linear-codes,41,3
codetables-gf3-76-12,codetables-nonbinary-linear-codes,40,3
codetables-gf3-77-10,codetables-nonbinary-linear-codes,42,3
codetables-gf3-77-12,codetables-nonbinary-linear-codes,41,3
codetables-gf3-78-10,codetables-nonbinary-linear-codes,43,3
codetables-gf3-78-11,codetables-nonbinary-linear-codes,42,3
codetables-gf3-79-10,codetables-nonbinary-linear-codes,44,3
codetables-gf3-79-11,codetables-nonbinary-linear-codes,43,3
codetables-gf3-79-12,codetables-nonbinary-linear-codes,42,3
codetables-gf3-80-10,codetables-nonbinary-linear-codes,45,3
codetables-gf3-80-12,codetables-nonbinary-linear-codes,42,3
codetables-gf3-81-10,codetables-nonbinary-linear-codes,45,3
codetables-gf3-82-10,codetables-nonbinary-linear-codes,46,3
codetables-gf3-82-11,codetables-nonbinary-linear-codes,45,3
codetables-gf3-83-10,codetables-nonbinary-linear-codes,47,3
codetables-gf3-84-12,codetables-nonbinary-linear-codes,45,3
codetables-gf3-85-10,codetables-nonbinary-linear-codes,48,3
codetables-gf3-86-10,codetables-nonbinary-linear-codes,49,3
codetables-gf3-89-10,codetables-nonbinary-linear-codes,51,3
codetables-gf3-90-10,codetables-nonbinary-linear-codes,51,3
codetables-gf3-91-11,codetables-nonbinary-linear-codes,51,3
codetables-gf3-92-8,codetables-nonbinary-linear-codes,54,3
codetables-gf3-93-10,codetables-nonbinary-linear-codes,53,3
codetables-gf3-93-8,codetables-nonbinary-linear-codes,55,3
codetables-gf3-93-9,codetables-nonbinary-linear-codes,54,3
codetables-gf3-94-10,codetables-nonbinary-linear-codes,54,3
codetables-gf3-94-11,codetables-nonbinary-linear-codes,53,3
codetables-gf3-94-9,codetables-nonbinary-linear-codes,54,3
codetables-gf3-95-10,codetables-nonbinary-linear-codes,54,3
codetables-gf3-95-9,codetables-nonbinary-linear-codes,55,3
codetables-gf3-96-11,codetables-nonbinary-linear-codes,54,3
codetables-gf3-96-8,codetables-nonbinary-linear-codes,57,3
codetables-gf3-96-9,codetables-nonbinary-linear-codes,56,3
codetables-gf3-97-8,codetables-nonbinary-linear-codes,57,3
codetables-gf3-98-8,codetables-nonbinary-linear-codes,58,3
codetables-gf3-98-9,codetables-nonbinary-linear-codes,57,3
codetables-gf3-99-8,codetables-nonbinary-linear-codes,59,3
codetables-gf4-100-7,codetables-nonbinary-linear-codes,68,3
codetables-gf4-101-7,codetables-nonbinary-linear-codes,68,3
codetables-gf4-102-7,codetables-nonbinary-linear-codes,69,3
codetables-gf4-102-8,codetables-nonbinary-linear-codes,68,3
codetables-gf4-103-7,codetables-nonbinary-linear-codes,70,3
codetables-gf4-104-7,codetables-nonbinary-linear-codes,71,3
codetables-gf4-106-7,codetables-nonbinary-linear-codes,72,3
codetables-gf4-107-7,codetables-nonbinary-linear-codes,73,3
codetables-gf4-111-7,codetables-nonbinary-linear-codes,76,3
codetables-gf4-113-7,codetables-nonbinary-linear-codes,77,3
codetables-gf4-114-7,codetables-nonbinary-linear-codes,78,3
codetables-gf4-115-7,codetables-nonbinary-linear-codes,79,3
codetables-gf4-116-7,codetables-nonbinary-linear-codes,80,3
codetables-gf4-117-7,codetables-nonbinary-linear-codes,80,3
codetables-gf4-118-7,codetables-nonbinary-linear-codes,81,3
codetables-gf4-119-7,codetables-nonbinary-linear-codes,82,3
codetables-gf4-122-7,codetables-nonbinary-linear-codes,84,3
codetables-gf4-123-7,codetables-nonbinary-linear-codes,85,3
codetables-gf4-125-8,codetables-nonbinary-linear-codes,85,3
codetables-gf4-126-8,codetables-nonbinary-linear-codes,86,3
codetables-gf4-127-7,codetables-nonbinary-linear-codes,88,3
codetables-gf4-127-8,codetables-nonbinary-linear-codes,87,3
codetables-gf4-128-7,codetables-nonbinary-linear-codes,88,3
codetables-gf4-128-8,codetables-nonbinary-linear-codes,88,3
codetables-gf4-129-7,codetables-nonbinary-linear-codes,89,3
codetables-gf4-129-8,codetables-nonbinary-linear-codes,88,3
codetables-gf4-130-7,codetables-nonbinary-linear-codes,90,3
codetables-gf4-131-7,codetables-nonbinary-linear-codes,91,3
codetables-gf4-133-7,codetables-nonbinary-linear-codes,92,3
codetables-gf4-133-8,codetables-nonbinary-linear-codes,91,3
codetables-gf4-134-7,codetables-nonbinary-linear-codes,93,3
codetables-gf4-134-8,codetables-nonbinary-linear-codes,92,3
codetables-gf4-135-7,codetables-nonbinary-linear-codes,94,3
codetables-gf4-136-7,codetables-nonbinary-linear-codes,94,3
codetables-gf4-136-8,codetables-nonbinary-linear-codes,93,3
codetables-gf4-137-7,codetables-nonbinary-linear-codes,95,3
codetables-gf4-137-8,codetables-nonbinary-linear-codes,94,3
codetables-gf4-138-7,codetables-nonbinary-linear-codes,96,3
codetables-gf4-140-7,codetables-nonbinary-linear-codes,97,3
codetables-gf4-140-8,codetables-nonbinary-linear-codes,96,3
codetables-gf4-141-7,codetables-nonbinary-linear-codes,98,3
codetables-gf4-142-7,codetables-nonbinary-linear-codes,99,3
codetables-gf4-143-7,codetables-nonbinary-linear-codes,100,3
codetables-gf4-144-7,codetables-nonbinary-linear-codes,100,3
codetables-gf4-144-8,codetables-nonbinary-linear-codes,99,3
codetables-gf4-145-8,codetables-nonbinary-linear-codes,100,3
codetables-gf4-149-7,codetables-nonbinary-linear-codes,104,3
codetables-gf4-151-6,codetables-nonbinary-linear-codes,108,3
codetables-gf4-152-6,codetables-nonbinary-linear-codes,109,3
codetables-gf4-154-7,codetables-nonbinary-linear-codes,108,3
codetables-gf4-156-7,codetables-nonbinary-linear-codes,109,3
codetables-gf4-157-7,codetables-nonbinary-linear-codes,110,3
codetables-gf4-158-7,codetables-nonbinary-linear-codes,111,3
codetables-gf4-159-7,codetables-nonbinary-linear-codes,112,3
codetables-gf4-160-7,codetables-nonbinary-linear-codes,112,3
codetables-gf4-164-7,codetables-nonbinary-linear-codes,115,3
codetables-gf4-165-7,codetables-nonbinary-linear-codes,116,3
codetables-gf4-167-6,codetables-nonbinary-linear-codes,120,3
codetables-gf4-168-6,codetables-nonbinary-linear-codes,121,3
codetables-gf4-168-7,codetables-nonbinary-linear-codes,118,3
codetables-gf4-169-7,codetables-nonbinary-linear-codes,119,3
codetables-gf4-170-7,codetables-nonbinary-linear-codes,120,3
codetables-gf4-173-6,codetables-nonbinary-linear-codes,124,3
codetables-gf4-174-6,codetables-nonbinary-linear-codes,125,3
codetables-gf4-176-7,codetables-nonbinary-linear-codes,124,3
codetables-gf4-180-7,codetables-nonbinary-linear-codes,127,3
codetables-gf4-181-7,codetables-nonbinary-linear-codes,128,3
codetables-gf4-184-7,codetables-nonbinary-linear-codes,130,3
codetables-gf4-185-7,codetables-nonbinary-linear-codes,131,3
codetables-gf4-186-7,codetables-nonbinary-linear-codes,132,3
codetables-gf4-189-6,codetables-nonbinary-linear-codes,136,3
codetables-gf4-190-6,codetables-nonbinary-linear-codes,137,3
codetables-gf4-194-6,codetables-nonbinary-linear-codes,140,3
codetables-gf4-195-6,codetables-nonbinary-linear-codes,141,3
codetables-gf4-197-7,codetables-nonbinary-linear-codes,140,3
codetables-gf4-210-6,codetables-nonbinary-linear-codes,152,3
codetables-gf4-211-6,codetables-nonbinary-linear-codes,153,3
codetables-gf4-215-6,codetables-nonbinary-linear-codes,156,3
codetables-gf4-216-6,codetables-nonbinary-linear-codes,157,3
codetables-gf4-221-6,codetables-nonbinary-linear-codes,160,3
codetables-gf4-222-6,codetables-nonbinary-linear-codes,161,3
codetables-gf4-226-6,codetables-nonbinary-linear-codes,164,3
codetables-gf4-227-6,codetables-nonbinary-linear-codes,165,3
codetables-gf4-231-6,codetables-nonbinary-linear-codes,168,3
codetables-gf4-232-6,codetables-nonbinary-linear-codes,169,3
codetables-gf4-236-6,codetables-nonbinary-linear-codes,172,3
codetables-gf4-237-6,codetables-nonbinary-linear-codes,173,3
codetables-gf4-240-7,codetables-nonbinary-linear-codes,173,3
codetables-gf4-243-7,codetables-nonbinary-linear-codes,175,3
codetables-gf4-244-7,codetables-nonbinary-linear-codes,176,3
codetables-gf4-245-7,codetables-nonbinary-linear-codes,177,3
codetables-gf4-38-8,codetables-nonbinary-linear-codes,21,3
codetables-gf4-38-9,codetables-nonbinary-linear-codes,20,3
codetables-gf4-44-9,codetables-nonbinary-linear-codes,24,3
codetables-gf4-45-9,codetables-nonbinary-linear-codes,25,3
codetables-gf4-46-8,codetables-nonbinary-linear-codes,27,3
codetables-gf4-53-8,codetables-nonbinary-linear-codes,32,3
codetables-gf4-55-9,codetables-nonbinary-linear-codes,32,3
codetables-gf4-56-9,codetables-nonbinary-linear-codes,33,3
codetables-gf4-58-9,codetables-nonbinary-linear-codes,34,3
codetables-gf4-59-9,codetables-nonbinary-linear-codes,35,3
codetables-gf4-60-9,codetables-nonbinary-linear-codes,36,3
codetables-gf4-62-9,codetables-nonbinary-linear-codes,37,3
codetables-gf4-63-9,codetables-nonbinary-linear-codes,38,3
codetables-gf4-64-9,codetables-nonbinary-linear-codes,39,3
codetables-gf4-66-9,codetables-nonbinary-linear-codes,40,3
codetables-gf4-67-9,codetables-nonbinary-linear-codes,41,3
codetables-gf4-68-9,codetables-nonbinary-linear-codes,42,3
codetables-gf4-69-9,codetables-nonbinary-linear-codes,43,3
codetables-gf4-71-9,codetables-nonbinary-linear-codes,44,3
codetables-gf4-74-8,codetables-nonbinary-linear-codes,48,3
codetables-gf4-74-9,codetables-nonbinary-linear-codes,46,3
codetables-gf4-75-8,codetables-nonbinary-linear-codes,48,3
codetables-gf4-75-9,codetables-nonbinary-linear-codes,47,3
codetables-gf4-76-8,codetables-nonbinary-linear-codes,49,3
codetables-gf4-76-9,codetables-nonbinary-linear-codes,48,3
codetables-gf4-78-8,codetables-nonbinary-linear-codes,50,3
codetables-gf4-79-8,codetables-nonbinary-linear-codes,51,3
codetables-gf4-80-8,codetables-nonbinary-linear-codes,52,3
codetables-gf4-82-8,codetables-nonbinary-linear-codes,53,3
codetables-gf4-83-8,codetables-nonbinary-linear-codes,54,3
codetables-gf4-84-7,codetables-nonbinary-linear-codes,56,3
codetables-gf4-84-8,codetables-nonbinary-linear-codes,55,3
codetables-gf4-85-7,codetables-nonbinary-linear-codes,57,3
codetables-gf4-85-8,codetables-nonbinary-linear-codes,56,3
codetables-gf4-86-8,codetables-nonbinary-linear-codes,56,3
codetables-gf4-90-7,codetables-nonbinary-linear-codes,60,3
codetables-gf4-90-8,codetables-nonbinary-linear-codes,59,3
codetables-gf4-91-7,codetables-nonbinary-linear-codes,61,3
codetables-gf4-91-8,codetables-nonbinary-linear-codes,60,3
codetables-gf4-95-7,codetables-nonbinary-linear-codes,64,3
codetables-gf4-97-7,codetables-nonbinary-linear-codes,65,3
codetables-gf4-98-7,codetables-nonbinary-linear-codes,66,3
codetables-gf4-99-7,codetables-nonbinary-linear-codes,67,3
codetables-gf5-101-8,codetables-nonbinary-linear-codes,72,3
codetables-gf5-102-8,codetables-nonbinary-linear-codes,73,3
codetables-gf5-103-7,codetables-nonbinary-linear-codes,75,3
codetables-gf5-103-8,codetables-nonbinary-linear-codes,74,3
codetables-gf5-104-7,codetables-nonbinary-linear-codes,76,3
codetables-gf5-104-8,codetables-nonbinary-linear-codes,75,3
codetables-gf5-107-7,codetables-nonbinary-linear-codes,78,3
codetables-gf5-108-6,codetables-nonbinary-linear-codes,80,3
codetables-gf5-108-7,codetables-nonbinary-linear-codes,79,3
codetables-gf5-110-7,codetables-nonbinary-linear-codes,80,3
codetables-gf5-110-8,codetables-nonbinary-linear-codes,79,3
codetables-gf5-111-6,codetables-nonbinary-linear-codes,82,3
codetables-gf5-111-7,codetables-nonbinary-linear-codes,81,3
codetables-gf5-111-8,codetables-nonbinary-linear-codes,80,3
codetables-gf5-112-6,codetables-nonbinary-linear-codes,83,3
codetables-gf5-112-7,codetables-nonbinary-linear-codes,82,3
codetables-gf5-112-8,codetables-nonbinary-linear-codes,81,3
codetables-gf5-113-6,codetables-nonbinary-linear-codes,84,3
codetables-gf5-113-7,codetables-nonbinary-linear-codes,83,3
codetables-gf5-113-8,codetables-nonbinary-linear-codes,82,3
codetables-gf5-114-8,codetables-nonbinary-linear-codes,83,3
codetables-gf5-30-8,codetables-nonbinary-linear-codes,16,3
codetables-gf5-31-8,codetables-nonbinary-linear-codes,17,3
codetables-gf5-33-8,codetables-nonbinary-linear-codes,18,3
codetables-gf5-34-8,codetables-nonbinary-linear-codes,19,3
codetables-gf5-35-8,codetables-nonbinary-linear-codes,20,3
codetables-gf5-36-8,codetables-nonbinary-linear-codes,21,3
codetables-gf5-38-8,codetables-nonbinary-linear-codes,22,3
codetables-gf5-40-7,codetables-nonbinary-linear-codes,25,3
codetables-gf5-41-7,codetables-nonbinary-linear-codes,26,3
codetables-gf5-41-8,codetables-nonbinary-linear-codes,24,3
codetables-gf5-42-8,codetables-nonbinary-linear-codes,25,3
codetables-gf5-43-8,codetables-nonbinary-linear-codes,26,3
codetables-gf5-44-8,codetables-nonbinary-linear-codes,27,3
codetables-gf5-45-8,codetables-nonbinary-linear-codes,27,3
codetables-gf5-46-8,codetables-nonbinary-linear-codes,28,3
codetables-gf5-47-7,codetables-nonbinary-linear-codes,30,3
codetables-gf5-47-8,codetables-nonbinary-linear-codes,29,3
codetables-gf5-48-7,codetables-nonbinary-linear-codes,31,3
codetables-gf5-48-8,codetables-nonbinary-linear-codes,30,3
codetables-gf5-49-7,codetables-nonbinary-linear-codes,32,3
codetables-gf5-49-8,codetables-nonbinary-linear-codes,31,3
codetables-gf5-51-7,codetables-nonbinary-linear-codes,33,3
codetables-gf5-51-8,codetables-nonbinary-linear-codes,32,3
codetables-gf5-52-7,codetables-nonbinary-linear-codes,34,3
codetables-gf5-52-8,codetables-nonbinary-linear-codes,33,3
codetables-gf5-53-7,codetables-nonbinary-linear-codes,35,3
codetables-gf5-54-7,codetables-nonbinary-linear-codes,36,3
codetables-gf5-55-7,codetables-nonbinary-linear-codes,36,3
codetables-gf5-56-7,codetables-nonbinary-linear-codes,37,3
codetables-gf5-56-8,codetables-nonbinary-linear-codes,36,3
codetables-gf5-57-7,codetables-nonbinary-linear-codes,38,3
codetables-gf5-58-7,codetables-nonbinary-linear-codes,39,3
codetables-gf5-59-7,codetables-nonbinary-linear-codes,40,3
codetables-gf5-61-7,codetables-nonbinary-linear-codes,41,3
codetables-gf5-62-7,codetables-nonbinary-linear-codes,42,3
codetables-gf5-63-7,codetables-nonbinary-linear-codes,43,3
codetables-gf5-64-6,codetables-nonbinary-linear-codes,45,3
codetables-gf5-64-7,codetables-nonbinary-linear-codes,44,3
codetables-gf5-65-7,codetables-nonbinary-linear-codes,45,3
codetables-gf5-66-7,codetables-nonbinary-linear-codes,45,3
codetables-gf5-66-8,codetables-nonbinary-linear-codes,44,3
codetables-gf5-67-7,codetables-nonbinary-linear-codes,46,3
codetables-gf5-67-8,codetables-nonbinary-linear-codes,45,3
codetables-gf5-68-7,codetables-nonbinary-linear-codes,47,3
codetables-gf5-68-8,codetables-nonbinary-linear-codes,46,3
codetables-gf5-69-8,codetables-nonbinary-linear-codes,47,3
codetables-gf5-72-6,codetables-nonbinary-linear-codes,51,3
codetables-gf5-72-7,codetables-nonbinary-linear-codes,50,3
codetables-gf5-73-6,codetables-nonbinary-linear-codes,52,3
codetables-gf5-73-8,codetables-nonbinary-linear-codes,50,3
codetables-gf5-75-7,codetables-nonbinary-linear-codes,52,3
codetables-gf5-77-6,codetables-nonbinary-linear-codes,55,3
codetables-gf5-78-6,codetables-nonbinary-linear-codes,56,3
codetables-gf5-79-6,codetables-nonbinary-linear-codes,57,3
codetables-gf5-80-7,codetables-nonbinary-linear-codes,56,3
codetables-gf5-81-7,codetables-nonbinary-linear-codes,57,3
codetables-gf5-83-6,codetables-nonbinary-linear-codes,60,3
codetables-gf5-85-7,codetables-nonbinary-linear-codes,60,3
codetables-gf5-86-7,codetables-nonbinary-linear-codes,61,3
codetables-gf5-90-7,codetables-nonbinary-linear-codes,64,3
codetables-gf5-91-7,codetables-nonbinary-linear-codes,65,3
codetables-gf5-92-7,codetables-nonbinary-linear-codes,66,3
codetables-gf5-93-7,codetables-nonbinary-linear-codes,67,3
codetables-gf5-94-7,codetables-nonbinary-linear-codes,68,3
codetables-gf7-37-7,codetables-nonbinary-linear-codes,24,3
codetables-gf7-38-7,codetables-nonbinary-linear-codes,25,3
codetables-gf7-44-6,codetables-nonbinary-linear-codes,31,3
codetables-gf7-44-7,codetables-nonbinary-linear-codes,30,3
codetables-gf7-45-6,codetables-nonbinary-linear-codes,32,3
codetables-gf7-45-7,codetables-nonbinary-linear-codes,31,3
codetables-gf7-46-7,codetables-nonbinary-linear-codes,32,3
codetables-gf7-49-7,codetables-nonbinary-linear-codes,34,3
codetables-gf7-50-7,codetables-nonbinary-linear-codes,35,3
codetables-gf7-51-6,codetables-nonbinary-linear-codes,37,3
codetables-gf7-52-6,codetables-nonbinary-linear-codes,38,3
codetables-gf7-53-6,codetables-nonbinary-linear-codes,39,3
codetables-gf7-54-7,codetables-nonbinary-linear-codes,38,3
codetables-gf7-55-7,codetables-nonbinary-linear-codes,39,3
codetables-gf7-56-7,codetables-nonbinary-linear-codes,40,3
codetables-gf7-57-6,codetables-nonbinary-linear-codes,42,3
codetables-gf7-57-7,codetables-nonbinary-linear-codes,41,3
codetables-gf7-58-6,codetables-nonbinary-linear-codes,43,3
codetables-gf7-59-6,codetables-nonbinary-linear-codes,44,3
codetables-gf7-60-6,codetables-nonbinary-linear-codes,45,3
codetables-gf7-61-6,codetables-nonbinary-linear-codes,45,3
codetables-gf7-62-6,codetables-nonbinary-linear-codes,46,3
codetables-gf7-63-6,codetables-nonbinary-linear-codes,47,3
codetables-gf7-64-6,codetables-nonbinary-linear-codes,48,3
codetables-gf7-64-7,codetables-nonbinary-linear-codes,46,3
codetables-gf7-65-6,codetables-nonbinary-linear-codes,49,3
codetables-gf7-65-7,codetables-nonbinary-linear-codes,47,3
codetables-gf7-68-6,codetables-nonbinary-linear-codes,51,3
codetables-gf7-69-6,codetables-nonbinary-linear-codes,52,3
codetables-gf7-70-6,codetables-nonbinary-linear-codes,53,3
codetables-gf7-72-7,codetables-nonbinary-linear-codes,53,3
codetables-gf7-73-5,codetables-nonbinary-linear-codes,57,3
codetables-gf7-73-6,codetables-nonbinary-linear-codes,55,3
codetables-gf7-74-6,codetables-nonbinary-linear-codes,56,3
codetables-gf7-75-6,codetables-nonbinary-linear-codes,57,3
codetables-gf7-76-6,codetables-nonbinary-linear-codes,58,3
codetables-gf7-79-6,codetables-nonbinary-linear-codes,60,3
codetables-gf7-80-5,codetables-nonbinary-linear-codes,63,3
codetables-gf7-80-6,codetables-nonbinary-linear-codes,61,3
codetables-gf7-81-6,codetables-nonbinary-linear-codes,62,3
codetables-gf7-82-6,codetables-nonbinary-linear-codes,63,3
codetables-gf7-83-6,codetables-nonbinary-linear-codes,64,3
codetables-gf7-87-6,codetables-nonbinary-linear-codes,67,3
codetables-gf7-88-6,codetables-nonbinary-linear-codes,68,3
codetables-gf7-89-6,codetables-nonbinary-linear-codes,69,3
codetables-gf7-92-5,codetables-nonbinary-linear-codes,73,3
codetables-gf7-93-5,codetables-nonbinary-linear-codes,74,3
codetables-gf7-94-6,codetables-nonbinary-linear-codes,73,3
codetables-gf7-95-6,codetables-nonbinary-linear-codes,74,3
codetables-gf7-96-6,codetables-nonbinary-linear-codes,75,3
codetables-gf8-100-5,codetables-nonbinary-linear-codes,82,3
codetables-gf8-101-5,codetables-nonbinary-linear-codes,83,3
codetables-gf8-103-5,codetables-nonbinary-linear-codes,84,3
codetables-gf8-104-5,codetables-nonbinary-linear-codes,85,3
codetables-gf8-105-5,codetables-nonbinary-linear-codes,86,3
codetables-gf8-106-5,codetables-nonbinary-linear-codes,87,3
codetables-gf8-106-6,codetables-nonbinary-linear-codes,85,3
codetables-gf8-107-5,codetables-nonbinary-linear-codes,88,3
codetables-gf8-107-6,codetables-nonbinary-linear-codes,86,3
codetables-gf8-108-5,codetables-nonbinary-linear-codes,89,3
codetables-gf8-108-6,codetables-nonbinary-linear-codes,87,3
codetables-gf8-109-5,codetables-nonbinary-linear-codes,90,3
codetables-gf8-109-6,codetables-nonbinary-linear-codes,88,3
codetables-gf8-110-5,codetables-nonbinary-linear-codes,91,3
codetables-gf8-110-6,codetables-nonbinary-linear-codes,89,3
codetables-gf8-111-5,codetables-nonbinary-linear-codes,92,3
codetables-gf8-111-6,codetables-nonbinary-linear-codes,90,3
codetables-gf8-112-5,codetables-nonbinary-linear-codes,92,3
codetables-gf8-112-6,codetables-nonbinary-linear-codes,91,3
codetables-gf8-113-5,codetables-nonbinary-linear-codes,93,3
codetables-gf8-113-6,codetables-nonbinary-linear-codes,92,3
codetables-gf8-114-6,codetables-nonbinary-linear-codes,93,3
codetables-gf8-118-6,codetables-nonbinary-linear-codes,96,3
codetables-gf8-121-5,codetables-nonbinary-linear-codes,100,3
codetables-gf8-122-5,codetables-nonbinary-linear-codes,101,3
codetables-gf8-126-5,codetables-nonbinary-linear-codes,104,3
codetables-gf8-127-5,codetables-nonbinary-linear-codes,105,3
codetables-gf8-128-5,codetables-nonbinary-linear-codes,106,3
codetables-gf8-129-5,codetables-nonbinary-linear-codes,107,3
codetables-gf8-130-5,codetables-nonbinary-linear-codes,108,3
codetables-gf8-49-6,codetables-nonbinary-linear-codes,36,3
codetables-gf8-50-6,codetables-nonbinary-linear-codes,37,3
codetables-gf8-58-6,codetables-nonbinary-linear-codes,44,3
codetables-gf8-59-6,codetables-nonbinary-linear-codes,45,3
codetables-gf8-67-6,codetables-nonbinary-linear-codes,52,3
codetables-gf8-68-6,codetables-nonbinary-linear-codes,53,3
codetables-gf8-74-6,codetables-nonbinary-linear-codes,58,3
codetables-gf8-75-5,codetables-nonbinary-linear-codes,60,3
codetables-gf8-76-5,codetables-nonbinary-linear-codes,61,3
codetables-gf8-78-6,codetables-nonbinary-linear-codes,61,3
codetables-gf8-79-6,codetables-nonbinary-linear-codes,62,3
codetables-gf8-80-6,codetables-nonbinary-linear-codes,63,3
codetables-gf8-81-6,codetables-nonbinary-linear-codes,64,3
codetables-gf8-82-5,codetables-nonbinary-linear-codes,66,3
codetables-gf8-83-5,codetables-nonbinary-linear-codes,67,3
codetables-gf8-84-5,codetables-nonbinary-linear-codes,68,3
codetables-gf8-85-5,codetables-nonbinary-linear-codes,69,3
codetables-gf8-91-5,codetables-nonbinary-linear-codes,74,3
codetables-gf8-92-5,codetables-nonbinary-linear-codes,75,3
codetables-gf8-93-5,codetables-nonbinary-linear-codes,76,3
codetables-gf8-96-5,codetables-nonbinary-linear-codes,78,3
codetables-gf8-97-5,codetables-nonbinary-linear-codes,79,3
codetables-gf8-97-6,codetables-nonbinary-linear-codes,77,3
codetables-gf8-98-5,codetables-nonbinary-linear-codes,80,3
codetables-gf8-99-5,codetables-nonbinary-linear-codes,81,3
codetables-gf9-100-5,codetables-nonbinary-linear-codes,83,3
codetables-gf9-101-5,codetables-nonbinary-linear-codes,84,3
codetables-gf9-105-5,codetables-nonbinary-linear-codes,87,3
codetables-gf9-106-5,codetables-nonbinary-linear-codes,88,3
codetables-gf9-107-5,codetables-nonbinary-linear-codes,89,3
codetables-gf9-108-5,codetables-nonbinary-linear-codes,90,3
codetables-gf9-109-5,codetables-nonbinary-linear-codes,91,3
codetables-gf9-110-5,codetables-nonbinary-linear-codes,92,3
codetables-gf9-115-5,codetables-nonbinary-linear-codes,96,3
codetables-gf9-116-5,codetables-nonbinary-linear-codes,97,3
codetables-gf9-117-5,codetables-nonbinary-linear-codes,98,3
codetables-gf9-125-5,codetables-nonbinary-linear-codes,105,3
codetables-gf9-128-5,codetables-nonbinary-linear-codes,107,3
codetables-gf9-129-5,codetables-nonbinary-linear-codes,108,3
codetables-gf9-130-5,codetables-nonbinary-linear-codes,109,3
codetables-gf9-31-6,codetables-nonbinary-linear-codes,21,3
codetables-gf9-32-6,codetables-nonbinary-linear-codes,22,3
codetables-gf9-33-6,codetables-nonbinary-linear-codes,23,3
codetables-gf9-34-6,codetables-nonbinary-linear-codes,24,3
codetables-gf9-38-6,codetables-nonbinary-linear-codes,27,3
codetables-gf9-39-6,codetables-nonbinary-linear-codes,28,3
codetables-gf9-40-6,codetables-nonbinary-linear-codes,29,3
codetables-gf9-44-6,codetables-nonbinary-linear-codes,32,3
codetables-gf9-45-6,codetables-nonbinary-linear-codes,33,3
codetables-gf9-50-6,codetables-nonbinary-linear-codes,37,3
codetables-gf9-51-6,codetables-nonbinary-linear-codes,38,3
codetables-gf9-52-6,codetables-nonbinary-linear-codes,39,3
codetables-gf9-53-6,codetables-nonbinary-linear-codes,40,3
codetables-gf9-54-6,codetables-nonbinary-linear-codes,41,3
codetables-gf9-55-6,codetables-nonbinary-linear-codes,42,3
codetables-gf9-57-6,codetables-nonbinary-linear-codes,43,3
codetables-gf9-58-6,codetables-nonbinary-linear-codes,44,3
codetables-gf9-59-6,codetables-nonbinary-linear-codes,45,3
codetables-gf9-60-6,codetables-nonbinary-linear-codes,46,3
codetables-gf9-61-6,codetables-nonbinary-linear-codes,47,3
codetables-gf9-62-6,codetables-nonbinary-linear-codes,48,3
codetables-gf9-63-6,codetables-nonbinary-linear-codes,49,3
codetables-gf9-64-5,codetables-nonbinary-linear-codes,51,3
codetables-gf9-66-6,codetables-nonbinary-linear-codes,51,3
codetables-gf9-67-6,codetables-nonbinary-linear-codes,52,3
codetables-gf9-68-6,codetables-nonbinary-linear-codes,53,3
codetables-gf9-69-6,codetables-nonbinary-linear-codes,54,3
codetables-gf9-70-6,codetables-nonbinary-linear-codes,55,3
codetables-gf9-71-6,codetables-nonbinary-linear-codes,56,3
codetables-gf9-72-5,codetables-nonbinary-linear-codes,58,3
codetables-gf9-72-6,codetables-nonbinary-linear-codes,57,3
codetables-gf9-73-5,codetables-nonbinary-linear-codes,59,3
codetables-gf9-74-5,codetables-nonbinary-linear-codes,60,3
codetables-gf9-75-6,codetables-nonbinary-linear-codes,59,3
codetables-gf9-76-6,codetables-nonbinary-linear-codes,60,3
codetables-gf9-77-6,codetables-nonbinary-linear-codes,61,3
codetables-gf9-78-6,codetables-nonbinary-linear-codes,62,3
codetables-gf9-79-5,codetables-nonbinary-linear-codes,64,3
codetables-gf9-79-6,codetables-nonbinary-linear-codes,63,3
codetables-gf9-80-5,codetables-nonbinary-linear-codes,65,3
codetables-gf9-80-6,codetables-nonbinary-linear-codes,64,3
codetables-gf9-81-5,codetables-nonbinary-linear-codes,66,3
codetables-gf9-81-6,codetables-nonbinary-linear-codes,65,3
codetables-gf9-82-5,codetables-nonbinary-linear-codes,67,3
codetables-gf9-82-6,codetables-nonbinary-linear-codes,66,3
codetables-gf9-83-5,codetables-nonbinary-linear-codes,68,3
codetables-gf9-84-5,codetables-nonbinary-linear-codes,69,3
codetables-gf9-84-6,codetables-nonbinary-linear-codes,67,3
codetables-gf9-87-5,codetables-nonbinary-linear-codes,71,3
codetables-gf9-88-5,codetables-nonbinary-linear-codes,72,3
codetables-gf9-89-5,codetables-nonbinary-linear-codes,73,3
codetables-gf9-90-5,codetables-nonbinary-linear-codes,74,3
codetables-gf9-91-5,codetables-nonbinary-linear-codes,75,3
codetables-gf9-92-5,codetables-nonbinary-linear-codes,76,3
codetables-gf9-93-5,codetables-nonbinary-linear-codes,77,3
codetables-gf9-94-5,codetables-nonbinary-linear-codes,78,3
codetables-gf9-95-5,codetables-nonbinary-linear-codes,78,3
codetables-gf9-96-5,codetables-nonbinary-linear-codes,79,3
codetables-gf9-97-5,codetables-nonbinary-linear-codes,80,3
codetables-gf9-98-5,codetables-nonbinary-linear-codes,81,3
codetables-gf9-99-5,codetables-nonbinary-linear-codes,82,3
codetables-gf3-100-10,codetables-nonbinary-linear-codes,57,4
codetables-gf3-101-10,codetables-nonbinary-linear-codes,57,4
codetables-gf3-104-10,codetables-nonbinary-linear-codes,59,4
codetables-gf3-104-9,codetables-nonbinary-linear-codes,60,4
codetables-gf3-105-10,codetables-nonbinary-linear-codes,60,4
codetables-gf3-105-9,codetables-nonbinary-linear-codes,61,4
codetables-gf3-106-9,codetables-nonbinary-linear-codes,62,4
codetables-gf3-108-9,codetables-nonbinary-linear-codes,63,4
codetables-gf3-109-9,codetables-nonbinary-linear-codes,63,4
codetables-gf3-110-10,codetables-nonbinary-linear-codes,63,4
codetables-gf3-110-9,codetables-nonbinary-linear-codes,64,4
codetables-gf3-111-8,codetables-nonbinary-linear-codes,66,4
codetables-gf3-111-9,codetables-nonbinary-linear-codes,65,4
codetables-gf3-113-9,codetables-nonbinary-linear-codes,66,4
codetables-gf3-115-9,codetables-nonbinary-linear-codes,67,4
codetables-gf3-116-10,codetables-nonbinary-linear-codes,67,4
codetables-gf3-116-9,codetables-nonbinary-linear-codes,68,4
codetables-gf3-117-10,codetables-nonbinary-linear-codes,68,4
codetables-gf3-120-8,codetables-nonbinary-linear-codes,72,4
codetables-gf3-122-9,codetables-nonbinary-linear-codes,72,4
codetables-gf3-123-10,codetables-nonbinary-linear-codes,72,4
codetables-gf3-124-10,codetables-nonbinary-linear-codes,72,4
codetables-gf3-124-9,codetables-nonbinary-linear-codes,73,4
codetables-gf3-125-8,codetables-nonbinary-linear-codes,75,4
codetables-gf3-125-9,codetables-nonbinary-linear-codes,74,4
codetables-gf3-126-8,codetables-nonbinary-linear-codes,76,4
codetables-gf3-126-9,codetables-nonbinary-linear-codes,75,4
codetables-gf3-127-10,codetables-nonbinary-linear-codes,74,4
codetables-gf3-127-9,codetables-nonbinary-linear-codes,75,4
codetables-gf3-128-9,codetables-nonbinary-linear-codes,76,4
codetables-gf3-129-9,codetables-nonbinary-linear-codes,77,4
codetables-gf3-130-10,codetables-nonbinary-linear-codes,76,4
codetables-gf3-131-10,codetables-nonbinary-linear-codes,77,4
codetables-gf3-131-9,codetables-nonbinary-linear-codes,78,4
codetables-gf3-132-10,codetables-nonbinary-linear-codes,78,4
codetables-gf3-132-9,codetables-nonbinary-linear-codes,79,4
codetables-gf3-136-10,codetables-nonbinary-linear-codes,80,4
codetables-gf3-136-9,codetables-nonbinary-linear-codes,81,4
codetables-gf3-137-10,codetables-nonbinary-linear-codes,81,4
codetables-gf3-138-9,codetables-nonbinary-linear-codes,82,4
codetables-gf3-139-9,codetables-nonbinary-linear-codes,83,4
codetables-gf3-140-9,codetables-nonbinary-linear-codes,84,4
codetables-gf3-141-9,codetables-nonbinary-linear-codes,84,4
codetables-gf3-144-9,codetables-nonbinary-linear-codes,86,4
codetables-gf3-145-9,codetables-nonbinary-linear-codes,87,4
codetables-gf3-147-9,codetables-nonbinary-linear-codes,88,4
codetables-gf3-148-9,codetables-nonbinary-linear-codes,89,4
codetables-gf3-149-9,codetables-nonbinary-linear-codes,90,4
codetables-gf3-150-9,codetables-nonbinary-linear-codes,90,4
codetables-gf3-153-9,codetables-nonbinary-linear-codes,92,4
codetables-gf3-154-9,codetables-nonbinary-linear-codes,93,4
codetables-gf3-156-8,codetables-nonbinary-linear-codes,96,4
codetables-gf3-156-9,codetables-nonbinary-linear-codes,94,4
codetables-gf3-157-8,codetables-nonbinary-linear-codes,96,4
codetables-gf3-157-9,codetables-nonbinary-linear-codes,95,4
codetables-gf3-158-8,codetables-nonbinary-linear-codes,97,4
codetables-gf3-158-9,codetables-nonbinary-linear-codes,96,4
codetables-gf3-159-8,codetables-nonbinary-linear-codes,98,4
codetables-gf3-159-9,codetables-nonbinary-linear-codes,96,4
codetables-gf3-160-10,codetables-nonbinary-linear-codes,96,4
codetables-gf3-160-9,codetables-nonbinary-linear-codes,97,4
codetables-gf3-161-8,codetables-nonbinary-linear-codes,99,4
codetables-gf3-161-9,codetables-nonbinary-linear-codes,98,4
codetables-gf3-162-8,codetables-nonbinary-linear-codes,100,4
codetables-gf3-163-9,codetables-nonbinary-linear-codes,99,4
codetables-gf3-165-8,codetables-nonbinary-linear-codes,102,4
codetables-gf3-168-9,codetables-nonbinary-linear-codes,102,4
codetables-gf3-170-9,codetables-nonbinary-linear-codes,103,4
codetables-gf3-171-9,codetables-nonbinary-linear-codes,104,4
codetables-gf3-172-9,codetables-nonbinary-linear-codes,105,4
codetables-gf3-173-9,codetables-nonbinary-linear-codes,105,4
codetables-gf3-174-8,codetables-nonbinary-linear-codes,108,4
codetables-gf3-174-9,codetables-nonbinary-linear-codes,106,4
codetables-gf3-175-8,codetables-nonbinary-linear-codes,108,4
codetables-gf3-175-9,codetables-nonbinary-linear-codes,107,4
codetables-gf3-176-8,codetables-nonbinary-linear-codes,109,4
codetables-gf3-177-8,codetables-nonbinary-linear-codes,110,4
codetables-gf3-177-9,codetables-nonbinary-linear-codes,108,4
codetables-gf3-179-8,codetables-nonbinary-linear-codes,111,4
codetables-gf3-180-8,codetables-nonbinary-linear-codes,112,4
codetables-gf3-182-9,codetables-nonbinary-linear-codes,111,4
codetables-gf3-183-8,codetables-nonbinary-linear-codes,114,4
codetables-gf3-183-9,codetables-nonbinary-linear-codes,111,4
codetables-gf3-184-8,codetables-nonbinary-linear-codes,114,4
codetables-gf3-184-9,codetables-nonbinary-linear-codes,112,4
codetables-gf3-185-8,codetables-nonbinary-linear-codes,115,4
codetables-gf3-185-9,codetables-nonbinary-linear-codes,113,4
codetables-gf3-186-8,codetables-nonbinary-linear-codes,116,4
codetables-gf3-186-9,codetables-nonbinary-linear-codes,114,4
codetables-gf3-188-8,codetables-nonbinary-linear-codes,117,4
codetables-gf3-191-8,codetables-nonbinary-linear-codes,119,4
codetables-gf3-192-8,codetables-nonbinary-linear-codes,120,4
codetables-gf3-194-8,codetables-nonbinary-linear-codes,121,4
codetables-gf3-195-8,codetables-nonbinary-linear-codes,122,4
codetables-gf3-201-8,codetables-nonbinary-linear-codes,126,4
codetables-gf3-209-8,codetables-nonbinary-linear-codes,131,4
codetables-gf3-215-8,codetables-nonbinary-linear-codes,135,4
codetables-gf3-216-8,codetables-nonbinary-linear-codes,136,4
codetables-gf3-217-8,codetables-nonbinary-linear-codes,137,4
codetables-gf3-219-8,codetables-nonbinary-linear-codes,138,4
codetables-gf3-220-8,codetables-nonbinary-linear-codes,139,4
codetables-gf3-221-9,codetables-nonbinary-linear-codes,137,4
codetables-gf3-222-9,codetables-nonbinary-linear-codes,138,4
codetables-gf3-223-9,codetables-nonbinary-linear-codes,139,4
codetables-gf3-226-9,codetables-nonbinary-linear-codes,141,4
codetables-gf3-227-9,codetables-nonbinary-linear-codes,142,4
codetables-gf3-228-8,codetables-nonbinary-linear-codes,144,4
codetables-gf3-228-9,codetables-nonbinary-linear-codes,143,4
codetables-gf3-229-10,codetables-nonbinary-linear-codes,141,4
codetables-gf3-231-8,codetables-nonbinary-linear-codes,146,4
codetables-gf3-231-9,codetables-nonbinary-linear-codes,144,4
codetables-gf3-232-10,codetables-nonbinary-linear-codes,143,4
codetables-gf3-232-8,codetables-nonbinary-linear-codes,147,4
codetables-gf3-232-9,codetables-nonbinary-linear-codes,145,4
codetables-gf3-233-10,codetables-nonbinary-linear-codes,144,4
codetables-gf3-233-11,codetables-nonbinary-linear-codes,143,4
codetables-gf3-234-10,codetables-nonbinary-linear-codes,145,4
codetables-gf3-234-11,codetables-nonbinary-linear-codes,144,4
codetables-gf3-235-11,codetables-nonbinary-linear-codes,145,4
codetables-gf3-235-8,codetables-nonbinary-linear-codes,149,4
codetables-gf3-235-9,codetables-nonbinary-linear-codes,147,4
codetables-gf3-236-9,codetables-nonbinary-linear-codes,148,4
codetables-gf3-237-8,codetables-nonbinary-linear-codes,150,4
codetables-gf3-237-9,codetables-nonbinary-linear-codes,149,4
codetables-gf3-238-8,codetables-nonbinary-linear-codes,151,4
codetables-gf3-239-8,codetables-nonbinary-linear-codes,152,4
codetables-gf3-243-9,codetables-nonbinary-linear-codes,153,4
codetables-gf3-53-12,codetables-nonbinary-linear-codes,24,4
codetables-gf3-58-12,codetables-nonbinary-linear-codes,27,4
codetables-gf3-61-12,codetables-nonbinary-linear-codes,29,4
codetables-gf3-62-11,codetables-nonbinary-linear-codes,31,4
codetables-gf3-62-12,codetables-nonbinary-linear-codes,30,4
codetables-gf3-64-12,codetables-nonbinary-linear-codes,31,4
codetables-gf3-65-12,codetables-nonbinary-linear-codes,32,4
codetables-gf3-66-11,codetables-nonbinary-linear-codes,33,4
codetables-gf3-67-11,codetables-nonbinary-linear-codes,34,4
codetables-gf3-67-12,codetables-nonbinary-linear-codes,33,4
codetables-gf3-69-10,codetables-nonbinary-linear-codes,36,4
codetables-gf3-69-12,codetables-nonbinary-linear-codes,34,4
codetables-gf3-70-10,codetables-nonbinary-linear-codes,37,4
codetables-gf3-70-11,codetables-nonbinary-linear-codes,36,4
codetables-gf3-70-12,codetables-nonbinary-linear-codes,35,4
codetables-gf3-71-10,codetables-nonbinary-linear-codes,38,4
codetables-gf3-71-11,codetables-nonbinary-linear-codes,36,4
codetables-gf3-71-12,codetables-nonbinary-linear-codes,36,4
codetables-gf3-72-11,codetables-nonbinary-linear-codes,37,4
codetables-gf3-72-12,codetables-nonbinary-linear-codes,36,4
codetables-gf3-73-10,codetables-nonbinary-linear-codes,39,4
codetables-gf3-73-11,codetables-nonbinary-linear-codes,38,4
codetables-gf3-73-12,codetables-nonbinary-linear-codes,37,4
codetables-gf3-74-10,codetables-nonbinary-linear-codes,40,4
codetables-gf3-74-12,codetables-nonbinary-linear-codes,38,4
codetables-gf3-81-12,codetables-nonbinary-linear-codes,42,4
codetables-gf3-82-12,codetables-nonbinary-linear-codes,43,4
codetables-gf3-83-12,codetables-nonbinary-linear-codes,44,4
codetables-gf3-85-12,codetables-nonbinary-linear-codes,45,4
codetables-gf3-86-12,codetables-nonbinary-linear-codes,45,4
codetables-gf3-87-12,codetables-nonbinary-linear-codes,46,4
codetables-gf3-88-12,codetables-nonbinary-linear-codes,47,4
codetables-gf3-89-12,codetables-nonbinary-linear-codes,47,4
codetables-gf3-90-12,codetables-nonbinary-linear-codes,48,4
codetables-gf3-95-12,codetables-nonbinary-linear-codes,51,4
codetables-gf3-96-10,codetables-nonbinary-linear-codes,54,4
codetables-gf3-97-11,codetables-nonbinary-linear-codes,54,4
codetables-gf3-97-9,codetables-nonbinary-linear-codes,56,4
codetables-gf3-98-10,codetables-nonbinary-linear-codes,55,4
codetables-gf3-98-11,codetables-nonbinary-linear-codes,54,4
codetables-gf3-99-10,codetables-nonbinary-linear-codes,56,4
codetables-gf3-99-9,codetables-nonbinary-linear-codes,57,4
codetables-gf4-100-8,codetables-nonbinary-linear-codes,66,4
codetables-gf4-101-8,codetables-nonbinary-linear-codes,67,4
codetables-gf4-103-8,codetables-nonbinary-linear-codes,68,4
codetables-gf4-106-8,codetables-nonbinary-linear-codes,70,4
codetables-gf4-107-8,codetables-nonbinary-linear-codes,71,4
codetables-gf4-108-8,codetables-nonbinary-linear-codes,72,4
codetables-gf4-109-8,codetables-nonbinary-linear-codes,72,4
codetables-gf4-110-8,codetables-nonbinary-linear-codes,73,4
codetables-gf4-111-8,codetables-nonbinary-linear-codes,74,4
codetables-gf4-112-7,codetables-nonbinary-linear-codes,76,4
codetables-gf4-112-8,codetables-nonbinary-linear-codes,75,4
codetables-gf4-113-8,codetables-nonbinary-linear-codes,76,4
codetables-gf4-114-8,codetables-nonbinary-linear-codes,76,4
codetables-gf4-117-8,codetables-nonbinary-linear-codes,78,4
codetables-gf4-118-8,codetables-nonbinary-linear-codes,79,4
codetables-gf4-118-9,codetables-nonbinary-linear-codes,78,4
codetables-gf4-119-8,codetables-nonbinary-linear-codes,80,4
codetables-gf4-119-9,codetables-nonbinary-linear-codes,79,4
codetables-gf4-120-9,codetables-nonbinary-linear-codes,80,4
codetables-gf4-121-8,codetables-nonbinary-linear-codes,81,4
codetables-gf4-122-8,codetables-nonbinary-linear-codes,82,4
codetables-gf4-123-8,codetables-nonbinary-linear-codes,83,4
codetables-gf4-124-8,codetables-nonbinary-linear-codes,84,4
codetables-gf4-125-9,codetables-nonbinary-linear-codes,83,4
codetables-gf4-126-9,codetables-nonbinary-linear-codes,84,4
codetables-gf4-129-9,codetables-nonbinary-linear-codes,86,4
codetables-gf4-130-8,codetables-nonbinary-linear-codes,88,4
codetables-gf4-131-8,codetables-nonbinary-linear-codes,89,4
codetables-gf4-132-8,codetables-nonbinary-linear-codes,90,4
codetables-gf4-135-8,codetables-nonbinary-linear-codes,92,4
codetables-gf4-138-8,codetables-nonbinary-linear-codes,94,4
codetables-gf4-139-7,codetables-nonbinary-linear-codes,96,4
codetables-gf4-139-8,codetables-nonbinary-linear-codes,95,4
codetables-gf4-141-8,codetables-nonbinary-linear-codes,96,4
codetables-gf4-142-8,codetables-nonbinary-linear-codes,97,4
codetables-gf4-143-8,codetables-nonbinary-linear-codes,98,4
codetables-gf4-145-7,codetables-nonbinary-linear-codes,100,4
codetables-gf4-146-7,codetables-nonbinary-linear-codes,101,4
codetables-gf4-146-8,codetables-nonbinary-linear-codes,100,4
codetables-gf4-147-7,codetables-nonbinary-linear-codes,102,4
codetables-gf4-148-7,codetables-nonbinary-linear-codes,103,4
codetables-gf4-150-7,codetables-nonbinary-linear-codes,104,4
codetables-gf4-151-7,codetables-nonbinary-linear-codes,105,4
codetables-gf4-152-7,codetables-nonbinary-linear-codes,106,4
codetables-gf4-152-8,codetables-nonbinary-linear-codes,104,4
codetables-gf4-153-7,codetables-nonbinary-linear-codes,107,4
codetables-gf4-155-7,codetables-nonbinary-linear-codes,108,4
codetables-gf4-156-8,codetables-nonbinary-linear-codes,107,4
codetables-gf4-157-8,codetables-nonbinary-linear-codes,108,4
codetables-gf4-161-7,codetables-nonbinary-linear-codes,112,4
codetables-gf4-162-7,codetables-nonbinary-linear-codes,113,4
codetables-gf4-163-7,codetables-nonbinary-linear-codes,114,4
codetables-gf4-163-8,codetables-nonbinary-linear-codes,112,4
codetables-gf4-166-7,codetables-nonbinary-linear-codes,116,4
codetables-gf4-167-7,codetables-nonbinary-linear-codes,117,4
codetables-gf4-171-7,codetables-nonbinary-linear-codes,120,4
codetables-gf4-171-8,codetables-nonbinary-linear-codes,118,4
codetables-gf4-172-7,codetables-nonbinary-linear-codes,120,4
codetables-gf4-173-7,codetables-nonbinary-linear-codes,121,4
codetables-gf4-174-7,codetables-nonbinary-linear-codes,122,4
codetables-gf4-175-7,codetables-nonbinary-linear-codes,123,4
codetables-gf4-177-7,codetables-nonbinary-linear-codes,124,4
codetables-gf4-178-7,codetables-nonbinary-linear-codes,125,4
codetables-gf4-179-7,codetables-nonbinary-linear-codes,126,4
codetables-gf4-182-7,codetables-nonbinary-linear-codes,128,4
codetables-gf4-183-7,codetables-nonbinary-linear-codes,129,4
codetables-gf4-187-7,codetables-nonbinary-linear-codes,132,4
codetables-gf4-188-7,codetables-nonbinary-linear-codes,132,4
codetables-gf4-189-7,codetables-nonbinary-linear-codes,133,4
codetables-gf4-190-7,codetables-nonbinary-linear-codes,134,4
codetables-gf4-190-8,codetables-nonbinary-linear-codes,132,4
codetables-gf4-191-7,codetables-nonbinary-linear-codes,135,4
codetables-gf4-192-7,codetables-nonbinary-linear-codes,136,4
codetables-gf4-196-7,codetables-nonbinary-linear-codes,139,4
codetables-gf4-198-7,codetables-nonbinary-linear-codes,140,4
codetables-gf4-203-7,codetables-nonbinary-linear-codes,144,4
codetables-gf4-208-7,codetables-nonbinary-linear-codes,148,4
codetables-gf4-219-7,codetables-nonbinary-linear-codes,156,4
codetables-gf4-220-7,codetables-nonbinary-linear-codes,156,4
codetables-gf4-221-7,codetables-nonbinary-linear-codes,157,4
codetables-gf4-222-7,codetables-nonbinary-linear-codes,158,4
codetables-gf4-223-7,codetables-nonbinary-linear-codes,159,4
codetables-gf4-224-7,codetables-nonbinary-linear-codes,160,4
codetables-gf4-225-7,codetables-nonbinary-linear-codes,160,4
codetables-gf4-226-7,codetables-nonbinary-linear-codes,161,4
codetables-gf4-227-7,codetables-nonbinary-linear-codes,162,4
codetables-gf4-230-7,codetables-nonbinary-linear-codes,164,4
codetables-gf4-231-7,codetables-nonbinary-linear-codes,165,4
codetables-gf4-232-7,codetables-nonbinary-linear-codes,166,4
codetables-gf4-233-7,codetables-nonbinary-linear-codes,167,4
codetables-gf4-234-7,codetables-nonbinary-linear-codes,168,4
codetables-gf4-235-7,codetables-nonbinary-linear-codes,168,4
codetables-gf4-236-7,codetables-nonbinary-linear-codes,169,4
codetables-gf4-237-7,codetables-nonbinary-linear-codes,170,4
codetables-gf4-238-7,codetables-nonbinary-linear-codes,171,4
codetables-gf4-239-7,codetables-nonbinary-linear-codes,172,4
codetables-gf4-249-8,codetables-nonbinary-linear-codes,176,4
codetables-gf4-61-9,codetables-nonbinary-linear-codes,36,4
codetables-gf4-65-9,codetables-nonbinary-linear-codes,39,4
codetables-gf4-72-9,codetables-nonbinary-linear-codes,44,4
codetables-gf4-73-9,codetables-nonbinary-linear-codes,45,4
codetables-gf4-77-9,codetables-nonbinary-linear-codes,48,4
codetables-gf4-78-9,codetables-nonbinary-linear-codes,48,4
codetables-gf4-81-8,codetables-nonbinary-linear-codes,52,4
codetables-gf4-86-9,codetables-nonbinary-linear-codes,54,4
codetables-gf4-87-8,codetables-nonbinary-linear-codes,56,4
codetables-gf4-87-9,codetables-nonbinary-linear-codes,55,4
codetables-gf4-88-8,codetables-nonbinary-linear-codes,57,4
codetables-gf4-88-9,codetables-nonbinary-linear-codes,56,4
codetables-gf4-89-8,codetables-nonbinary-linear-codes,58,4
codetables-gf4-92-8,codetables-nonbinary-linear-codes,60,4
codetables-gf4-93-8,codetables-nonbinary-linear-codes,60,4
codetables-gf4-94-8,codetables-nonbinary-linear-codes,61,4
codetables-gf4-95-8,codetables-nonbinary-linear-codes,62,4
codetables-gf4-96-7,codetables-nonbinary-linear-codes,64,4
codetables-gf4-96-8,codetables-nonbinary-linear-codes,63,4
codetables-gf4-97-8,codetables-nonbinary-linear-codes,64,4
codetables-gf4-98-8,codetables-nonbinary-linear-codes,64,4
codetables-gf4-99-8,codetables-nonbinary-linear-codes,65,4
codetables-gf5-100-8,codetables-nonbinary-linear-codes,71,4
codetables-gf5-105-8,codetables-nonbinary-linear-codes,75,4
codetables-gf5-106-8,codetables-nonbinary-linear-codes,75,4
codetables-gf5-107-8,codetables-nonbinary-linear-codes,76,4
codetables-gf5-108-8,codetables-nonbinary-linear-codes,77,4
codetables-gf5-109-8,codetables-nonbinary-linear-codes,78,4
codetables-gf5-50-8,codetables-nonbinary-linear-codes,31,4
codetables-gf5-53-8,codetables-nonbinary-linear-codes,33,4
codetables-gf5-54-8,codetables-nonbinary-linear-codes,34,4
codetables-gf5-55-8,codetables-nonbinary-linear-codes,35,4
codetables-gf5-57-8,codetables-nonbinary-linear-codes,36,4
codetables-gf5-58-8,codetables-nonbinary-linear-codes,37,4
codetables-gf5-59-8,codetables-nonbinary-linear-codes,38,4
codetables-gf5-60-7,codetables-nonbinary-linear-codes,40,4
codetables-gf5-60-8,codetables-nonbinary-linear-codes,39,4
codetables-gf5-61-8,codetables-nonbinary-linear-codes,39,4
codetables-gf5-62-8,codetables-nonbinary-linear-codes,40,4
codetables-gf5-63-8,codetables-nonbinary-linear-codes,41,4
codetables-gf5-64-8,codetables-nonbinary-linear-codes,42,4
codetables-gf5-65-8,codetables-nonbinary-linear-codes,43,4
codetables-gf5-73-7,codetables-nonbinary-linear-codes,50,4
codetables-gf5-74-7,codetables-nonbinary-linear-codes,51,4
codetables-gf5-74-8,codetables-nonbinary-linear-codes,50,4
codetables-gf5-75-8,codetables-nonbinary-linear-codes,50,4
codetables-gf5-76-7,codetables-nonbinary-linear-codes,52,4
codetables-gf5-76-8,codetables-nonbinary-linear-codes,51,4
codetables-gf5-77-7,codetables-nonbinary-linear-codes,53,4
codetables-gf5-78-7,codetables-nonbinary-linear-codes,54,4
codetables-gf5-79-7,codetables-nonbinary-linear-codes,55,4
codetables-gf5-80-8,codetables-nonbinary-linear-codes,54,4
codetables-gf5-82-7,codetables-nonbinary-linear-codes,57,4
codetables-gf5-83-7,codetables-nonbinary-linear-codes,58,4
codetables-gf5-84-7,codetables-nonbinary-linear-codes,59,4
codetables-gf5-86-8,codetables-nonbinary-linear-codes,59,4
codetables-gf5-87-7,codetables-nonbinary-linear-codes,61,4
codetables-gf5-88-7,codetables-nonbinary-linear-codes,62,4
codetables-gf5-89-7,codetables-nonbinary-linear-codes,63,4
codetables-gf5-96-8,codetables-nonbinary-linear-codes,67,4
codetables-gf5-97-8,codetables-nonbinary-linear-codes,68,4
codetables-gf5-98-8,codetables-nonbinary-linear-codes,69,4
codetables-gf5-99-8,codetables-nonbinary-linear-codes,70,4
codetables-gf7-100-6,codetables-nonbinary-linear-codes,78,4
codetables-gf7-51-7,codetables-nonbinary-linear-codes,35,4
codetables-gf7-52-7,codetables-nonbinary-linear-codes,36,4
codetables-gf7-53-7,codetables-nonbinary-linear-codes,37,4
codetables-gf7-58-7,codetables-nonbinary-linear-codes,41,4
codetables-gf7-59-7,codetables-nonbinary-linear-codes,42,4
codetables-gf7-61-7,codetables-nonbinary-linear-codes,43,4
codetables-gf7-62-7,codetables-nonbinary-linear-codes,44,4
codetables-gf7-63-7,codetables-nonbinary-linear-codes,45,4
codetables-gf7-66-6,codetables-nonbinary-linear-codes,49,4
codetables-gf7-66-7,codetables-nonbinary-linear-codes,47,4
codetables-gf7-67-6,codetables-nonbinary-linear-codes,50,4
codetables-gf7-67-7,codetables-nonbinary-linear-codes,48,4
codetables-gf7-68-7,codetables-nonbinary-linear-codes,49,4
codetables-gf7-69-7,codetables-nonbinary-linear-codes,50,4
codetables-gf7-70-7,codetables-nonbinary-linear-codes,51,4
codetables-gf7-71-7,codetables-nonbinary-linear-codes,52,4
codetables-gf7-73-7,codetables-nonbinary-linear-codes,53,4
codetables-gf7-74-7,codetables-nonbinary-linear-codes,54,4
codetables-gf7-75-7,codetables-nonbinary-linear-codes,55,4
codetables-gf7-76-7,codetables-nonbinary-linear-codes,56,4
codetables-gf7-77-6,codetables-nonbinary-linear-codes,58,4
codetables-gf7-77-7,codetables-nonbinary-linear-codes,57,4
codetables-gf7-78-6,codetables-nonbinary-linear-codes,59,4
codetables-gf7-80-7,codetables-nonbinary-linear-codes,59,4
codetables-gf7-81-7,codetables-nonbinary-linear-codes,60,4
codetables-gf7-84-6,codetables-nonbinary-linear-codes,64,4
codetables-gf7-85-6,codetables-nonbinary-linear-codes,65,4
codetables-gf7-86-6,codetables-nonbinary-linear-codes,66,4
codetables-gf7-88-7,codetables-nonbinary-linear-codes,66,4
codetables-gf7-90-6,codetables-nonbinary-linear-codes,69,4
codetables-gf7-91-6,codetables-nonbinary-linear-codes,70,4
codetables-gf7-92-6,codetables-nonbinary-linear-codes,71,4
codetables-gf7-93-6,codetables-nonbinary-linear-codes,72,4
codetables-gf7-97-6,codetables-nonbinary-linear-codes,75,4
codetables-gf7-98-6,codetables-nonbinary-linear-codes,76,4
codetables-gf7-99-6,codetables-nonbinary-linear-codes,77,4
codetables-gf8-100-6,codetables-nonbinary-linear-codes,79,4
codetables-gf8-101-6,codetables-nonbinary-linear-codes,80,4
codetables-gf8-102-6,codetables-nonbinary-linear-codes,81,4
codetables-gf8-103-6,codetables-nonbinary-linear-codes,82,4
codetables-gf8-104-6,codetables-nonbinary-linear-codes,83,4
codetables-gf8-105-6,codetables-nonbinary-linear-codes,84,4
codetables-gf8-119-6,codetables-nonbinary-linear-codes,96,4
codetables-gf8-124-6,codetables-nonbinary-linear-codes,100,4
codetables-gf8-125-6,codetables-nonbinary-linear-codes,101,4
codetables-gf8-126-6,codetables-nonbinary-linear-codes,102,4
codetables-gf8-127-6,codetables-nonbinary-linear-codes,103,4
codetables-gf8-128-6,codetables-nonbinary-linear-codes,104,4
codetables-gf8-75-6,codetables-nonbinary-linear-codes,58,4
codetables-gf8-76-6,codetables-nonbinary-linear-codes,59,4
codetables-gf8-77-6,codetables-nonbinary-linear-codes,60,4
codetables-gf8-82-6,codetables-nonbinary-linear-codes,64,4
codetables-gf8-83-6,codetables-nonbinary-linear-codes,65,4
codetables-gf8-84-6,codetables-nonbinary-linear-codes,66,4
codetables-gf8-87-6,codetables-nonbinary-linear-codes,68,4
codetables-gf8-88-6,codetables-nonbinary-linear-codes,69,4
codetables-gf8-89-6,codetables-nonbinary-linear-codes,70,4
codetables-gf8-90-6,codetables-nonbinary-linear-codes,71,4
codetables-gf8-91-6,codetables-nonbinary-linear-codes,72,4
codetables-gf8-95-6,codetables-nonbinary-linear-codes,75,4
codetables-gf8-96-6,codetables-nonbinary-linear-codes,76,4
codetables-gf8-98-6,codetables-nonbinary-linear-codes,77,4
codetables-gf8-99-6,codetables-nonbinary-linear-codes,78,4
codetables-gf9-101-6,codetables-nonbinary-linear-codes,81,4
codetables-gf9-102-5,codetables-nonbinary-linear-codes,84,4
codetables-gf9-102-6,codetables-nonbinary-linear-codes,82,4
codetables-gf9-103-5,codetables-nonbinary-linear-codes,85,4
codetables-gf9-103-6,codetables-nonbinary-linear-codes,83,4
codetables-gf9-104-5,codetables-nonbinary-linear-codes,86,4
codetables-gf9-104-6,codetables-nonbinary-linear-codes,84,4
codetables-gf9-110-6,codetables-nonbinary-linear-codes,89,4
codetables-gf9-111-5,codetables-nonbinary-linear-codes,92,4
codetables-gf9-111-6,codetables-nonbinary-linear-codes,90,4
codetables-gf9-112-5,codetables-nonbinary-linear-codes,93,4
codetables-gf9-113-5,codetables-nonbinary-linear-codes,94,4
codetables-gf9-114-5,codetables-nonbinary-linear-codes,95,4
codetables-gf9-117-6,codetables-nonbinary-linear-codes,95,4
codetables-gf9-118-5,codetables-nonbinary-linear-codes,98,4
codetables-gf9-119-5,codetables-nonbinary-linear-codes,99,4
codetables-gf9-120-5,codetables-nonbinary-linear-codes,100,4
codetables-gf9-121-5,codetables-nonbinary-linear-codes,101,4
codetables-gf9-122-5,codetables-nonbinary-linear-codes,102,4
codetables-gf9-123-5,codetables-nonbinary-linear-codes,103,4
codetables-gf9-124-5,codetables-nonbinary-linear-codes,104,4
codetables-gf9-64-6,codetables-nonbinary-linear-codes,49,4
codetables-gf9-65-6,codetables-nonbinary-linear-codes,50,4
codetables-gf9-73-6,codetables-nonbinary-linear-codes,57,4
codetables-gf9-74-6,codetables-nonbinary-linear-codes,58,4
codetables-gf9-83-6,codetables-nonbinary-linear-codes,66,4
codetables-gf9-85-6,codetables-nonbinary-linear-codes,67,4
codetables-gf9-86-6,codetables-nonbinary-linear-codes,68,4
codetables-gf9-87-6,codetables-nonbinary-linear-codes,69,4
codetables-gf9-88-6,codetables-nonbinary-linear-codes,70,4
codetables-gf9-89-6,codetables-nonbinary-linear-codes,71,4
codetables-gf9-93-6,codetables-nonbinary-linear-codes,74,4
codetables-gf9-94-6,codetables-nonbinary-linear-codes,75,4
codetables-gf9-95-6,codetables-nonbinary-linear-codes,76,4
codetables-gf3-100-12,codetables-nonbinary-linear-codes,53,5
codetables-gf3-101-11,codetables-nonbinary-linear-codes,55,5
codetables-gf3-101-12,codetables-nonbinary-linear-codes,54,5
codetables-gf3-102-10,codetables-nonbinary-linear-codes,57,5
codetables-gf3-102-11,codetables-nonbinary-linear-codes,56,5
codetables-gf3-103-10,codetables-nonbinary-linear-codes,58,5
codetables-gf3-103-11,codetables-nonbinary-linear-codes,57,5
codetables-gf3-104-11,codetables-nonbinary-linear-codes,57,5
codetables-gf3-106-10,codetables-nonbinary-linear-codes,60,5
codetables-gf3-107-10,codetables-nonbinary-linear-codes,60,5
codetables-gf3-107-11,codetables-nonbinary-linear-codes,59,5
codetables-gf3-108-10,codetables-nonbinary-linear-codes,61,5
codetables-gf3-108-11,codetables-nonbinary-linear-codes,60,5
codetables-gf3-109-10,codetables-nonbinary-linear-codes,62,5
codetables-gf3-111-10,codetables-nonbinary-linear-codes,63,5
codetables-gf3-113-10,codetables-nonbinary-linear-codes,64,5
codetables-gf3-113-11,codetables-nonbinary-linear-codes,63,5
codetables-gf3-114-10,codetables-nonbinary-linear-codes,65,5
codetables-gf3-114-9,codetables-nonbinary-linear-codes,66,5
codetables-gf3-115-10,codetables-nonbinary-linear-codes,66,5
codetables-gf3-115-12,codetables-nonbinary-linear-codes,63,5
codetables-gf3-122-11,codetables-nonbinary-linear-codes,69,5
codetables-gf3-123-9,codetables-nonbinary-linear-codes,72,5
codetables-gf3-125-10,codetables-nonbinary-linear-codes,72,5
codetables-gf3-125-11,codetables-nonbinary-linear-codes,71,5
codetables-gf3-126-10,codetables-nonbinary-linear-codes,73,5
codetables-gf3-126-11,codetables-nonbinary-linear-codes,72,5
codetables-gf3-128-10,codetables-nonbinary-linear-codes,74,5
codetables-gf3-129-10,codetables-nonbinary-linear-codes,75,5
codetables-gf3-133-10,codetables-nonbinary-linear-codes,78,5
codetables-gf3-134-10,codetables-nonbinary-linear-codes,78,5
codetables-gf3-135-10,codetables-nonbinary-linear-codes,79,5
codetables-gf3-137-9,codetables-nonbinary-linear-codes,81,5
codetables-gf3-138-10,codetables-nonbinary-linear-codes,81,5
codetables-gf3-139-10,codetables-nonbinary-linear-codes,81,5
codetables-gf3-142-10,codetables-nonbinary-linear-codes,83,5
codetables-gf3-142-9,codetables-nonbinary-linear-codes,84,5
codetables-gf3-143-10,codetables-nonbinary-linear-codes,84,5
codetables-gf3-143-9,codetables-nonbinary-linear-codes,85,5
codetables-gf3-146-9,codetables-nonbinary-linear-codes,87,5
codetables-gf3-148-10,codetables-nonbinary-linear-codes,87,5
codetables-gf3-151-9,codetables-nonbinary-linear-codes,90,5
codetables-gf3-152-9,codetables-nonbinary-linear-codes,91,5
codetables-gf3-155-9,codetables-nonbinary-linear-codes,93,5
codetables-gf3-157-10,codetables-nonbinary-linear-codes,93,5
codetables-gf3-158-10,codetables-nonbinary-linear-codes,94,5
codetables-gf3-159-10,codetables-nonbinary-linear-codes,95,5
codetables-gf3-161-10,codetables-nonbinary-linear-codes,96,5
codetables-gf3-164-9,codetables-nonbinary-linear-codes,99,5
codetables-gf3-165-9,codetables-nonbinary-linear-codes,99,5
codetables-gf3-166-9,codetables-nonbinary-linear-codes,100,5
codetables-gf3-167-9,codetables-nonbinary-linear-codes,101,5
codetables-gf3-169-10,codetables-nonbinary-linear-codes,101,5
codetables-gf3-169-9,codetables-nonbinary-linear-codes,102,5
codetables-gf3-170-10,codetables-nonbinary-linear-codes,102,5
codetables-gf3-171-10,codetables-nonbinary-linear-codes,102,5
codetables-gf3-174-10,codetables-nonbinary-linear-codes,104,5
codetables-gf3-178-9,codetables-nonbinary-linear-codes,108,5
codetables-gf3-179-9,codetables-nonbinary-linear-codes,108,5
codetables-gf3-180-10,codetables-nonbinary-linear-codes,108,5
codetables-gf3-180-9,codetables-nonbinary-linear-codes,109,5
codetables-gf3-181-9,codetables-nonbinary-linear-codes,110,5
codetables-gf3-187-9,codetables-nonbinary-linear-codes,114,5
codetables-gf3-188-9,codetables-nonbinary-linear-codes,114,5
codetables-gf3-189-8,codetables-nonbinary-linear-codes,117,5
codetables-gf3-189-9,codetables-nonbinary-linear-codes,115,5
codetables-gf3-190-8,codetables-nonbinary-linear-codes,118,5
codetables-gf3-190-9,codetables-nonbinary-linear-codes,116,5
codetables-gf3-191-9,codetables-nonbinary-linear-codes,117,5
codetables-gf3-192-9,codetables-nonbinary-linear-codes,117,5
codetables-gf3-193-8,codetables-nonbinary-linear-codes,120,5
codetables-gf3-194-9,codetables-nonbinary-linear-codes,118,5
codetables-gf3-195-9,codetables-nonbinary-linear-codes,119,5
codetables-gf3-196-9,codetables-nonbinary-linear-codes,120,5
codetables-gf3-197-9,codetables-nonbinary-linear-codes,120,5
codetables-gf3-198-9,codetables-nonbinary-linear-codes,121,5
codetables-gf3-199-9,codetables-nonbinary-linear-codes,122,5
codetables-gf3-200-9,codetables-nonbinary-linear-codes,123,5
codetables-gf3-202-8,codetables-nonbinary-linear-codes,126,5
codetables-gf3-203-8,codetables-nonbinary-linear-codes,126,5
codetables-gf3-203-9,codetables-nonbinary-linear-codes,124,5
codetables-gf3-204-8,codetables-nonbinary-linear-codes,127,5
codetables-gf3-204-9,codetables-nonbinary-linear-codes,125,5
codetables-gf3-205-8,codetables-nonbinary-linear-codes,128,5
codetables-gf3-205-9,codetables-nonbinary-linear-codes,126,5
codetables-gf3-206-8,codetables-nonbinary-linear-codes,129,5
codetables-gf3-206-9,codetables-nonbinary-linear-codes,126,5
codetables-gf3-208-8,codetables-nonbinary-linear-codes,130,5
codetables-gf3-212-9,codetables-nonbinary-linear-codes,130,5
codetables-gf3-213-9,codetables-nonbinary-linear-codes,131,5
codetables-gf3-214-9,codetables-nonbinary-linear-codes,132,5
codetables-gf3-215-9,codetables-nonbinary-linear-codes,132,5
codetables-gf3-220-10,codetables-nonbinary-linear-codes,135,5
codetables-gf3-220-9,codetables-nonbinary-linear-codes,136,5
codetables-gf3-221-10,codetables-nonbinary-linear-codes,135,5
codetables-gf3-226-10,codetables-nonbinary-linear-codes,138,5
codetables-gf3-227-10,codetables-nonbinary-linear-codes,139,5
codetables-gf3-227-11,codetables-nonbinary-linear-codes,138,5
codetables-gf3-228-10,codetables-nonbinary-linear-codes,140,5
codetables-gf3-228-11,codetables-nonbinary-linear-codes,139,5
codetables-gf3-229-8,codetables-nonbinary-linear-codes,144,5
codetables-gf3-230-10,codetables-nonbinary-linear-codes,141,5
codetables-gf3-230-11,codetables-nonbinary-linear-codes,140,5
codetables-gf3-230-8,codetables-nonbinary-linear-codes,145,5
codetables-gf3-231-10,codetables-nonbinary-linear-codes,142,5
codetables-gf3-231-11,codetables-nonbinary-linear-codes,141,5
codetables-gf3-232-11,codetables-nonbinary-linear-codes,142,5
codetables-gf3-233-8,codetables-nonbinary-linear-codes,147,5
codetables-gf3-234-8,codetables-nonbinary-linear-codes,148,5
codetables-gf3-59-12,codetables-nonbinary-linear-codes,27,5
codetables-gf3-60-12,codetables-nonbinary-linear-codes,28,5
codetables-gf3-63-12,codetables-nonbinary-linear-codes,30,5
codetables-gf3-68-12,codetables-nonbinary-linear-codes,33,5
codetables-gf3-91-12,codetables-nonbinary-linear-codes,48,5
codetables-gf3-92-12,codetables-nonbinary-linear-codes,48,5
codetables-gf3-93-12,codetables-nonbinary-linear-codes,49,5
codetables-gf3-94-12,codetables-nonbinary-linear-codes,50,5
codetables-gf3-96-12,codetables-nonbinary-linear-codes,51,5
codetables-gf3-97-10,codetables-nonbinary-linear-codes,54,5
codetables-gf3-99-11,codetables-nonbinary-linear-codes,54,5
codetables-gf4-100-9,codetables-nonbinary-linear-codes,64,5
codetables-gf4-103-9,codetables-nonbinary-linear-codes,66,5
codetables-gf4-104-8,codetables-nonbinary-linear-codes,68,5
codetables-gf4-104-9,codetables-nonbinary-linear-codes,67,5
codetables-gf4-105-8,codetables-nonbinary-linear-codes,69,5
codetables-gf4-105-9,codetables-nonbinary-linear-codes,68,5
codetables-gf4-110-9,codetables-nonbinary-linear-codes,71,5
codetables-gf4-111-9,codetables-nonbinary-linear-codes,72,5
codetables-gf4-114-9,codetables-nonbinary-linear-codes,74,5
codetables-gf4-115-8,codetables-nonbinary-linear-codes,76,5
codetables-gf4-115-9,codetables-nonbinary-linear-codes,75,5
codetables-gf4-116-8,codetables-nonbinary-linear-codes,77,5
codetables-gf4-116-9,codetables-nonbinary-linear-codes,76,5
codetables-gf4-117-9,codetables-nonbinary-linear-codes,77,5
codetables-gf4-120-8,codetables-nonbinary-linear-codes,80,5
codetables-gf4-121-9,codetables-nonbinary-linear-codes,80,5
codetables-gf4-122-9,codetables-nonbinary-linear-codes,80,5
codetables-gf4-123-9,codetables-nonbinary-linear-codes,81,5
codetables-gf4-124-9,codetables-nonbinary-linear-codes,82,5
codetables-gf4-127-9,codetables-nonbinary-linear-codes,84,5
codetables-gf4-128-9,codetables-nonbinary-linear-codes,85,5
codetables-gf4-130-9,codetables-nonbinary-linear-codes,86,5
codetables-gf4-131-9,codetables-nonbinary-linear-codes,87,5
codetables-gf4-132-9,codetables-nonbinary-linear-codes,88,5
codetables-gf4-147-8,codetables-nonbinary-linear-codes,100,5
codetables-gf4-148-8,codetables-nonbinary-linear-codes,100,5
codetables-gf4-149-8,codetables-nonbinary-linear-codes,101,5
codetables-gf4-150-8,codetables-nonbinary-linear-codes,102,5
codetables-gf4-151-8,codetables-nonbinary-linear-codes,103,5
codetables-gf4-153-8,codetables-nonbinary-linear-codes,104,5
codetables-gf4-154-8,codetables-nonbinary-linear-codes,105,5
codetables-gf4-155-8,codetables-nonbinary-linear-codes,106,5
codetables-gf4-158-8,codetables-nonbinary-linear-codes,108,5
codetables-gf4-159-8,codetables-nonbinary-linear-codes,108,5
codetables-gf4-160-8,codetables-nonbinary-linear-codes,109,5
codetables-gf4-160-9,codetables-nonbinary-linear-codes,108,5
codetables-gf4-161-8,codetables-nonbinary-linear-codes,110,5
codetables-gf4-161-9,codetables-nonbinary-linear-codes,109,5
codetables-gf4-162-8,codetables-nonbinary-linear-codes,111,5
codetables-gf4-162-9,codetables-nonbinary-linear-codes,110,5
codetables-gf4-164-8,codetables-nonbinary-linear-codes,112,5
codetables-gf4-167-8,codetables-nonbinary-linear-codes,114,5
codetables-gf4-168-8,codetables-nonbinary-linear-codes,115,5
codetables-gf4-168-9,codetables-nonbinary-linear-codes,114,5
codetables-gf4-169-8,codetables-nonbinary-linear-codes,116,5
codetables-gf4-169-9,codetables-nonbinary-linear-codes,115,5
codetables-gf4-170-8,codetables-nonbinary-linear-codes,117,5
codetables-gf4-170-9,codetables-nonbinary-linear-codes,116,5
codetables-gf4-171-9,codetables-nonbinary-linear-codes,117,5
codetables-gf4-172-8,codetables-nonbinary-linear-codes,118,5
codetables-gf4-172-9,codetables-nonbinary-linear-codes,117,5
codetables-gf4-173-8,codetables-nonbinary-linear-codes,119,5
codetables-gf4-174-8,codetables-nonbinary-linear-codes,120,5
codetables-gf4-175-8,codetables-nonbinary-linear-codes,120,5
codetables-gf4-176-8,codetables-nonbinary-linear-codes,121,5
codetables-gf4-177-8,codetables-nonbinary-linear-codes,122,5
codetables-gf4-179-8,codetables-nonbinary-linear-codes,123,5
codetables-gf4-180-8,codetables-nonbinary-linear-codes,124,5
codetables-gf4-182-8,codetables-nonbinary-linear-codes,125,5
codetables-gf4-183-8,codetables-nonbinary-linear-codes,126,5
codetables-gf4-184-8,codetables-nonbinary-linear-codes,127,5
codetables-gf4-185-8,codetables-nonbinary-linear-codes,128,5
codetables-gf4-186-8,codetables-nonbinary-linear-codes,128,5
codetables-gf4-187-8,codetables-nonbinary-linear-codes,129,5
codetables-gf4-188-8,codetables-nonbinary-linear-codes,130,5
codetables-gf4-189-8,codetables-nonbinary-linear-codes,131,5
codetables-gf4-191-8,codetables-nonbinary-linear-codes,132,5
codetables-gf4-193-7,codetables-nonbinary-linear-codes,136,5
codetables-gf4-194-7,codetables-nonbinary-linear-codes,137,5
codetables-gf4-194-8,codetables-nonbinary-linear-codes,134,5
codetables-gf4-195-7,codetables-nonbinary-linear-codes,138,5
codetables-gf4-195-8,codetables-nonbinary-linear-codes,135,5
codetables-gf4-196-8,codetables-nonbinary-linear-codes,136,5
codetables-gf4-198-8,codetables-nonbinary-linear-codes,137,5
codetables-gf4-199-7,codetables-nonbinary-linear-codes,140,5
codetables-gf4-199-8,codetables-nonbinary-linear-codes,138,5
codetables-gf4-200-7,codetables-nonbinary-linear-codes,141,5
codetables-gf4-200-8,codetables-nonbinary-linear-codes,139,5
codetables-gf4-201-7,codetables-nonbinary-linear-codes,142,5
codetables-gf4-201-8,codetables-nonbinary-linear-codes,140,5
codetables-gf4-202-7,codetables-nonbinary-linear-codes,143,5
codetables-gf4-202-8,codetables-nonbinary-linear-codes,140,5
codetables-gf4-204-7,codetables-nonbinary-linear-codes,144,5
codetables-gf4-205-7,codetables-nonbinary-linear-codes,145,5
codetables-gf4-206-7,codetables-nonbinary-linear-codes,146,5
codetables-gf4-206-8,codetables-nonbinary-linear-codes,143,5
codetables-gf4-207-7,codetables-nonbinary-linear-codes,147,5
codetables-gf4-207-8,codetables-nonbinary-linear-codes,144,5
codetables-gf4-209-7,codetables-nonbinary-linear-codes,148,5
codetables-gf4-213-7,codetables-nonbinary-linear-codes,151,5
codetables-gf4-213-8,codetables-nonbinary-linear-codes,148,5
codetables-gf4-214-7,codetables-nonbinary-linear-codes,152,5
codetables-gf4-217-8,codetables-nonbinary-linear-codes,151,5
codetables-gf4-218-7,codetables-nonbinary-linear-codes,155,5
codetables-gf4-218-8,codetables-nonbinary-linear-codes,152,5
codetables-gf4-221-8,codetables-nonbinary-linear-codes,154,5
codetables-gf4-228-7,codetables-nonbinary-linear-codes,162,5
codetables-gf4-229-7,codetables-nonbinary-linear-codes,163,5
codetables-gf4-229-8,codetables-nonbinary-linear-codes,160,5
codetables-gf4-233-8,codetables-nonbinary-linear-codes,163,5
codetables-gf4-234-8,codetables-nonbinary-linear-codes,164,5
codetables-gf4-241-8,codetables-nonbinary-linear-codes,169,5
codetables-gf4-242-8,codetables-nonbinary-linear-codes,170,5
codetables-gf4-243-8,codetables-nonbinary-linear-codes,171,5
codetables-gf4-244-8,codetables-nonbinary-linear-codes,172,5
codetables-gf4-245-8,codetables-nonbinary-linear-codes,172,5
codetables-gf4-246-8,codetables-nonbinary-linear-codes,173,5
codetables-gf4-247-8,codetables-nonbinary-linear-codes,174,5
codetables-gf4-248-8,codetables-nonbinary-linear-codes,175,5
codetables-gf4-250-8,codetables-nonbinary-linear-codes,176,5
codetables-gf4-79-9,codetables-nonbinary-linear-codes,48,5
codetables-gf4-80-9,codetables-nonbinary-linear-codes,49,5
codetables-gf4-81-9,codetables-nonbinary-linear-codes,50,5
codetables-gf4-82-9,codetables-nonbinary-linear-codes,50,5
codetables-gf4-83-9,codetables-nonbinary-linear-codes,51,5
codetables-gf4-84-9,codetables-nonbinary-linear-codes,52,5
codetables-gf4-85-9,codetables-nonbinary-linear-codes,53,5
codetables-gf4-89-9,codetables-nonbinary-linear-codes,56,5
codetables-gf4-90-9,codetables-nonbinary-linear-codes,56,5
codetables-gf4-91-9,codetables-nonbinary-linear-codes,57,5
codetables-gf4-92-9,codetables-nonbinary-linear-codes,58,5
codetables-gf4-94-9,codetables-nonbinary-linear-codes,59,5
codetables-gf4-95-9,codetables-nonbinary-linear-codes,60,5
codetables-gf4-98-9,codetables-nonbinary-linear-codes,62,5
codetables-gf4-99-9,codetables-nonbinary-linear-codes,63,5
codetables-gf5-77-8,codetables-nonbinary-linear-codes,51,5
codetables-gf5-78-8,codetables-nonbinary-linear-codes,52,5
codetables-gf5-79-8,codetables-nonbinary-linear-codes,53,5
codetables-gf5-81-8,codetables-nonbinary-linear-codes,54,5
codetables-gf5-82-8,codetables-nonbinary-linear-codes,55,5
codetables-gf5-83-8,codetables-nonbinary-linear-codes,56,5
codetables-gf5-84-8,codetables-nonbinary-linear-codes,57,5
codetables-gf5-85-8,codetables-nonbinary-linear-codes,58,5
codetables-gf5-87-8,codetables-nonbinary-linear-codes,59,5
codetables-gf5-88-8,codetables-nonbinary-linear-codes,60,5
codetables-gf5-89-8,codetables-nonbinary-linear-codes,61,5
codetables-gf5-90-8,codetables-nonbinary-linear-codes,62,5
codetables-gf5-91-8,codetables-nonbinary-linear-codes,62,5
codetables-gf5-92-8,codetables-nonbinary-linear-codes,63,5
codetables-gf5-93-8,codetables-nonbinary-linear-codes,64,5
codetables-gf5-94-8,codetables-nonbinary-linear-codes,65,5
codetables-gf5-95-8,codetables-nonbinary-linear-codes,66,5
codetables-gf7-60-7,codetables-nonbinary-linear-codes,42,5
codetables-gf7-78-7,codetables-nonbinary-linear-codes,57,5
codetables-gf7-79-7,codetables-nonbinary-linear-codes,58,5
codetables-gf7-82-7,codetables-nonbinary-linear-codes,60,5
codetables-gf7-83-7,codetables-nonbinary-linear-codes,61,5
codetables-gf7-84-7,codetables-nonbinary-linear-codes,62,5
codetables-gf7-85-7,codetables-nonbinary-linear-codes,63,5
codetables-gf7-86-7,codetables-nonbinary-linear-codes,64,5
codetables-gf7-87-7,codetables-nonbinary-linear-codes,65,5
codetables-gf7-89-7,codetables-nonbinary-linear-codes,66,5
codetables-gf7-90-7,codetables-nonbinary-linear-codes,67,5
codetables-gf7-95-7,codetables-nonbinary-linear-codes,71,5
codetables-gf7-96-7,codetables-nonbinary-linear-codes,72,5
codetables-gf7-97-7,codetables-nonbinary-linear-codes,73,5
codetables-gf7-98-7,codetables-nonbinary-linear-codes,74,5
codetables-gf8-120-6,codetables-nonbinary-linear-codes,96,5
codetables-gf8-121-6,codetables-nonbinary-linear-codes,97,5
codetables-gf8-122-6,codetables-nonbinary-linear-codes,98,5
codetables-gf8-123-6,codetables-nonbinary-linear-codes,99,5
codetables-gf8-129-6,codetables-nonbinary-linear-codes,104,5
codetables-gf8-130-6,codetables-nonbinary-linear-codes,105,5
codetables-gf8-85-6,codetables-nonbinary-linear-codes,66,5
codetables-gf8-86-6,codetables-nonbinary-linear-codes,67,5
codetables-gf8-92-6,codetables-nonbinary-linear-codes,72,5
codetables-gf8-93-6,codetables-nonbinary-linear-codes,73,5
codetables-gf8-94-6,codetables-nonbinary-linear-codes,74,5
codetables-gf9-100-6,codetables-nonbinary-linear-codes,80,5
codetables-gf9-105-6,codetables-nonbinary-linear-codes,84,5
codetables-gf9-106-6,codetables-nonbinary-linear-codes,85,5
codetables-gf9-107-6,codetables-nonbinary-linear-codes,86,5
codetables-gf9-108-6,codetables-nonbinary-linear-codes,87,5
codetables-gf9-109-6,codetables-nonbinary-linear-codes,88,5
codetables-gf9-112-6,codetables-nonbinary-linear-codes,90,5
codetables-gf9-113-6,codetables-nonbinary-linear-codes,91,5
codetables-gf9-114-6,codetables-nonbinary-linear-codes,92,5
codetables-gf9-115-6,codetables-nonbinary-linear-codes,93,5
codetables-gf9-116-6,codetables-nonbinary-linear-codes,94,5
codetables-gf9-118-6,codetables-nonbinary-linear-codes,95,5
codetables-gf9-119-6,codetables-nonbinary-linear-codes,96,5
codetables-gf9-120-6,codetables-nonbinary-linear-codes,97,5
codetables-gf9-121-6,codetables-nonbinary-linear-codes,98,5
codetables-gf9-122-6,codetables-nonbinary-linear-codes,99,5
codetables-gf9-123-6,codetables-nonbinary-linear-codes,100,5
codetables-gf9-124-6,codetables-nonbinary-linear-codes,101,5
codetables-gf9-125-6,codetables-nonbinary-linear-codes,102,5
codetables-gf9-127-6,codetables-nonbinary-linear-codes,103,5
codetables-gf9-128-6,codetables-nonbinary-linear-codes,104,5
codetables-gf9-129-6,codetables-nonbinary-linear-codes,105,5
codetables-gf9-130-6,codetables-nonbinary-linear-codes,106,5
codetables-gf9-90-6,codetables-nonbinary-linear-codes,71,5
codetables-gf9-91-6,codetables-nonbinary-linear-codes,72,5
codetables-gf9-92-6,codetables-nonbinary-linear-codes,73,5
codetables-gf9-96-6,codetables-nonbinary-linear-codes,76,5
codetables-gf9-97-6,codetables-nonbinary-linear-codes,77,5
codetables-gf9-98-6,codetables-nonbinary-linear-codes,78,5
codetables-gf9-99-6,codetables-nonbinary-linear-codes,79,5
codetables-gf3-100-11,codetables-nonbinary-linear-codes,54,6
codetables-gf3-102-12,codetables-nonbinary-linear-codes,54,6
codetables-gf3-103-12,codetables-nonbinary-linear-codes,54,6
codetables-gf3-105-11,codetables-nonbinary-linear-codes,57,6
codetables-gf3-106-11,codetables-nonbinary-linear-codes,58,6
codetables-gf3-109-11,codetables-nonbinary-linear-codes,60,6
codetables-gf3-109-12,codetables-nonbinary-linear-codes,58,6
codetables-gf3-110-11,codetables-nonbinary-linear-codes,60,6
codetables-gf3-110-12,codetables-nonbinary-linear-codes,59,6
codetables-gf3-111-11,codetables-nonbinary-linear-codes,61,6
codetables-gf3-111-12,codetables-nonbinary-linear-codes,60,6
codetables-gf3-112-10,codetables-nonbinary-linear-codes,63,6
codetables-gf3-112-11,codetables-nonbinary-linear-codes,62,6
codetables-gf3-112-12,codetables-nonbinary-linear-codes,60,6
codetables-gf3-113-12,codetables-nonbinary-linear-codes,61,6
codetables-gf3-114-11,codetables-nonbinary-linear-codes,63,6
codetables-gf3-114-12,codetables-nonbinary-linear-codes,62,6
codetables-gf3-116-11,codetables-nonbinary-linear-codes,64,6
codetables-gf3-116-12,codetables-nonbinary-linear-codes,63,6
codetables-gf3-117-11,codetables-nonbinary-linear-codes,65,6
codetables-gf3-118-11,codetables-nonbinary-linear-codes,66,6
codetables-gf3-118-12,codetables-nonbinary-linear-codes,64,6
codetables-gf3-119-11,codetables-nonbinary-linear-codes,66,6
codetables-gf3-119-12,codetables-nonbinary-linear-codes,65,6
codetables-gf3-120-11,codetables-nonbinary-linear-codes,67,6
codetables-gf3-120-12,codetables-nonbinary-linear-codes,66,6
codetables-gf3-121-11,codetables-nonbinary-linear-codes,68,6
codetables-gf3-121-12,codetables-nonbinary-linear-codes,66,6
codetables-gf3-123-11,codetables-nonbinary-linear-codes,69,6
codetables-gf3-124-11,codetables-nonbinary-linear-codes,70,6
codetables-gf3-124-12,codetables-nonbinary-linear-codes,68,6
codetables-gf3-125-12,codetables-nonbinary-linear-codes,69,6
codetables-gf3-126-12,codetables-nonbinary-linear-codes,69,6
codetables-gf3-127-11,codetables-nonbinary-linear-codes,72,6
codetables-gf3-128-11,codetables-nonbinary-linear-codes,72,6
codetables-gf3-131-11,codetables-nonbinary-linear-codes,74,6
codetables-gf3-132-11,codetables-nonbinary-linear-codes,75,6
codetables-gf3-135-12,codetables-nonbinary-linear-codes,75,6
codetables-gf3-137-11,codetables-nonbinary-linear-codes,78,6
codetables-gf3-138-12,codetables-nonbinary-linear-codes,77,6
codetables-gf3-139-12,codetables-nonbinary-linear-codes,78,6
codetables-gf3-140-10,codetables-nonbinary-linear-codes,81,6
codetables-gf3-141-10,codetables-nonbinary-linear-codes,82,6
codetables-gf3-144-10,codetables-nonbinary-linear-codes,84,6
codetables-gf3-145-10,codetables-nonbinary-linear-codes,84,6
codetables-gf3-146-10,codetables-nonbinary-linear-codes,85,6
codetables-gf3-146-11,codetables-nonbinary-linear-codes,84,6
codetables-gf3-147-10,codetables-nonbinary-linear-codes,86,6
codetables-gf3-149-10,codetables-nonbinary-linear-codes,87,6
codetables-gf3-151-10,codetables-nonbinary-linear-codes,88,6
codetables-gf3-152-10,codetables-nonbinary-linear-codes,89,6
codetables-gf3-153-10,codetables-nonbinary-linear-codes,90,6
codetables-gf3-154-10,codetables-nonbinary-linear-codes,90,6
codetables-gf3-155-10,codetables-nonbinary-linear-codes,91,6
codetables-gf3-156-10,codetables-nonbinary-linear-codes,92,6
codetables-gf3-162-10,codetables-nonbinary-linear-codes,96,6
codetables-gf3-163-10,codetables-nonbinary-linear-codes,96,6
codetables-gf3-164-10,codetables-nonbinary-linear-codes,97,6
codetables-gf3-165-10,codetables-nonbinary-linear-codes,98,6
codetables-gf3-166-10,codetables-nonbinary-linear-codes,98,6
codetables-gf3-167-10,codetables-nonbinary-linear-codes,99,6
codetables-gf3-168-10,codetables-nonbinary-linear-codes,100,6
codetables-gf3-172-10,codetables-nonbinary-linear-codes,102,6
codetables-gf3-173-10,codetables-nonbinary-linear-codes,103,6
codetables-gf3-175-10,codetables-nonbinary-linear-codes,104,6
codetables-gf3-176-10,codetables-nonbinary-linear-codes,105,6
codetables-gf3-177-10,codetables-nonbinary-linear-codes,105,6
codetables-gf3-178-10,codetables-nonbinary-linear-codes,106,6
codetables-gf3-179-10,codetables-nonbinary-linear-codes,107,6
codetables-gf3-181-10,codetables-nonbinary-linear-codes,108,6
codetables-gf3-184-10,codetables-nonbinary-linear-codes,109,6
codetables-gf3-185-10,codetables-nonbinary-linear-codes,110,6
codetables-gf3-186-10,codetables-nonbinary-linear-codes,111,6
codetables-gf3-189-10,codetables-nonbinary-linear-codes,113,6
codetables-gf3-190-10,codetables-nonbinary-linear-codes,114,6
codetables-gf3-193-9,codetables-nonbinary-linear-codes,117,6
codetables-gf3-195-10,codetables-nonbinary-linear-codes,117,6
codetables-gf3-200-10,codetables-nonbinary-linear-codes,120,6
codetables-gf3-201-9,codetables-nonbinary-linear-codes,123,6
codetables-gf3-202-9,codetables-nonbinary-linear-codes,123,6
codetables-gf3-203-10,codetables-nonbinary-linear-codes,122,6
codetables-gf3-204-10,codetables-nonbinary-linear-codes,123,6
codetables-gf3-207-10,codetables-nonbinary-linear-codes,125,6
codetables-gf3-207-8,codetables-nonbinary-linear-codes,129,6
codetables-gf3-207-9,codetables-nonbinary-linear-codes,126,6
codetables-gf3-208-10,codetables-nonbinary-linear-codes,126,6
codetables-gf3-208-9,codetables-nonbinary-linear-codes,127,6
codetables-gf3-209-9,codetables-nonbinary-linear-codes,128,6
codetables-gf3-210-9,codetables-nonbinary-linear-codes,129,6
codetables-gf3-211-9,codetables-nonbinary-linear-codes,129,6
codetables-gf3-212-10,codetables-nonbinary-linear-codes,128,6
codetables-gf3-213-10,codetables-nonbinary-linear-codes,129,6
codetables-gf3-216-10,codetables-nonbinary-linear-codes,131,6
codetables-gf3-216-9,codetables-nonbinary-linear-codes,132,6
codetables-gf3-217-10,codetables-nonbinary-linear-codes,132,6
codetables-gf3-217-9,codetables-nonbinary-linear-codes,133,6
codetables-gf3-218-10,codetables-nonbinary-linear-codes,133,6
codetables-gf3-218-11,codetables-nonbinary-linear-codes,131,6
codetables-gf3-218-9,codetables-nonbinary-linear-codes,134,6
codetables-gf3-219-10,codetables-nonbinary-linear-codes,134,6
codetables-gf3-219-9,codetables-nonbinary-linear-codes,135,6
codetables-gf3-222-10,codetables-nonbinary-linear-codes,135,6
codetables-gf3-222-11,codetables-nonbinary-linear-codes,134,6
codetables-gf3-223-10,codetables-nonbinary-linear-codes,136,6
codetables-gf3-224-10,codetables-nonbinary-linear-codes,137,6
codetables-gf3-225-10,codetables-nonbinary-linear-codes,137,6
codetables-gf3-226-11,codetables-nonbinary-linear-codes,137,6
codetables-gf3-229-11,codetables-nonbinary-linear-codes,139,6
codetables-gf3-97-12,codetables-nonbinary-linear-codes,51,6
codetables-gf3-98-12,codetables-nonbinary-linear-codes,51,6
codetables-gf3-99-12,codetables-nonbinary-linear-codes,52,6
codetables-gf4-101-9,codetables-nonbinary-linear-codes,64,6
codetables-gf4-102-9,codetables-nonbinary-linear-codes,65,6
codetables-gf4-106-9,codetables-nonbinary-linear-codes,68,6
codetables-gf4-107-9,codetables-nonbinary-linear-codes,68,6
codetables-gf4-108-9,codetables-nonbinary-linear-codes,69,6
codetables-gf4-109-9,codetables-nonbinary-linear-codes,70,6
codetables-gf4-112-9,codetables-nonbinary-linear-codes,72,6
codetables-gf4-113-9,codetables-nonbinary-linear-codes,73,6
codetables-gf4-133-9,codetables-nonbinary-linear-codes,88,6
codetables-gf4-134-9,codetables-nonbinary-linear-codes,88,6
codetables-gf4-137-9,codetables-nonbinary-linear-codes,90,6
codetables-gf4-138-9,codetables-nonbinary-linear-codes,91,6
codetables-gf4-139-9,codetables-nonbinary-linear-codes,92,6
codetables-gf4-141-9,codetables-nonbinary-linear-codes,93,6
codetables-gf4-142-9,codetables-nonbinary-linear-codes,94,6
codetables-gf4-143-9,codetables-nonbinary-linear-codes,95,6
codetables-gf4-144-9,codetables-nonbinary-linear-codes,96,6
codetables-gf4-145-9,codetables-nonbinary-linear-codes,96,6
codetables-gf4-149-9,codetables-nonbinary-linear-codes,99,6
codetables-gf4-150-9,codetables-nonbinary-linear-codes,100,6
codetables-gf4-157-9,codetables-nonbinary-linear-codes,105,6
codetables-gf4-158-9,codetables-nonbinary-linear-codes,106,6
codetables-gf4-159-9,codetables-nonbinary-linear-codes,107,6
codetables-gf4-163-9,codetables-nonbinary-linear-codes,110,6
codetables-gf4-164-9,codetables-nonbinary-linear-codes,110,6
codetables-gf4-165-8,codetables-nonbinary-linear-codes,112,6
codetables-gf4-165-9,codetables-nonbinary-linear-codes,111,6
codetables-gf4-166-8,codetables-nonbinary-linear-codes,113,6
codetables-gf4-166-9,codetables-nonbinary-linear-codes,112,6
codetables-gf4-167-9,codetables-nonbinary-linear-codes,113,6
codetables-gf4-173-9,codetables-nonbinary-linear-codes,117,6
codetables-gf4-174-9,codetables-nonbinary-linear-codes,118,6
codetables-gf4-176-9,codetables-nonbinary-linear-codes,119,6
codetables-gf4-177-9,codetables-nonbinary-linear-codes,120,6
codetables-gf4-178-8,codetables-nonbinary-linear-codes,122,6
codetables-gf4-180-9,codetables-nonbinary-linear-codes,122,6
codetables-gf4-181-8,codetables-nonbinary-linear-codes,124,6
codetables-gf4-183-9,codetables-nonbinary-linear-codes,124,6
codetables-gf4-192-8,codetables-nonbinary-linear-codes,132,6
codetables-gf4-193-8,codetables-nonbinary-linear-codes,133,6
codetables-gf4-197-8,codetables-nonbinary-linear-codes,136,6
codetables-gf4-199-9,codetables-nonbinary-linear-codes,136,6
codetables-gf4-203-8,codetables-nonbinary-linear-codes,140,6
codetables-gf4-204-8,codetables-nonbinary-linear-codes,141,6
codetables-gf4-205-8,codetables-nonbinary-linear-codes,142,6
codetables-gf4-208-8,codetables-nonbinary-linear-codes,144,6
codetables-gf4-209-8,codetables-nonbinary-linear-codes,144,6
codetables-gf4-210-7,codetables-nonbinary-linear-codes,148,6
codetables-gf4-210-8,codetables-nonbinary-linear-codes,145,6
codetables-gf4-210-9,codetables-nonbinary-linear-codes,144,6
codetables-gf4-211-7,codetables-nonbinary-linear-codes,149,6
codetables-gf4-211-8,codetables-nonbinary-linear-codes,146,6
codetables-gf4-212-7,codetables-nonbinary-linear-codes,150,6
codetables-gf4-212-8,codetables-nonbinary-linear-codes,147,6
codetables-gf4-214-8,codetables-nonbinary-linear-codes,148,6
codetables-gf4-215-7,codetables-nonbinary-linear-codes,152,6
codetables-gf4-215-8,codetables-nonbinary-linear-codes,149,6
codetables-gf4-216-7,codetables-nonbinary-linear-codes,153,6
codetables-gf4-216-8,codetables-nonbinary-linear-codes,150,6
codetables-gf4-217-7,codetables-nonbinary-linear-codes,154,6
codetables-gf4-219-8,codetables-nonbinary-linear-codes,152,6
codetables-gf4-220-8,codetables-nonbinary-linear-codes,153,6
codetables-gf4-222-8,codetables-nonbinary-linear-codes,154,6
codetables-gf4-223-8,codetables-nonbinary-linear-codes,155,6
codetables-gf4-224-8,codetables-nonbinary-linear-codes,156,6
codetables-gf4-225-8,codetables-nonbinary-linear-codes,156,6
codetables-gf4-226-8,codetables-nonbinary-linear-codes,157,6
codetables-gf4-227-8,codetables-nonbinary-linear-codes,158,6
codetables-gf4-228-8,codetables-nonbinary-linear-codes,159,6
codetables-gf4-230-8,codetables-nonbinary-linear-codes,160,6
codetables-gf4-231-8,codetables-nonbinary-linear-codes,161,6
codetables-gf4-232-8,codetables-nonbinary-linear-codes,162,6
codetables-gf4-235-8,codetables-nonbinary-linear-codes,164,6
codetables-gf4-237-8,codetables-nonbinary-linear-codes,165,6
codetables-gf4-238-8,codetables-nonbinary-linear-codes,166,6
codetables-gf4-239-8,codetables-nonbinary-linear-codes,167,6
codetables-gf4-240-8,codetables-nonbinary-linear-codes,168,6
codetables-gf4-251-8,codetables-nonbinary-linear-codes,176,6
codetables-gf4-93-9,codetables-nonbinary-linear-codes,58,6
codetables-gf4-96-9,codetables-nonbinary-linear-codes,60,6
codetables-gf4-97-9,codetables-nonbinary-linear-codes,61,6
codetables-gf7-100-7,codetables-nonbinary-linear-codes,75,6
codetables-gf7-91-7,codetables-nonbinary-linear-codes,67,6
codetables-gf7-92-7,codetables-nonbinary-linear-codes,68,6
codetables-gf7-93-7,codetables-nonbinary-linear-codes,69,6
codetables-gf7-94-7,codetables-nonbinary-linear-codes,70,6
codetables-gf7-99-7,codetables-nonbinary-linear-codes,74,6
codetables-gf9-126-6,codetables-nonbinary-linear-codes,102,6
codetables-gf3-104-12,codetables-nonbinary-linear-codes,54,7
codetables-gf3-106-12,codetables-nonbinary-linear-codes,55,7
codetables-gf3-107-12,codetables-nonbinary-linear-codes,56,7
codetables-gf3-108-12,codetables-nonbinary-linear-codes,57,7
codetables-gf3-115-11,codetables-nonbinary-linear-codes,63,7
codetables-gf3-117-12,codetables-nonbinary-linear-codes,63,7
codetables-gf3-122-12,codetables-nonbinary-linear-codes,66,7
codetables-gf3-123-12,codetables-nonbinary-linear-codes,67,7
codetables-gf3-127-12,codetables-nonbinary-linear-codes,69,7
codetables-gf3-129-11,codetables-nonbinary-linear-codes,72,7
codetables-gf3-130-11,codetables-nonbinary-linear-codes,73,7
codetables-gf3-132-12,codetables-nonbinary-linear-codes,72,7
codetables-gf3-133-11,codetables-nonbinary-linear-codes,75,7
codetables-gf3-133-12,codetables-nonbinary-linear-codes,73,7
codetables-gf3-134-11,codetables-nonbinary-linear-codes,75,7
codetables-gf3-134-12,codetables-nonbinary-linear-codes,74,7
codetables-gf3-135-11,codetables-nonbinary-linear-codes,76,7
codetables-gf3-136-11,codetables-nonbinary-linear-codes,77,7
codetables-gf3-136-12,codetables-nonbinary-linear-codes,75,7
codetables-gf3-137-12,codetables-nonbinary-linear-codes,76,7
codetables-gf3-138-11,codetables-nonbinary-linear-codes,78,7
codetables-gf3-140-11,codetables-nonbinary-linear-codes,79,7
codetables-gf3-140-12,codetables-nonbinary-linear-codes,78,7
codetables-gf3-141-11,codetables-nonbinary-linear-codes,80,7
codetables-gf3-141-12,codetables-nonbinary-linear-codes,78,7
codetables-gf3-142-11,codetables-nonbinary-linear-codes,81,7
codetables-gf3-143-11,codetables-nonbinary-linear-codes,81,7
codetables-gf3-144-11,codetables-nonbinary-linear-codes,82,7
codetables-gf3-144-12,codetables-nonbinary-linear-codes,80,7
codetables-gf3-145-11,codetables-nonbinary-linear-codes,83,7
codetables-gf3-145-12,codetables-nonbinary-linear-codes,81,7
codetables-gf3-146-12,codetables-nonbinary-linear-codes,82,7
codetables-gf3-147-11,codetables-nonbinary-linear-codes,84,7
codetables-gf3-147-12,codetables-nonbinary-linear-codes,82,7
codetables-gf3-150-10,codetables-nonbinary-linear-codes,87,7
codetables-gf3-152-11,codetables-nonbinary-linear-codes,87,7
codetables-gf3-155-11,codetables-nonbinary-linear-codes,89,7
codetables-gf3-156-11,codetables-nonbinary-linear-codes,90,7
codetables-gf3-159-12,codetables-nonbinary-linear-codes,90,7
codetables-gf3-161-11,codetables-nonbinary-linear-codes,93,7
codetables-gf3-168-12,codetables-nonbinary-linear-codes,96,7
codetables-gf3-175-11,codetables-nonbinary-linear-codes,102,7
codetables-gf3-182-10,codetables-nonbinary-linear-codes,108,7
codetables-gf3-183-10,codetables-nonbinary-linear-codes,108,7
codetables-gf3-183-11,codetables-nonbinary-linear-codes,107,7
codetables-gf3-184-11,codetables-nonbinary-linear-codes,108,7
codetables-gf3-185-11,codetables-nonbinary-linear-codes,108,7
codetables-gf3-187-10,codetables-nonbinary-linear-codes,111,7
codetables-gf3-188-10,codetables-nonbinary-linear-codes,112,7
codetables-gf3-191-10,codetables-nonbinary-linear-codes,114,7
codetables-gf3-192-10,codetables-nonbinary-linear-codes,114,7
codetables-gf3-193-10,codetables-nonbinary-linear-codes,115,7
codetables-gf3-194-10,codetables-nonbinary-linear-codes,116,7
codetables-gf3-196-10,codetables-nonbinary-linear-codes,117,7
codetables-gf3-197-10,codetables-nonbinary-linear-codes,117,7
codetables-gf3-198-10,codetables-nonbinary-linear-codes,118,7
codetables-gf3-199-10,codetables-nonbinary-linear-codes,119,7
codetables-gf3-201-10,codetables-nonbinary-linear-codes,120,7
codetables-gf3-202-10,codetables-nonbinary-linear-codes,121,7
codetables-gf3-205-10,codetables-nonbinary-linear-codes,123,7
codetables-gf3-206-10,codetables-nonbinary-linear-codes,124,7
codetables-gf3-209-10,codetables-nonbinary-linear-codes,126,7
codetables-gf3-210-10,codetables-nonbinary-linear-codes,127,7
codetables-gf3-211-10,codetables-nonbinary-linear-codes,127,7
codetables-gf3-212-11,codetables-nonbinary-linear-codes,126,7
codetables-gf3-213-11,codetables-nonbinary-linear-codes,127,7
codetables-gf3-214-10,codetables-nonbinary-linear-codes,129,7
codetables-gf3-214-11,codetables-nonbinary-linear-codes,128,7
codetables-gf3-215-10,codetables-nonbinary-linear-codes,130,7
codetables-gf3-217-11,codetables-nonbinary-linear-codes,130,7
codetables-gf3-219-11,codetables-nonbinary-linear-codes,131,7
codetables-gf3-220-11,codetables-nonbinary-linear-codes,132,7
codetables-gf3-221-11,codetables-nonbinary-linear-codes,133,7
codetables-gf3-223-11,codetables-nonbinary-linear-codes,134,7
codetables-gf3-224-11,codetables-nonbinary-linear-codes,135,7
codetables-gf3-225-11,codetables-nonbinary-linear-codes,136,7
codetables-gf4-135-9,codetables-nonbinary-linear-codes,88,7
codetables-gf4-136-9,codetables-nonbinary-linear-codes,89,7
codetables-gf4-140-9,codetables-nonbinary-linear-codes,92,7
codetables-gf4-146-9,codetables-nonbinary-linear-codes,96,7
codetables-gf4-147-9,codetables-nonbinary-linear-codes,97,7
codetables-gf4-148-9,codetables-nonbinary-linear-codes,98,7
codetables-gf4-151-9,codetables-nonbinary-linear-codes,100,7
codetables-gf4-152-9,codetables-nonbinary-linear-codes,101,7
codetables-gf4-153-9,codetables-nonbinary-linear-codes,101,7
codetables-gf4-154-9,codetables-nonbinary-linear-codes,102,7
codetables-gf4-155-9,codetables-nonbinary-linear-codes,103,7
codetables-gf4-156-9,codetables-nonbinary-linear-codes,104,7
codetables-gf4-175-9,codetables-nonbinary-linear-codes,118,7
codetables-gf4-178-9,codetables-nonbinary-linear-codes,120,7
codetables-gf4-179-9,codetables-nonbinary-linear-codes,121,7
codetables-gf4-181-9,codetables-nonbinary-linear-codes,122,7
codetables-gf4-182-9,codetables-nonbinary-linear-codes,123,7
codetables-gf4-184-9,codetables-nonbinary-linear-codes,124,7
codetables-gf4-185-9,codetables-nonbinary-linear-codes,125,7
codetables-gf4-186-9,codetables-nonbinary-linear-codes,126,7
codetables-gf4-187-9,codetables-nonbinary-linear-codes,126,7
codetables-gf4-188-9,codetables-nonbinary-linear-codes,127,7
codetables-gf4-189-9,codetables-nonbinary-linear-codes,128,7
codetables-gf4-191-9,codetables-nonbinary-linear-codes,129,7
codetables-gf4-192-9,codetables-nonbinary-linear-codes,130,7
codetables-gf4-193-9,codetables-nonbinary-linear-codes,131,7
codetables-gf4-194-9,codetables-nonbinary-linear-codes,132,7
codetables-gf4-195-9,codetables-nonbinary-linear-codes,132,7
codetables-gf4-196-9,codetables-nonbinary-linear-codes,133,7
codetables-gf4-197-9,codetables-nonbinary-linear-codes,134,7
codetables-gf4-198-9,codetables-nonbinary-linear-codes,135,7
codetables-gf4-200-9,codetables-nonbinary-linear-codes,136,7
codetables-gf4-207-9,codetables-nonbinary-linear-codes,141,7
codetables-gf4-208-9,codetables-nonbinary-linear-codes,142,7
codetables-gf4-209-9,codetables-nonbinary-linear-codes,143,7
codetables-gf4-211-9,codetables-nonbinary-linear-codes,144,7
codetables-gf4-214-9,codetables-nonbinary-linear-codes,146,7
codetables-gf4-215-9,codetables-nonbinary-linear-codes,147,7
codetables-gf4-216-9,codetables-nonbinary-linear-codes,148,7
codetables-gf4-222-9,codetables-nonbinary-linear-codes,152,7
codetables-gf4-236-8,codetables-nonbinary-linear-codes,164,7
codetables-gf4-252-8,codetables-nonbinary-linear-codes,176,7
codetables-gf4-253-8,codetables-nonbinary-linear-codes,177,7
codetables-gf4-254-8,codetables-nonbinary-linear-codes,178,7
codetables-gf4-255-8,codetables-nonbinary-linear-codes,179,7
codetables-gf4-256-8,codetables-nonbinary-linear-codes,180,7
codetables-gf3-105-12,codetables-nonbinary-linear-codes,54,8
codetables-gf3-128-12,codetables-nonbinary-linear-codes,69,8
codetables-gf3-129-12,codetables-nonbinary-linear-codes,69,8
codetables-gf3-130-12,codetables-nonbinary-linear-codes,70,8
codetables-gf3-131-12,codetables-nonbinary-linear-codes,71,8
codetables-gf3-139-11,codetables-nonbinary-linear-codes,78,8
codetables-gf3-142-12,codetables-nonbinary-linear-codes,78,8
codetables-gf3-143-12,codetables-nonbinary-linear-codes,79,8
codetables-gf3-148-11,codetables-nonbinary-linear-codes,84,8
codetables-gf3-148-12,codetables-nonbinary-linear-codes,82,8
codetables-gf3-149-11,codetables-nonbinary-linear-codes,84,8
codetables-gf3-150-11,codetables-nonbinary-linear-codes,85,8
codetables-gf3-150-12,codetables-nonbinary-linear-codes,83,8
codetables-gf3-151-11,codetables-nonbinary-linear-codes,86,8
codetables-gf3-153-11,codetables-nonbinary-linear-codes,87,8
codetables-gf3-153-12,codetables-nonbinary-linear-codes,85,8
codetables-gf3-154-11,codetables-nonbinary-linear-codes,88,8
codetables-gf3-154-12,codetables-nonbinary-linear-codes,86,8
codetables-gf3-155-12,codetables-nonbinary-linear-codes,87,8
codetables-gf3-156-12,codetables-nonbinary-linear-codes,87,8
codetables-gf3-157-11,codetables-nonbinary-linear-codes,90,8
codetables-gf3-157-12,codetables-nonbinary-linear-codes,88,8
codetables-gf3-158-11,codetables-nonbinary-linear-codes,90,8
codetables-gf3-158-12,codetables-nonbinary-linear-codes,89,8
codetables-gf3-159-11,codetables-nonbinary-linear-codes,91,8
codetables-gf3-160-11,codetables-nonbinary-linear-codes,92,8
codetables-gf3-160-12,codetables-nonbinary-linear-codes,90,8
codetables-gf3-162-11,codetables-nonbinary-linear-codes,93,8
codetables-gf3-162-12,codetables-nonbinary-linear-codes,91,8
codetables-gf3-163-11,codetables-nonbinary-linear-codes,93,8
codetables-gf3-163-12,codetables-nonbinary-linear-codes,92,8
codetables-gf3-164-11,codetables-nonbinary-linear-codes,94,8
codetables-gf3-164-12,codetables-nonbinary-linear-codes,93,8
codetables-gf3-165-11,codetables-nonbinary-linear-codes,95,8
codetables-gf3-165-12,codetables-nonbinary-linear-codes,93,8
codetables-gf3-166-11,codetables-nonbinary-linear-codes,96,8
codetables-gf3-166-12,codetables-nonbinary-linear-codes,94,8
codetables-gf3-167-11,codetables-nonbinary-linear-codes,96,8
codetables-gf3-167-12,codetables-nonbinary-linear-codes,95,8
codetables-gf3-169-12,codetables-nonbinary-linear-codes,96,8
codetables-gf3-170-11,codetables-nonbinary-linear-codes,98,8
codetables-gf3-171-11,codetables-nonbinary-linear-codes,99,8
codetables-gf3-172-11,codetables-nonbinary-linear-codes,99,8
codetables-gf3-173-11,codetables-nonbinary-linear-codes,100,8
codetables-gf3-174-11,codetables-nonbinary-linear-codes,101,8
codetables-gf3-176-11,codetables-nonbinary-linear-codes,102,8
codetables-gf3-177-12,codetables-nonbinary-linear-codes,101,8
codetables-gf3-178-11,codetables-nonbinary-linear-codes,103,8
codetables-gf3-178-12,codetables-nonbinary-linear-codes,102,8
codetables-gf3-179-11,codetables-nonbinary-linear-codes,104,8
codetables-gf3-180-11,codetables-nonbinary-linear-codes,105,8
codetables-gf3-180-12,codetables-nonbinary-linear-codes,103,8
codetables-gf3-181-11,codetables-nonbinary-linear-codes,105,8
codetables-gf3-181-12,codetables-nonbinary-linear-codes,104,8
codetables-gf3-182-11,codetables-nonbinary-linear-codes,106,8
codetables-gf3-182-12,codetables-nonbinary-linear-codes,105,8
codetables-gf3-183-12,codetables-nonbinary-linear-codes,105,8
codetables-gf3-184-12,codetables-nonbinary-linear-codes,106,8
codetables-gf3-186-11,codetables-nonbinary-linear-codes,108,8
codetables-gf3-190-11,codetables-nonbinary-linear-codes,111,8
codetables-gf3-193-11,codetables-nonbinary-linear-codes,113,8
codetables-gf3-194-11,codetables-nonbinary-linear-codes,114,8
codetables-gf3-195-11,codetables-nonbinary-linear-codes,114,8
codetables-gf3-196-11,codetables-nonbinary-linear-codes,115,8
codetables-gf3-198-11,codetables-nonbinary-linear-codes,116,8
codetables-gf3-199-11,codetables-nonbinary-linear-codes,117,8
codetables-gf3-200-11,codetables-nonbinary-linear-codes,118,8
codetables-gf3-201-11,codetables-nonbinary-linear-codes,118,8
codetables-gf3-202-11,codetables-nonbinary-linear-codes,119,8
codetables-gf3-203-11,codetables-nonbinary-linear-codes,120,8
codetables-gf3-204-11,codetables-nonbinary-linear-codes,120,8
codetables-gf3-205-11,codetables-nonbinary-linear-codes,121,8
codetables-gf3-206-11,codetables-nonbinary-linear-codes,122,8
codetables-gf3-207-11,codetables-nonbinary-linear-codes,123,8
codetables-gf3-208-11,codetables-nonbinary-linear-codes,123,8
codetables-gf3-209-11,codetables-nonbinary-linear-codes,124,8
codetables-gf3-210-11,codetables-nonbinary-linear-codes,125,8
codetables-gf3-211-11,codetables-nonbinary-linear-codes,125,8
codetables-gf3-215-11,codetables-nonbinary-linear-codes,128,8
codetables-gf3-216-11,codetables-nonbinary-linear-codes,129,8
codetables-gf4-190-9,codetables-nonbinary-linear-codes,128,8
codetables-gf4-201-9,codetables-nonbinary-linear-codes,136,8
codetables-gf4-203-9,codetables-nonbinary-linear-codes,137,8
codetables-gf4-204-9,codetables-nonbinary-linear-codes,138,8
codetables-gf4-205-9,codetables-nonbinary-linear-codes,139,8
codetables-gf4-206-9,codetables-nonbinary-linear-codes,140,8
codetables-gf4-212-9,codetables-nonbinary-linear-codes,144,8
codetables-gf4-213-9,codetables-nonbinary-linear-codes,145,8
codetables-gf4-217-9,codetables-nonbinary-linear-codes,148,8
codetables-gf4-218-9,codetables-nonbinary-linear-codes,148,8
codetables-gf4-219-9,codetables-nonbinary-linear-codes,149,8
codetables-gf4-220-9,codetables-nonbinary-linear-codes,150,8
codetables-gf4-221-9,codetables-nonbinary-linear-codes,151,8
codetables-gf4-223-9,codetables-nonbinary-linear-codes,152,8
codetables-gf4-226-9,codetables-nonbinary-linear-codes,154,8
codetables-gf4-227-9,codetables-nonbinary-linear-codes,155,8
codetables-gf4-228-9,codetables-nonbinary-linear-codes,156,8
codetables-gf4-230-9,codetables-nonbinary-linear-codes,157,8
codetables-gf4-231-9,codetables-nonbinary-linear-codes,158,8
codetables-gf4-232-9,codetables-nonbinary-linear-codes,159,8
codetables-gf4-233-9,codetables-nonbinary-linear-codes,160,8
codetables-gf4-234-9,codetables-nonbinary-linear-codes,160,8
codetables-gf4-238-9,codetables-nonbinary-linear-codes,163,8
codetables-gf4-239-9,codetables-nonbinary-linear-codes,164,8
codetables-gf4-242-9,codetables-nonbinary-linear-codes,166,8
codetables-gf4-243-9,codetables-nonbinary-linear-codes,167,8
codetables-gf4-244-9,codetables-nonbinary-linear-codes,168,8
codetables-gf4-245-9,codetables-nonbinary-linear-codes,168,8
codetables-gf4-246-9,codetables-nonbinary-linear-codes,169,8
codetables-gf4-247-9,codetables-nonbinary-linear-codes,170,8
codetables-gf4-248-9,codetables-nonbinary-linear-codes,171,8
codetables-gf4-249-9,codetables-nonbinary-linear-codes,172,8
codetables-gf4-250-9,codetables-nonbinary-linear-codes,172,8
codetables-gf4-251-9,codetables-nonbinary-linear-codes,173,8
codetables-gf4-252-9,codetables-nonbinary-linear-codes,174,8
codetables-gf4-253-9,codetables-nonbinary-linear-codes,175,8
codetables-gf4-254-9,codetables-nonbinary-linear-codes,176,8
codetables-gf3-149-12,codetables-nonbinary-linear-codes,82,9
codetables-gf3-151-12,codetables-nonbinary-linear-codes,83,9
codetables-gf3-152-12,codetables-nonbinary-linear-codes,84,9
codetables-gf3-161-12,codetables-nonbinary-linear-codes,90,9
codetables-gf3-168-11,codetables-nonbinary-linear-codes,96,9
codetables-gf3-169-11,codetables-nonbinary-linear-codes,97,9
codetables-gf3-170-12,codetables-nonbinary-linear-codes,96,9
codetables-gf3-171-12,codetables-nonbinary-linear-codes,96,9
codetables-gf3-172-12,codetables-nonbinary-linear-codes,97,9
codetables-gf3-173-12,codetables-nonbinary-linear-codes,98,9
codetables-gf3-174-12,codetables-nonbinary-linear-codes,98,9
codetables-gf3-175-12,codetables-nonbinary-linear-codes,99,9
codetables-gf3-176-12,codetables-nonbinary-linear-codes,100,9
codetables-gf3-177-11,codetables-nonbinary-linear-codes,102,9
codetables-gf3-179-12,codetables-nonbinary-linear-codes,102,9
codetables-gf3-185-12,codetables-nonbinary-linear-codes,106,9
codetables-gf3-186-12,codetables-nonbinary-linear-codes,106,9
codetables-gf3-187-11,codetables-nonbinary-linear-codes,108,9
codetables-gf3-187-12,codetables-nonbinary-linear-codes,107,9
codetables-gf3-188-11,codetables-nonbinary-linear-codes,109,9
codetables-gf3-188-12,codetables-nonbinary-linear-codes,108,9
codetables-gf3-189-11,codetables-nonbinary-linear-codes,110,9
codetables-gf3-189-12,codetables-nonbinary-linear-codes,108,9
codetables-gf3-191-11,codetables-nonbinary-linear-codes,111,9
codetables-gf3-192-11,codetables-nonbinary-linear-codes,112,9
codetables-gf3-192-12,codetables-nonbinary-linear-codes,110,9
codetables-gf3-193-12,codetables-nonbinary-linear-codes,111,9
codetables-gf3-197-11,codetables-nonbinary-linear-codes,115,9
codetables-gf3-198-12,codetables-nonbinary-linear-codes,114,9
codetables-gf3-201-12,codetables-nonbinary-linear-codes,116,9
codetables-gf3-202-12,codetables-nonbinary-linear-codes,117,9
codetables-gf3-207-12,codetables-nonbinary-linear-codes,120,9
codetables-gf3-234-12,codetables-nonbinary-linear-codes,138,9
codetables-gf3-243-12,codetables-nonbinary-linear-codes,144,9
codetables-gf4-202-9,codetables-nonbinary-linear-codes,136,9
codetables-gf4-224-9,codetables-nonbinary-linear-codes,152,9
codetables-gf4-225-9,codetables-nonbinary-linear-codes,153,9
codetables-gf4-229-9,codetables-nonbinary-linear-codes,156,9
codetables-gf4-235-9,codetables-nonbinary-linear-codes,160,9
codetables-gf4-236-9,codetables-nonbinary-linear-codes,161,9
codetables-gf4-237-9,codetables-nonbinary-linear-codes,162,9
codetables-gf4-240-9,codetables-nonbinary-linear-codes,164,9
codetables-gf4-241-9,codetables-nonbinary-linear-codes,165,9
codetables-gf4-255-9,codetables-nonbinary-linear-codes,176,9
codetables-gf3-190-12,codetables-nonbinary-linear-codes,108,10
codetables-gf3-191-12,codetables-nonbinary-linear-codes,109,10
codetables-gf3-194-12,codetables-nonbinary-linear-codes,111,10
codetables-gf3-195-12,codetables-nonbinary-linear-codes,111,10
codetables-gf3-196-12,codetables-nonbinary-linear-codes,112,10
codetables-gf3-197-12,codetables-nonbinary-linear-codes,113,10
codetables-gf3-199-12,codetables-nonbinary-linear-codes,114,10
codetables-gf3-200-12,codetables-nonbinary-linear-codes,115,10
codetables-gf3-203-12,codetables-nonbinary-linear-codes,117,10
codetables-gf3-204-12,codetables-nonbinary-linear-codes,117,10
codetables-gf3-205-12,codetables-nonbinary-linear-codes,118,10
codetables-gf3-206-12,codetables-nonbinary-linear-codes,119,10
codetables-gf3-208-12,codetables-nonbinary-linear-codes,120,10
codetables-gf3-212-12,codetables-nonbinary-linear-codes,123,10
codetables-gf3-213-12,codetables-nonbinary-linear-codes,123,10
codetables-gf3-214-12,codetables-nonbinary-linear-codes,124,10
codetables-gf3-215-12,codetables-nonbinary-linear-codes,125,10
codetables-gf3-216-12,codetables-nonbinary-linear-codes,126,10
codetables-gf3-219-12,codetables-nonbinary-linear-codes,127,10
codetables-gf3-220-12,codetables-nonbinary-linear-codes,128,10
codetables-gf3-221-12,codetables-nonbinary-linear-codes,129,10
codetables-gf3-223-12,codetables-nonbinary-linear-codes,130,10
codetables-gf3-224-12,codetables-nonbinary-linear-codes,131,10
codetables-gf3-225-12,codetables-nonbinary-linear-codes,132,10
codetables-gf3-228-12,codetables-nonbinary-linear-codes,133,10
codetables-gf3-229-12,codetables-nonbinary-linear-codes,134,10
codetables-gf3-231-12,codetables-nonbinary-linear-codes,135,10
codetables-gf3-232-12,codetables-nonbinary-linear-codes,136,10
codetables-gf3-233-12,codetables-nonbinary-linear-codes,137,10
codetables-gf3-235-12,codetables-nonbinary-linear-codes,138,10
codetables-gf3-237-12,codetables-nonbinary-linear-codes,139,10
codetables-gf3-238-12,codetables-nonbinary-linear-codes,140,10
codetables-gf3-240-12,codetables-nonbinary-linear-codes,141,10
codetables-gf3-241-12,codetables-nonbinary-linear-codes,142,10
codetables-gf3-242-12,codetables-nonbinary-linear-codes,143,10
codetables-gf4-256-9,codetables-nonbinary-linear-codes,176,10
codetables-gf3-209-12,codetables-nonbinary-linear-codes,120,11
codetables-gf3-210-12,codetables-nonbinary-linear-codes,121,11
codetables-gf3-211-12,codetables-nonbinary-linear-codes,122,11
codetables-gf3-217-12,codetables-nonbinary-linear-codes,126,11
codetables-gf3-218-12,codetables-nonbinary-linear-codes,126,11
codetables-gf3-222-12,codetables-nonbinary-linear-codes,129,11
codetables-gf3-226-12,codetables-nonbinary-linear-codes,132,11
codetables-gf3-227-12,codetables-nonbinary-linear-codes,132,11
codetables-gf3-230-12,codetables-nonbinary-linear-codes,134,11
codetables-gf3-236-12,codetables-nonbinary-linear-codes,138,11
codetables-gf3-239-12,codetables-nonbinary-linear-codes,140,11
